order_number,sku_id,product_rating,seller_rating,delivery_rating,review_title,review_content,buyer_nickname,review_date,likes,has_images,verified_purchase,seller_reply,synthetic_sentiment_label,synthetic_topic
789134845834154,LZ049273160,1,1,1,Not worth the price,Threads are coming loose around the label patch.,N***a,2026-06-11,0,No,Yes,"Thank you for the feedback. We've passed it to our quality team and would like to make it right, so please contact us.",negative,quality
991513899540005,LZ289650105,5,5,5,Love it!,Stitching is neat and the Sand looks premium. Will buy again.,W***n,2026-06-18,0,No,Yes,Thank you so much for shopping with LoopCycle!,positive,quality
377160002440590,LZ261906131,5,5,5,Sturdy and stylish,Got so many compliments at the office already. The weave is tight and the fabric wipes clean easily. Recommended seller.,J***o,2026-06-18,1,Yes,Yes,We're so glad you like it. Every bag keeps 14 bottles in use!,positive,appearance
535994254834889,LZ340448452,5,5,5,Sturdy and stylish,"The QR tag inside is a nice touch, I scanned it and saw which hub my bottles came from.",R***a,2026-06-20,0,No,Yes,We're so glad you like it. Every bag keeps 14 bottles in use!,positive,sustainability
250539600522061,LZ737507414,2,2,2,Stitching came apart,Threads are coming loose around the label patch. There is a strong plastic smell that has not gone away after airing it for days.,Y***a,2026-06-23,1,No,Yes,"Thank you for the feedback. We've passed it to our quality team and would like to make it right, so please contact us.",negative,quality
715641316549594,LZ956697474,5,5,5,Beautiful colour,"I love that it is made from 14 recycled bottles, it feels good to carry. Delivery was quick, only 3 days. Will buy again.",B***u,2026-07-03,0,No,Yes,,positive,sustainability
844765981205675,LZ961232899,3,3,3,It's okay,"Average. The size is fine for daily use but it doesn't stand up by itself. Good idea and the bag is fine, though I expected it to feel a bit thicker.",A***i,2026-07-11,0,No,Yes,Thanks for the honest feedback! We'll keep improving.,neutral,size
523347117258274,LZ688156534,5,5,5,Worth it,Love this tote! The Indigo colour looks just like the photos. Great product for a great cause.,R***y,2026-07-15,1,No,Yes,,positive,appearance
825923223267682,LZ458392075,1,1,1,Stitching came apart,"The Sand looks much darker than in the pictures. No inner pocket or zip, things fall to the bottom. Hope the quality improves.",G***h,2026-07-22,2,No,Yes,"Thank you for the feedback. We've passed it to our quality team and would like to make it right, so please contact us.",negative,appearance
303802275246125,LZ935895580,5,5,5,Perfect everyday bag,"Stitching is neat and the Sea-green looks premium. Surprisingly roomy. My laptop, lunch box and water bottle all fit. Highly recommended!",S***i,2026-08-08,1,No,Yes,Thank you for supporting our waste pickers! 💚,positive,quality
624737402349703,LZ584426683,5,5,5,Worth it,"Surprisingly roomy. My laptop, lunch box and water bottle all fit. The weave is tight and the fabric wipes clean easily. Great product for a great cause.",I***n,2026-08-11,0,Yes,Yes,,positive,size
395401747115648,LZ832803856,1,1,1,Box crushed,"Parcel arrived wet because the packaging was too thin. Hoping the bag is okay, I'm only rating the packaging.",R***a,2026-08-14,2,No,Yes,Sorry the parcel arrived damaged. Please send us a photo and we will send a replacement.,unrelated,packaging_damage
789510240145446,LZ979094043,4,4,4,Decent but nothing special,"The fabric is a bit stiff at first, maybe it will soften with use. Good idea and the bag is fine, though I expected it to feel a bit thicker.",R***a,2026-08-16,0,No,Yes,,neutral,quality
970242563600385,LZ847293883,4,4,4,It's okay,"Decent quality for the price, but the Sea-green is a little duller than in the photos. Nice concept. The bag is functional, but the price is a little high for what it is.",R***y,2026-08-16,0,No,Yes,Thanks for the honest feedback! We'll keep improving.,neutral,appearance
891668354369166,LZ765677924,5,5,5,Perfect everyday bag,"I love that it is made from 14 recycled bottles, it feels good to carry. Recommended seller.",L***i,2026-08-25,0,Yes,Yes,,positive,sustainability
147243751232378,LZ946456917,5,5,5,Beautiful colour,Colour is rich and has not faded after a few washes. Arrived fast and well packed.,H***a,2026-08-26,0,No,Yes,We're so glad you like it. Every bag keeps 14 bottles in use!,positive,appearance
506006290481978,LZ512727113,4,4,2,Took too long,"Took 3 days to arrive, much longer than promised.",S***i,2026-08-30,0,No,Yes,,unrelated,delivery_delay
808002645936602,LZ027890369,5,5,5,Beautiful colour,"Handles are comfortable on the shoulder. Exactly what I wanted for a sustainable everyday bag. Delivery was quick, only 2 days.",F***r,2026-08-31,0,No,Yes,,positive,comfort
522162521221837,LZ012076566,2,2,2,Disappointed,Threads are coming loose around the label patch.,A***i,2026-09-02,2,No,Yes,"Thank you for the feedback. We've passed it to our quality team and would like to make it right, so please contact us.",negative,quality
218604400805499,LZ556491512,5,5,5,Sturdy and stylish,Handles are comfortable on the shoulder. Arrived fast and well packed.,H***a,2026-09-04,2,No,Yes,,positive,comfort
533253994582253,LZ861740845,5,5,5,Worth it,"Got so many compliments at the office already. Folds small and fits in my backpack when I'm not using it. Packaging was neat and plastic-free, which I appreciated.",A***u,2026-09-06,1,No,Yes,,positive,appearance
206345619263584,LZ127346368,5,5,5,Great recycled tote,"Exactly what I wanted for a sustainable everyday bag. Lightweight but strong, and no weird plastic smell. Packaging was neat and plastic-free, which I appreciated.",F***r,2026-09-07,0,Yes,Yes,Thanks for your review! Enjoy your Loop Tote.,positive,usability
458632116772591,LZ248090366,3,3,3,It's okay,"Decent quality for the price, but the Sand is a little duller than in the photos. Bag arrived as described. I'll see how it holds up after a few washes.",I***n,2026-09-24,1,No,Yes,,neutral,appearance
131557099771223,LZ628278597,4,4,4,Great recycled tote,"Handles are comfortable on the shoulder. Lightweight but strong, and no weird plastic smell. Highly recommended!",P***i,2026-09-27,0,Yes,Yes,,positive,comfort
