invoice_number,product_id,product_name,variant_name,rating,review_message,reviewer_name,review_time,helpful_count,attachment_count,seller_response,response_time,synthetic_sentiment_label,synthetic_topic
INV/20260602/MPL/397676240,TKP81280210,"Loop Tote, Sand",Sand,5,Handles are comfortable on the shoulder. Recommended!,D***i,2026-06-08 07:59,0,0,,,positive,comfort
INV/20260608/MPL/510940955,TKP99072324,"Loop Tote, Sand",Sand,2,The box was crushed and the plastic mailer was torn when it arrived. 😞,I***n,2026-06-13 17:04,3,2,,,unrelated,packaging_damage
INV/20260612/MPL/272125875,TKP27308555,"Loop Tote, Sea-green",Sea-green,3,The voucher didn't apply at checkout so I paid full price.,I***n,2026-06-18 17:55,1,0,Sorry for the trouble. Please contact the platform support with a screenshot and we'll help too.,2026-06-18 21:55,unrelated,voucher_checkout
INV/20260615/MPL/339047040,TKP58271774,"Loop Tote, Sea-green",Sea-green,5,Good value for a bag with such a good story behind it. Recommended seller.,B***u,2026-06-20 20:51,0,0,,,positive,value
INV/20260620/MPL/340721190,TKP60184965,"Loop Tote, Sea-green",Sea-green,5,Stitching is neat and the Sea-green looks premium. Bought another one as a gift.,R***a,2026-06-22 10:51,0,0,,,positive,quality
INV/20260619/MPL/273379373,TKP64065576,"Loop Tote, Indigo",Indigo,4,Handles are comfortable on the shoulder. Worth every rupiah.,S***i,2026-06-23 07:54,1,0,,,positive,comfort
INV/20260616/MPL/167738608,TKP92550329,"Loop Tote, Sand",Sand,5,Folds small and fits in my backpack when I'm not using it. Five stars. 👍,B***i,2026-06-23 20:53,0,0,,,positive,usability
INV/20260617/MPL/856364233,TKP64632102,"Loop Tote, Sea-green",Sea-green,5,"Sturdy and well made, the handles feel strong even with a laptop inside.",T***i,2026-06-24 07:23,1,2,Thanks for your review! Enjoy your Loop Tote.,2026-06-25 10:23,positive,quality
INV/20260624/MPL/638699252,TKP96574989,"Loop Tote, Sea-green",Sea-green,5,"I love that it is made from 14 recycled bottles, it feels good to carry. Thank you LoopCycle!",G***h,2026-06-27 15:45,3,0,We're so glad you like it. Every bag keeps 14 bottles in use!,2026-06-29 23:45,positive,sustainability
INV/20260621/MPL/204660155,TKP00998083,"Loop Tote, Sand",Sand,1,"Fabric feels rough and stiff, not as soft as I thought. Disappointed. 😞",R***a,2026-06-29 18:25,2,0,,,negative,quality
INV/20260626/MPL/755840837,TKP93827621,"Loop Tote, Sand",Sand,3,"Delivery was delayed because of the courier, the bag arrived 3 days after I ordered.",T***i,2026-07-03 10:27,0,1,,,unrelated,delivery_delay
INV/20260714/MPL/651851982,TKP05461831,"Loop Tote, Indigo",Indigo,5,"Lightweight but strong, and no weird plastic smell. Recommended seller. 🙏",F***r,2026-07-19 10:11,0,0,,,positive,quality
INV/20260715/MPL/695236455,TKP78931695,"Loop Tote, Indigo",Indigo,2,Threads are coming loose around the label patch. 😡,D***i,2026-07-19 22:33,3,0,We're sorry to hear this. Please message us with your order number so we can look into it.,2026-07-21 05:33,negative,quality
INV/20260714/MPL/150559982,TKP98523452,"Loop Tote, Sea-green",Sea-green,2,The handles are too short for shoulder carry.,A***u,2026-07-22 19:01,3,0,,,negative,comfort
INV/20260722/MPL/245823202,TKP92686855,"Loop Tote, Indigo",Indigo,1,There is a strong plastic smell that has not gone away after airing it for days. Not worth the price.,I***n,2026-07-30 18:45,0,0,"Thank you for the feedback. We've passed it to our quality team and would like to make it right, so please contact us.",2026-07-31 21:45,negative,quality
INV/20260808/MPL/198373999,TKP27362169,"Loop Tote, Sand",Sand,3,Parcel was stuck at the sorting hub for almost a week. 😤,D***i,2026-08-15 17:06,0,0,We apologise for the delay. We have raised it with the courier.,2026-08-16 20:06,unrelated,delivery_delay
INV/20260811/MPL/435479527,TKP13371032,"Loop Tote, Indigo",Indigo,5,Colour is rich and has not faded after a few washes. Bought another one as a gift.,D***i,2026-08-19 18:47,3,0,,,positive,appearance
INV/20260811/MPL/696987981,TKP36513099,"Loop Tote, Indigo",Indigo,4,"Surprisingly roomy. My laptop, lunch box and water bottle all fit.",F***r,2026-08-19 22:55,2,0,,,positive,size
INV/20260817/MPL/677707255,TKP53502002,"Loop Tote, Indigo",Indigo,5,Love this tote! The Indigo colour looks just like the photos. Recommended seller.,F***i,2026-08-23 18:46,1,3,,,positive,appearance
INV/20260826/MPL/814956643,TKP65577508,"Loop Tote, Sea-green",Sea-green,4,The box was crushed and the plastic mailer was torn when it arrived. 😤,G***h,2026-08-30 14:13,0,0,Sorry the parcel arrived damaged. Please send us a photo and we will send a replacement.,2026-08-31 17:13,unrelated,packaging_damage
INV/20260828/MPL/640226622,TKP96710922,"Loop Tote, Sand",Sand,2,The colour faded after the first wash. 😡,P***i,2026-09-02 19:07,2,0,We're sorry to hear this. Please message us with your order number so we can look into it.,2026-09-04 23:07,negative,appearance
INV/20260829/MPL/138786679,TKP07882479,"Loop Tote, Sea-green",Sea-green,2,The courier took forever and tracking didn't update for days. 😞,F***r,2026-09-03 18:35,0,0,We apologise for the delay. We have raised it with the courier.,2026-09-05 21:35,unrelated,delivery_delay
INV/20260829/MPL/306660993,TKP91414211,"Loop Tote, Indigo",Indigo,4,Got so many compliments at the office already.,F***r,2026-09-04 16:58,1,3,,,positive,appearance
INV/20260829/MPL/649643044,TKP89461479,"Loop Tote, Indigo",Indigo,3,"Does what it says. Not amazing, not bad.",C***a,2026-09-05 08:37,1,0,,,neutral,quality
INV/20260829/MPL/248260253,TKP25185110,"Loop Tote, Sea-green",Sea-green,5,"Perfect for grocery runs, I use it every week.",A***u,2026-09-05 17:14,2,0,,,positive,usability
INV/20260902/MPL/619751162,TKP28470067,"Loop Tote, Sand",Sand,5,colour is rich and has not faded after a few washes. 💚,R***a,2026-09-05 20:43,0,0,We're so glad you like it. Every bag keeps 14 bottles in use!,2026-09-05 22:43,positive,appearance
INV/20260830/MPL/433681582,TKP88438079,"Loop Tote, Sand",Sand,4,Average. The size is fine for daily use but it doesn't stand up by itself.,R***a,2026-09-06 08:11,2,0,Thanks for the honest feedback! We'll keep improving.,2026-09-07 17:11,neutral,size
INV/20260827/MPL/677556291,TKP48127912,"Loop Tote, Indigo",Indigo,5,Love this tote! The Indigo colour looks just like the photos. Five stars.,G***h,2026-09-08 16:03,0,0,,,positive,appearance
INV/20260901/MPL/301204460,TKP96209005,"Loop Tote, Indigo",Indigo,5,Colour is rich and has not faded after a few washes. Great product for a great cause.,D***i,2026-09-09 08:07,3,0,Thank you so much for shopping with LoopCycle!,2026-09-09 13:07,positive,appearance
INV/20260901/MPL/107057100,TKP50693309,"Loop Tote, Sand",Sand,1,Parcel arrived wet because the packaging was too thin.,J***o,2026-09-09 09:50,0,0,Sorry the parcel arrived damaged. Please send us a photo and we will send a replacement.,2026-09-10 15:50,unrelated,packaging_damage
INV/20260905/MPL/497235721,TKP04752865,Loop Tote Batik Limited Edition,Batik Parang,5,"Worth the wait for the limited edition, the Batik Parang motif is gorgeous. 🙏",J***o,2026-09-10 15:11,0,0,Thanks for your review! Enjoy your Loop Tote.,2026-09-11 23:11,positive,appearance
INV/20260904/MPL/533916485,TKP04678679,Loop Tote Batik Limited Edition,Batik Parang,1,"Fabric feels rough and stiff, not as soft as I thought. Expected better.",R***a,2026-09-11 22:06,0,1,We're sorry to hear this. Please message us with your order number so we can look into it.,2026-09-12 05:06,negative,quality
INV/20260908/MPL/809044237,TKP48211282,"Loop Tote, Sea-green",Sea-green,3,"It's an okay bag. Does the job, nothing special. 🤔",R***y,2026-09-13 18:15,2,0,Thanks for the honest feedback! We'll keep improving.,2026-09-15 00:15,neutral,quality
INV/20260904/MPL/148196054,TKP62575864,Loop Tote Batik Limited Edition,Batik Parang,5,"Sturdy and well made, the handles feel strong even with a laptop inside.",B***i,2026-09-13 22:44,0,0,Thank you for supporting our waste pickers! 💚,2026-09-15 03:44,positive,quality
INV/20260904/MPL/938867078,TKP43842138,Loop Tote Batik Limited Edition,Batik Parang,2,Too expensive for what you get. Hope the quality improves.,R***a,2026-09-14 16:21,0,1,We're sorry to hear this. Please message us with your order number so we can look into it.,2026-09-14 17:21,negative,value
INV/20260908/MPL/355270401,TKP01896584,"Loop Tote, Sand",Sand,4,"It's an okay bag. Does the job, nothing special. 🤔",T***i,2026-09-16 18:53,0,0,,,neutral,quality
INV/20260904/MPL/705101981,TKP57072482,Loop Tote Batik Limited Edition,Batik Kawung,5,Love this tote! The Batik Kawung colour looks just like the photos. Five stars.,W***n,2026-09-18 10:50,3,2,,,positive,appearance
INV/20260910/MPL/915180855,TKP62250926,"Loop Tote, Indigo",Indigo,4,Average. The size is fine for daily use but it doesn't stand up by itself. 🙂,W***n,2026-09-18 20:15,1,0,,,neutral,size
INV/20260914/MPL/290754024,TKP09072389,"Loop Tote, Indigo",Indigo,2,"The price changed after I added it to my cart, which was confusing.",F***i,2026-09-19 13:54,0,0,Sorry for the trouble. Please contact the platform support with a screenshot and we'll help too.,2026-09-20 18:54,unrelated,voucher_checkout
INV/20260916/MPL/503959485,TKP37960379,"Loop Tote, Sea-green",Sea-green,4,Parcel was stuck at the sorting hub for almost a week. 😤,R***y,2026-09-21 12:12,0,3,We apologise for the delay. We have raised it with the courier.,2026-09-22 20:12,unrelated,delivery_delay
INV/20260917/MPL/684268393,TKP98869370,"Loop Tote, Sea-green",Sea-green,3,Handles are comfy but there is no inner pocket.,B***u,2026-09-21 20:07,3,0,,,neutral,usability
INV/20260918/MPL/199897040,TKP28622690,"Loop Tote, Sea-green",Sea-green,5,Stitching is neat and the Sea-green looks premium. Worth every rupiah.,C***a,2026-09-21 21:43,3,0,,,positive,quality
INV/20260917/MPL/858330680,TKP03555974,Loop Tote Gift Set,Indigo,3,"outer packaging was ripped open, thankfully the bag was inside.",M***a,2026-09-22 10:43,0,0,Sorry the parcel arrived damaged. Please send us a photo and we will send a replacement.,2026-09-24 17:43,unrelated,packaging_damage
INV/20260918/MPL/587629592,TKP37842521,Loop Tote Gift Set,Indigo,4,"Perfect gift, the recipient loved the story card. Five stars.",G***h,2026-09-22 21:09,2,0,Thank you so much for shopping with LoopCycle!,2026-09-23 04:09,positive,usability
INV/20260914/MPL/197509477,TKP26506700,"Loop Tote, Indigo",Indigo,4,Colour is rich and has not faded after a few washes. Recommended seller.,R***a,2026-09-23 20:18,0,1,,,positive,appearance
INV/20260920/MPL/351969665,TKP44172196,"Loop Tote, Indigo",Indigo,1,"Fabric feels rough and stiff, not as soft as I thought. Disappointed. 😞",S***i,2026-09-27 13:06,0,0,"Thank you for the feedback. We've passed it to our quality team and would like to make it right, so please contact us.",2026-09-28 19:06,negative,quality
