review_id,place_name,star_rating,review_text,reviewer_name,local_guide,photo_count,likes,review_time,owner_response,owner_response_date,synthetic_sentiment_label,synthetic_topic
g_9ktzjde6nnoitg,"LoopCycle Studio Store, Bandung",5,"Friendly team, and the totes are displayed with the story of the pickers.",Putri R.,false,0,0,2026-06-14 11:48,,,positive,service
g_zs20abor38ex13,"LoopCycle Studio Store, Bandung",5,"Friendly team, and the totes are displayed with the story of the pickers. Highly recommended!",Tari B.,true,0,0,2026-06-14 14:15,Thank you for supporting our waste pickers! 💚,2026-06-16,positive,service
g_zyty5z5w9vrylw,"LoopCycle Studio Store, Bandung",3,"Nice products but a bit hard to find, the signage is small.",Siti B.,false,0,0,2026-06-15 14:46,,,neutral,location
g_xy6ekfs4z3cins,"LoopCycle Studio Store, Bandung",5,"Nice place, great to see the real colours before buying.",Wulan F.,true,0,0,2026-06-16 19:18,Thanks for your review! Enjoy your Loop Tote.,2026-06-17,positive,appearance
g_sveg4rym7gi2ox,"LoopCycle Studio Store, Bandung",5,"Lovely little store in Bandung, the staff explained the story behind each tote.",Galih S.,true,1,0,2026-06-24 11:41,,,positive,service
g_2o3zbt263w7hvb,"LoopCycle Studio Store, Bandung",5,"Lovely little store in Bandung, the staff explained the story behind each tote. Worth every rupiah.",Mega V.,false,0,2,2026-06-24 14:48,Thank you so much for shopping with LoopCycle!,2026-06-25,positive,service
g_5erjcsllpbmb2n,"LoopCycle Studio Store, Bandung",2,"Small store, limited stock of the colours I wanted.",Reza L.,false,0,0,2026-06-26 07:37,,,neutral,stock
g_zbftazqpu86t49,"LoopCycle Studio Store, Bandung",5,"Bought a sea-green tote here, the quality is great. Thank you LoopCycle!",Reza F.,true,0,1,2026-06-27 15:50,,,positive,quality
g_tetl2nqwryj1sl,"LoopCycle Studio Store, Bandung",3,"Nice products but a bit hard to find, the signage is small.",Galih E.,false,0,0,2026-07-02 19:59,,,neutral,location
g_b2aeydr7napaz2,"LoopCycle Studio Store, Bandung",4,"Lovely little store in Bandung, the staff explained the story behind each tote. Bought another one as a gift.",Hendra H.,false,0,0,2026-07-16 21:16,We're so glad you like it. Every bag keeps 14 bottles in use!,2026-07-17,positive,service
g_q5wkkkaix2d6rw,"LoopCycle Studio Store, Bandung",3,"Nice products but a bit hard to find, the signage is small.",Rizky I.,true,0,0,2026-07-19 09:05,,,neutral,location
g_krjyw0shk0f5o6,"LoopCycle Studio Store, Bandung",2,Staff were busy and no one greeted me at first.,Sinta B.,true,0,2,2026-07-21 13:45,"Thank you for the feedback. We've passed it to our quality team and would like to make it right, so please contact us.",2026-07-22,unrelated,service
g_dn8j7gm1shwt4z,"LoopCycle Studio Store, Bandung",5,"Friendly team, and the totes are displayed with the story of the pickers. Recommended seller.",Rangga Y.,false,0,0,2026-07-28 18:41,Thanks for your review! Enjoy your Loop Tote.,2026-07-30,positive,service
g_uawodo7tkn7svi,"LoopCycle Studio Store, Bandung",1,Sand was sold out and staff couldn't say when it would be back.,Budi S.,false,0,0,2026-08-03 18:26,"Thank you for the feedback. We've passed it to our quality team and would like to make it right, so please contact us.",2026-08-04,negative,stock
g_0d5ui3i5yz4yoq,"LoopCycle Studio Store, Bandung",5,"Nice place, great to see the real colours before buying.",Maya Z.,false,1,1,2026-08-12 14:41,,,positive,appearance
g_p9b19rvuyohc37,"LoopCycle Studio Store, Bandung",5,"Bought a sea-green tote here, the quality is great.",Galih F.,false,0,1,2026-08-16 10:50,Thank you so much for shopping with LoopCycle!,2026-08-18,positive,quality
g_9clbip6zi0ory8,"LoopCycle Studio Store, Bandung",3,"Nice products but a bit hard to find, the signage is small.",Irfan S.,true,0,2,2026-08-19 15:28,,,neutral,location
g_asai0hjin6f1xi,"LoopCycle Studio Store, Bandung",5,"Friendly team, and the totes are displayed with the story of the pickers. Bought another one as a gift.",Eko E.,false,0,0,2026-08-21 13:10,,,positive,service
g_ctjg6gj3kc3ut6,"LoopCycle Studio Store, Bandung",4,"Lovely little store in Bandung, the staff explained the story behind each tote. Five stars.",Rizky D.,true,0,1,2026-08-22 16:58,,,positive,service
g_ihmjh3znbkjlr4,"LoopCycle Studio Store, Bandung",4,"Nice products but a bit hard to find, the signage is small.",Bayu X.,true,0,0,2026-08-29 12:05,Thanks for the honest feedback! We'll keep improving.,2026-08-31,neutral,location
g_pzk4tzjske8zqn,"LoopCycle Studio Store, Bandung",5,"Friendly team, and the totes are displayed with the story of the pickers. Worth every rupiah.",Wulan E.,false,1,0,2026-08-30 13:06,Thank you so much for shopping with LoopCycle!,2026-08-31,positive,service
g_dwfb23w8fbth9a,"LoopCycle Studio Store, Bandung",5,"Friendly team, and the totes are displayed with the story of the pickers.",Lestari F.,false,0,1,2026-08-31 21:19,,,positive,service
g_wz9zlstjwd7ff2,"LoopCycle Studio Store, Bandung",5,"Friendly team, and the totes are displayed with the story of the pickers.",Dewi I.,false,0,2,2026-09-03 22:11,Thank you so much for shopping with LoopCycle!,2026-09-03,positive,service
g_i2lsl2khapve1g,"LoopCycle Studio Store, Bandung",3,"Nice products but a bit hard to find, the signage is small.",Mega Y.,false,0,1,2026-09-06 19:18,,,neutral,location
g_kchm80qalv9lp0,"LoopCycle Studio Store, Bandung",5,"Bought a sea-green tote here, the quality is great.",Maya I.,true,0,1,2026-09-11 18:16,Thank you so much for shopping with LoopCycle!,2026-09-13,positive,quality
g_j776ndhopz8xsf,"LoopCycle Studio Store, Bandung",5,"Lovely little store in Bandung, the staff explained the story behind each tote.",Galih G.,true,0,2,2026-09-12 12:28,We're so glad you like it. Every bag keeps 14 bottles in use!,2026-09-13,positive,service
g_e4r2ndo41n8gjw,"LoopCycle Studio Store, Bandung",4,"Lovely little store in Bandung, the staff explained the story behind each tote.",Reza P.,false,0,1,2026-09-13 21:07,We're so glad you like it. Every bag keeps 14 bottles in use!,2026-09-14,positive,service
g_bbe9nc41s97bbv,"LoopCycle Studio Store, Bandung",4,"Lovely little store in Bandung, the staff explained the story behind each tote.",Budi Q.,false,0,2,2026-09-15 10:41,,,positive,service
g_0olwoyfam464dw,"LoopCycle Studio Store, Bandung",5,"Lovely little store in Bandung, the staff explained the story behind each tote. Five stars.",Fitri C.,true,0,0,2026-09-15 18:25,Thank you so much for shopping with LoopCycle!,2026-09-16,positive,service
g_ns0s3d6fsroz51,"LoopCycle Studio Store, Bandung",4,Staff were busy and no one greeted me at first.,Nadia C.,false,0,0,2026-09-20 14:01,"Thank you for the feedback. We've passed it to our quality team and would like to make it right, so please contact us.",2026-09-21,unrelated,service
g_0uzt5g8na7hwit,"LoopCycle Studio Store, Bandung",5,"Lovely little store in Bandung, the staff explained the story behind each tote. Thank you LoopCycle!",Rangga L.,false,0,0,2026-09-22 21:13,,,positive,service
g_xp6a8yi5g34jh4,"LoopCycle Studio Store, Bandung",3,"Small store, limited stock of the colours I wanted.",Galih C.,false,0,1,2026-09-25 19:38,,,neutral,stock
g_wn6js8juj3b5nh,"LoopCycle Studio Store, Bandung",3,"Small store, limited stock of the colours I wanted.",Joko Y.,false,0,0,2026-09-27 07:55,,,neutral,stock
