review_id,product_handle,product_title,rating,review_title,review_body,reviewer_display_name,review_date,verified_buyer,order_name,photo_count,merchant_reply,reply_date,review_status,source,featured,synthetic_sentiment_label,synthetic_topic
rev_lukvaq8a6t,loop-tote-sea-green,"Loop Tote, Sea-green",4,Worth it,"The QR tag inside is a nice touch, I scanned it and saw which hub my bottles came from. Arrived fast and well packed. Five stars.",Mega T.,2026-06-12,true,#LT10005,2,,,published,web form,false,positive,sustainability
rev_bdd7qo8h4r,loop-tote-sand,"Loop Tote, Sand",4,Worth it,"Lightweight but strong, and no weird plastic smell. Stitching is neat and the Sand looks premium.",Rina B.,2026-06-13,true,#LT10006,0,,,published,review request email,false,positive,quality
rev_trpbtew01c,loop-tote-sea-green,"Loop Tote, Sea-green",5,Sturdy and stylish,Love this tote! The Sea-green colour looks just like the photos. Exactly what I wanted for a sustainable everyday bag. Arrived fast and well packed. Thank you LoopCycle!,Rizky S.,2026-06-14,true,#LT10010,0,We're so glad you like it. Every bag keeps 14 bottles in use!,2026-06-16,published,review request email,false,positive,appearance
rev_c6nfaknh63,loop-tote-indigo,"Loop Tote, Indigo",3,Average tote,Average. The size is fine for daily use but it doesn't stand up by itself. Handles are comfy but there is no inner pocket.,Verified Buyer,2026-06-15,true,#LT10014,0,,,published,review request email,false,neutral,size
rev_vykzhuhi7u,loop-tote-sand,"Loop Tote, Sand",5,Great recycled tote,"I love that it is made from 14 recycled bottles, it feels good to carry. Folds small and fits in my backpack when I'm not using it. Recommended seller.",Sinta N.,2026-06-15,true,#LT10024,0,,,published,review request email,false,positive,sustainability
rev_ndtn9iasq5,loop-tote-sea-green,"Loop Tote, Sea-green",5,Perfect everyday bag,Love this tote! The Sea-green colour looks just like the photos. Stitching is neat and the Sea-green looks premium. Seller was responsive and the parcel was packed nicely. Highly recommended!,Agus W.,2026-06-20,true,#LT10009,0,,,published,review request email,false,positive,appearance
rev_smvjd54y47,loop-tote-sea-green,"Loop Tote, Sea-green",1,Not worth the price,The bag doesn't hold its shape and flops over when it's not full. There is a strong plastic smell that has not gone away after airing it for days. Not worth the price.,Ayu M.,2026-06-22,true,#LT10025,0,We're sorry to hear this. Please message us with your order number so we can look into it.,2026-06-23,hidden,review request email,false,negative,quality
rev_r25s45g7i8,loop-tote-sand,"Loop Tote, Sand",5,Love it!,"I love that it is made from 14 recycled bottles, it feels good to carry. Packaging was neat and plastic-free, which I appreciated. Good value for a bag with such a good story behind it. Great product for a great cause.",Hendra Z.,2026-07-08,true,#LT10060,0,Thank you for supporting our waste pickers! 💚,2026-07-11,published,review request email,false,positive,sustainability
rev_za8upo0d00,loop-tote-indigo,"Loop Tote, Indigo",5,Great recycled tote,Folds small and fits in my backpack when I'm not using it. Seller was responsive and the parcel was packed nicely.,Reza R.,2026-07-10,true,#LT10056,0,Thanks for your review! Enjoy your Loop Tote.,2026-07-10,published,post-purchase widget,false,positive,usability
rev_rmkthmxgu9,loop-tote-sea-green,"Loop Tote, Sea-green",5,Great recycled tote,"Surprisingly roomy. My laptop, lunch box and water bottle all fit. The weave is tight and the fabric wipes clean easily. Delivery was quick, only 3 days. Folds small and fits in my backpack when I'm not using it. Five stars.",Lestari B.,2026-07-11,true,#LT10053,0,Thank you for supporting our waste pickers! 💚,2026-07-11,published,review request email,false,positive,size
rev_gvv7afvkhn,loop-tote-sand,"Loop Tote, Sand",5,Beautiful colour,"Perfect for grocery runs, I use it every week. Good value for a bag with such a good story behind it. Arrived fast and well packed. Five stars.",Galih X.,2026-07-14,true,#LT10084,0,,,published,post-purchase widget,true,positive,usability
rev_dnflfm1ogj,loop-tote-indigo,"Loop Tote, Indigo",4,Arrived with damaged packaging,"Packaging was damaged and one corner of the bag was dirty. The bag itself looks fine, but the packaging needs work.",Maya D.,2026-07-15,true,#LT10066,0,Sorry the parcel arrived damaged. Please send us a photo and we will send a replacement.,2026-07-16,published,review request email,false,unrelated,packaging_damage
rev_btldn0dz67,loop-tote-sea-green,"Loop Tote, Sea-green",5,Beautiful colour,"The weave is tight and the fabric wipes clean easily. I love that it is made from 14 recycled bottles, it feels good to carry. Delivery was quick, only 3 days. Sturdy and well made, the handles feel strong even with a laptop inside.",Fitri F.,2026-07-18,true,#LT10079,0,,,published,web form,true,positive,quality
rev_5p3talykvs,loop-tote-sea-green,"Loop Tote, Sea-green",2,Disappointed,"Smaller than I expected, my laptop barely fits.",Sinta C.,2026-07-22,true,#LT10119,0,We're sorry to hear this. Please message us with your order number so we can look into it.,2026-07-23,hidden,post-purchase widget,false,negative,size
rev_v55tumrwwb,loop-tote-sea-green,"Loop Tote, Sea-green",5,Perfect everyday bag,Stitching is neat and the Sea-green looks premium. Exactly what I wanted for a sustainable everyday bag. Great product for a great cause.,Rizky O.,2026-07-23,true,#LT10101,0,,,published,post-purchase widget,false,positive,quality
rev_oe076uw3yn,loop-tote-sea-green,"Loop Tote, Sea-green",5,Sturdy and stylish,"Love this tote! The Sea-green colour looks just like the photos. Perfect for grocery runs, I use it every week. Colour is rich and has not faded after a few washes. Thank you LoopCycle!",Agus S.,2026-07-27,true,#LT10125,0,,,published,review request email,false,positive,appearance
rev_2qdpyamj0y,loop-tote-indigo,"Loop Tote, Indigo",5,Sturdy and stylish,Stitching is neat and the Indigo looks premium. Recommended seller.,Joko B.,2026-07-29,true,#LT10138,0,,,published,review request email,false,positive,quality
rev_5k1u55swaa,loop-tote-sea-green,"Loop Tote, Sea-green",5,Great recycled tote,The weave is tight and the fabric wipes clean easily. Good value for a bag with such a good story behind it.,Verified Buyer,2026-07-31,true,#LT10123,0,,,published,review request email,true,positive,quality
rev_yj8qhchr8n,loop-tote-indigo,"Loop Tote, Indigo",5,Perfect everyday bag,"Folds small and fits in my backpack when I'm not using it. Delivery was quick, only 1 days. Worth every rupiah.",Bayu I.,2026-08-02,true,#LT10148,0,,,published,review request email,false,positive,usability
rev_2x1xhkr6g8,loop-tote-sea-green,"Loop Tote, Sea-green",4,Perfect everyday bag,"Colour is rich and has not faded after a few washes. Sturdy and well made, the handles feel strong even with a laptop inside. Packaging was neat and plastic-free, which I appreciated. Got so many compliments at the office already. Will buy again.",Irfan Z.,2026-08-03,true,#LT10129,0,,,published,review request email,false,positive,appearance
rev_26kp1epfhr,loop-tote-indigo,"Loop Tote, Indigo",5,Sturdy and stylish,"Surprisingly roomy. My laptop, lunch box and water bottle all fit. Perfect for grocery runs, I use it every week. Colour is rich and has not faded after a few washes.",Verified Buyer,2026-08-08,true,#LT10162,0,,,published,review request email,false,positive,size
rev_mxgj2stry3,loop-tote-indigo,"Loop Tote, Indigo",5,Sturdy and stylish,"I love that it is made from 14 recycled bottles, it feels good to carry. Arrived fast and well packed. Thank you LoopCycle!",Dewi T.,2026-08-11,true,#LT10152,0,,,published,review request email,false,positive,sustainability
rev_758r05kn0n,loop-tote-indigo,"Loop Tote, Indigo",3,Took too long,"Delivery was delayed because of the courier, the bag arrived 2 days after I ordered.",Eko B.,2026-08-11,true,#LT10190,0,We apologise for the delay. We have raised it with the courier.,2026-08-11,published,review request email,false,unrelated,delivery_delay
rev_7tswrilyts,loop-tote-sea-green,"Loop Tote, Sea-green",4,Sturdy and stylish,"Folds small and fits in my backpack when I'm not using it. Sturdy and well made, the handles feel strong even with a laptop inside. Arrived fast and well packed. Worth every rupiah.",Maya R.,2026-08-12,true,#LT10186,1,Thank you for supporting our waste pickers! 💚,2026-08-13,published,web form,false,positive,usability
rev_58vi5qn9oo,loop-tote-indigo,"Loop Tote, Indigo",3,Average tote,"Good idea and the bag is fine, though I expected it to feel a bit thicker.",Rina G.,2026-08-13,true,#LT10163,0,Thanks for the honest feedback! We'll keep improving.,2026-08-14,published,review request email,false,neutral,quality
rev_vkkstmmbcz,loop-tote-indigo,"Loop Tote, Indigo",4,Perfect everyday bag,"perfect for grocery runs, i use it every week. thank you loopcycle!",Verified Buyer,2026-08-13,true,#LT10188,0,,,published,post-purchase widget,false,positive,usability
rev_t7w60kdk40,loop-tote-sand,"Loop Tote, Sand",3,Average tote,"Three stars: the story is great, the bag is just alright.",Rina C.,2026-08-13,true,#LT10215,0,Thanks for the honest feedback! We'll keep improving.,2026-08-14,published,review request email,false,neutral,quality
rev_n8ogg4n715,loop-tote-indigo,"Loop Tote, Indigo",4,Sturdy and stylish,"The QR tag inside is a nice touch, I scanned it and saw which hub my bottles came from.",Eko I.,2026-08-14,true,#LT10208,0,,,published,review request email,false,positive,sustainability
rev_1ef3qiur7g,loop-tote-sea-green,"Loop Tote, Sea-green",5,Great recycled tote,"Love this tote! The Sea-green colour looks just like the photos. Lightweight but strong, and no weird plastic smell. Delivery was quick, only 4 days. Bought another one as a gift.",Verified Buyer,2026-08-14,true,#LT10232,2,,,published,review request email,false,positive,appearance
rev_hbaukem4we,loop-tote-indigo,"Loop Tote, Indigo",2,Courier problems,Driver never called and I had to pick it up myself.,Lestari P.,2026-08-14,true,#LT10177,2,Sorry about that. We've reported it to the courier.,2026-08-15,published,review request email,false,unrelated,courier_handling
rev_jk9wxpnw0y,loop-tote-indigo,"Loop Tote, Indigo",5,Sturdy and stylish,Good value for a bag with such a good story behind it. Thank you LoopCycle!,Rizky V.,2026-08-14,true,#LT10223,1,,,published,review request email,false,positive,value
rev_jax9a82qiy,loop-tote-indigo,"Loop Tote, Indigo",5,Perfect everyday bag,Colour is rich and has not faded after a few washes. Arrived fast and well packed. Folds small and fits in my backpack when I'm not using it. Highly recommended!,Verified Buyer,2026-08-14,true,#LT10231,0,,,published,review request email,false,positive,appearance
rev_6amp5rfbw0,loop-tote-sand,"Loop Tote, Sand",3,Took too long,The courier took forever and tracking didn't update for days.,Fitri W.,2026-08-15,true,#LT10230,0,We apologise for the delay. We have raised it with the courier.,2026-08-15,published,post-purchase widget,false,unrelated,delivery_delay
rev_5cez7mxp9o,loop-tote-sand,"Loop Tote, Sand",5,Perfect everyday bag,"Perfect for grocery runs, I use it every week. I love that it is made from 14 recycled bottles, it feels good to carry. Arrived fast and well packed.",Intan M.,2026-08-17,true,#LT10172,0,,,published,post-purchase widget,false,positive,usability
rev_xl0sl9a8kc,loop-tote-indigo,"Loop Tote, Indigo",5,Great recycled tote,"Sturdy and well made, the handles feel strong even with a laptop inside. Got so many compliments at the office already. Arrived fast and well packed. Colour is rich and has not faded after a few washes.",Fajar H.,2026-08-17,true,#LT10237,2,,,published,review request email,false,positive,quality
rev_6j8nneb524,loop-tote-indigo,"Loop Tote, Indigo",2,Decent but nothing special,"It's an okay bag. Does the job, nothing special.",Wulan U.,2026-08-19,true,#LT10191,0,Thanks for the honest feedback! We'll keep improving.,2026-08-19,published,post-purchase widget,false,neutral,quality
rev_1pfugp6e9r,loop-tote-sea-green,"Loop Tote, Sea-green",2,Not worth the price,The stitching on one handle started coming loose after two weeks. Hope the quality improves.,Sinta M.,2026-08-21,true,#LT10256,0,We're sorry to hear this. Please message us with your order number so we can look into it.,2026-08-22,published,review request email,false,negative,quality
rev_ltrix9uqlh,loop-tote-sand,"Loop Tote, Sand",5,Worth it,"The QR tag inside is a nice touch, I scanned it and saw which hub my bottles came from. Love this tote! The Sand colour looks just like the photos. Packaging was neat and plastic-free, which I appreciated. Folds small and fits in my backpack when I'm not using it.",Budi X.,2026-08-21,true,#LT10254,0,,,published,review request email,false,positive,sustainability
rev_xx006q8xqs,loop-tote-indigo,"Loop Tote, Indigo",3,Slow delivery,"parcel was stuck at the sorting hub for almost a week. the bag itself looks fine, but the delivery experience was bad.",Rizky Y.,2026-08-23,true,#LT10286,0,We apologise for the delay. We have raised it with the courier.,2026-08-25,published,post-purchase widget,false,unrelated,delivery_delay
rev_ck1lnalzvv,loop-tote-assorted,"Loop Tote (assorted, bulk)",5,Perfect everyday bag,"Our staff were proud to carry them, and the story fits our sustainability goals.",Putri J.,2026-08-23,true,#LT10280,2,,,published,review request email,false,positive,sustainability
rev_agyf3dg3ir,loop-tote-sand,"Loop Tote, Sand",3,Decent but nothing special,"The fabric is a bit stiff at first, maybe it will soften with use. It's an okay bag. Does the job, nothing special.",Rizky S.,2026-08-24,true,#LT10296,0,,,published,review request email,false,neutral,quality
rev_m2f85gnja2,loop-tote-sand,"Loop Tote, Sand",3,It's okay,"It's an okay bag. Does the job, nothing special.",Wulan L.,2026-08-26,true,#LT10272,0,,,published,post-purchase widget,false,neutral,quality
rev_h9whwisx1n,loop-tote-sand,"Loop Tote, Sand",5,Perfect everyday bag,"Exactly what I wanted for a sustainable everyday bag. Lightweight but strong, and no weird plastic smell. Colour is rich and has not faded after a few washes. Great product for a great cause.",Mega E.,2026-08-26,true,#LT10277,1,We're so glad you like it. Every bag keeps 14 bottles in use!,2026-08-27,published,review request email,false,positive,usability
rev_thmn5mw6vz,loop-tote-sand,"Loop Tote, Sand",4,It's okay,"Handles are comfy but there is no inner pocket. The fabric is a bit stiff at first, maybe it will soften with use.",Mega G.,2026-09-02,true,#LT10328,0,,,published,web form,false,neutral,usability
rev_qxoe4mjm4n,loop-tote-sea-green,"Loop Tote, Sea-green",1,Took too long,"Delivery was delayed because of the courier, the bag arrived 1 days after I ordered.",Agus Y.,2026-09-03,true,#LT10369,0,We apologise for the delay. We have raised it with the courier.,2026-09-03,published,post-purchase widget,false,unrelated,delivery_delay
rev_al4zlz77su,loop-tote-sand,"Loop Tote, Sand",5,Perfect everyday bag,"I love that it is made from 14 recycled bottles, it feels good to carry.",Maya H.,2026-09-04,true,#LT10338,0,We're so glad you like it. Every bag keeps 14 bottles in use!,2026-09-05,published,review request email,false,positive,sustainability
rev_0jz2iaup08,loop-tote-sand,"Loop Tote, Sand",4,Great recycled tote,The weave is tight and the fabric wipes clean easily. Handles are comfortable on the shoulder.,Hendra C.,2026-09-04,true,#LT10377,0,Thanks for your review! Enjoy your Loop Tote.,2026-09-06,published,post-purchase widget,false,positive,quality
rev_n3raqfqwkr,loop-tote-indigo,"Loop Tote, Indigo",5,Worth it,"Good value for a bag with such a good story behind it. Folds small and fits in my backpack when I'm not using it. Packaging was neat and plastic-free, which I appreciated.",Sinta A.,2026-09-06,true,#LT10355,0,,,published,review request email,false,positive,value
rev_cbfo9cqhtz,loop-tote-indigo,"Loop Tote, Indigo",4,Perfect everyday bag,"Handles are comfortable on the shoulder. Surprisingly roomy. My laptop, lunch box and water bottle all fit. Packaging was neat and plastic-free, which I appreciated.",Fitri Q.,2026-09-08,true,#LT10383,0,,,published,post-purchase widget,false,positive,comfort
rev_xuavoh7u7e,loop-tote-indigo,"Loop Tote, Indigo",5,Love it!,Love this tote! The Indigo colour looks just like the photos. Bought another one as a gift.,Sinta R.,2026-09-09,true,#LT10450,0,,,published,review request email,false,positive,appearance
rev_gwzoyqbi42,loop-tote-indigo,"Loop Tote, Indigo",5,Sturdy and stylish,"The weave is tight and the fabric wipes clean easily. I love that it is made from 14 recycled bottles, it feels good to carry. Bought another one as a gift.",Rizky Z.,2026-09-10,true,#LT10435,0,Thank you so much for shopping with LoopCycle!,2026-09-11,published,review request email,true,positive,quality
rev_odtnrj5lv1,loop-tote-sea-green,"Loop Tote, Sea-green",1,Not worth the price,"Fabric feels rough and stiff, not as soft as I thought. The stitching on one handle started coming loose after two weeks. Disappointed.",Verified Buyer,2026-09-10,true,#LT10386,0,We're sorry to hear this. Please message us with your order number so we can look into it.,2026-09-12,published,review request email,false,negative,quality
rev_zctytukeiv,loop-tote-batik-parang,Loop Tote Batik Limited Edition,5,Great recycled tote,"Love how it blends tradition with recycled materials. Seller was responsive and the parcel was packed nicely. Lightweight but strong, and no weird plastic smell. Highly recommended!",Siti A.,2026-09-10,true,#LT10493,0,,,published,review request email,false,positive,sustainability
rev_cs1o6n6igy,loop-tote-sea-green,"Loop Tote, Sea-green",5,Love it!,"Surprisingly roomy. My laptop, lunch box and water bottle all fit. Exactly what I wanted for a sustainable everyday bag. Will buy again.",Verified Buyer,2026-09-12,true,#LT10354,0,,,published,post-purchase widget,false,positive,size
rev_9wo5n4o8hw,loop-tote-batik-kawung,Loop Tote Batik Limited Edition,4,Beautiful colour,"Sturdy and well made, the handles feel strong even with a laptop inside.",Citra F.,2026-09-12,true,#LT10521,2,,,published,review request email,false,positive,quality
rev_t3lhi4kc41,loop-tote-indigo,"Loop Tote, Indigo",3,Decent but nothing special,"The fabric is a bit stiff at first, maybe it will soften with use.",Fajar Q.,2026-09-12,true,#LT10452,0,,,published,review request email,false,neutral,quality
rev_3h0u3cjj5t,loop-tote-indigo,"Loop Tote, Indigo",2,Disappointed,The stitching on one handle started coming loose after two weeks.,Rangga N.,2026-09-12,true,#LT10373,0,"Thank you for the feedback. We've passed it to our quality team and would like to make it right, so please contact us.",2026-09-12,published,review request email,false,negative,quality
rev_i2b7jgrwaf,loop-tote-sea-green,"Loop Tote, Sea-green",2,Decent but nothing special,"Does what it says. Not amazing, not bad.",Rangga K.,2026-09-12,true,#LT10451,0,Thanks for the honest feedback! We'll keep improving.,2026-09-14,published,post-purchase widget,false,neutral,quality
rev_hog0zr6iw2,loop-tote-sand,"Loop Tote, Sand",5,Beautiful colour,Got so many compliments at the office already. The weave is tight and the fabric wipes clean easily.,Verified Buyer,2026-09-13,true,#LT10335,0,Thank you for supporting our waste pickers! 💚,2026-09-15,published,review request email,false,positive,appearance
rev_8mx9ga0uiz,loop-tote-batik-parang,Loop Tote Batik Limited Edition,1,Disappointed,The stitching on one handle started coming loose after two weeks.,Intan N.,2026-09-13,true,#LT10654,0,"Thank you for the feedback. We've passed it to our quality team and would like to make it right, so please contact us.",2026-09-14,published,review request email,false,negative,quality
rev_3my5zocaz2,loop-tote-batik-kawung,Loop Tote Batik Limited Edition,5,Love it!,"I love that it is made from 14 recycled bottles, it feels good to carry. Seller was responsive and the parcel was packed nicely. The weave is tight and the fabric wipes clean easily. Thank you LoopCycle!",Irfan F.,2026-09-13,true,#LT10634,0,,,published,review request email,true,positive,sustainability
rev_ez5z3bb1le,loop-tote-sea-green,"Loop Tote, Sea-green",3,It's okay,"Three stars: the story is great, the bag is just alright.",Verified Buyer,2026-09-15,true,#LT10676,0,,,published,review request email,false,neutral,quality
rev_ahhh3b6vkc,loop-tote-batik-parang,Loop Tote Batik Limited Edition,3,It's okay,"Three stars: the story is great, the bag is just alright.",Budi I.,2026-09-15,true,#LT10566,0,,,published,post-purchase widget,false,neutral,quality
rev_0u3rc61m8u,loop-tote-sea-green,"Loop Tote, Sea-green",4,Great recycled tote,"Got so many compliments at the office already. The QR tag inside is a nice touch, I scanned it and saw which hub my bottles came from. Packaging was neat and plastic-free, which I appreciated. Great product for a great cause.",Dewi G.,2026-09-16,true,#LT10680,0,,,published,review request email,false,positive,appearance
rev_n5ubyyzpwt,loop-tote-batik-parang,Loop Tote Batik Limited Edition,5,Love it!,"I love that it is made from 14 recycled bottles, it feels good to carry. The weave is tight and the fabric wipes clean easily. Seller was responsive and the parcel was packed nicely.",Yoga H.,2026-09-16,true,#LT10569,0,,,published,review request email,false,positive,sustainability
rev_6r93xyack2,loop-tote-batik-parang,Loop Tote Batik Limited Edition,5,Great recycled tote,"I love that it is made from 14 recycled bottles, it feels good to carry. Stitching is neat and the Batik Parang looks premium. Arrived fast and well packed. Highly recommended!",Hendra F.,2026-09-16,true,#LT10620,0,,,published,review request email,false,positive,sustainability
rev_kx8homjmzt,loop-tote-batik-parang,Loop Tote Batik Limited Edition,5,Sturdy and stylish,"i love that it is made from 14 recycled bottles, it feels good to carry. five stars.",Mega Q.,2026-09-16,true,#LT10490,0,,,published,review request email,false,positive,sustainability
rev_67kurh9a5o,loop-tote-batik-kawung,Loop Tote Batik Limited Edition,3,It's okay,"Good idea and the bag is fine, though I expected it to feel a bit thicker. The fabric is a bit stiff at first, maybe it will soften with use.",Irfan E.,2026-09-17,true,#LT10675,0,,,published,review request email,false,neutral,quality
rev_kl7f7n0izm,loop-tote-batik-parang,Loop Tote Batik Limited Edition,5,Perfect everyday bag,"Feels special, like a small piece of art you can carry.",Bayu H.,2026-09-17,true,#LT10633,0,,,published,review request email,false,positive,appearance
rev_uoqh6ysq8y,loop-tote-batik-kawung,Loop Tote Batik Limited Edition,5,Love it!,Love how it blends tradition with recycled materials. Colour is rich and has not faded after a few washes. Worth every rupiah.,Hendra D.,2026-09-18,true,#LT10494,0,,,published,review request email,false,positive,sustainability
rev_ufddbfb3sj,loop-tote-batik-kawung,Loop Tote Batik Limited Edition,4,Perfect everyday bag,"Feels special, like a small piece of art you can carry. Seller was responsive and the parcel was packed nicely. Perfect for grocery runs, I use it every week. Recommended seller.",Verified Buyer,2026-09-18,true,#LT10500,0,,,published,review request email,false,positive,appearance
rev_6iuzslyani,loop-tote-batik-kawung,Loop Tote Batik Limited Edition,5,Sturdy and stylish,"Worth the wait for the limited edition, the Batik Kawung motif is gorgeous. Exactly what I wanted for a sustainable everyday bag. Seller was responsive and the parcel was packed nicely. Sturdy and well made, the handles feel strong even with a laptop inside. Will buy again.",Budi J.,2026-09-18,true,#LT10612,1,Thanks for your review! Enjoy your Loop Tote.,2026-09-20,published,post-purchase widget,false,positive,appearance
rev_c9ipu1n8ry,loop-tote-batik-parang,Loop Tote Batik Limited Edition,5,Great recycled tote,The batik pattern is beautiful and each bag looks unique. Great product for a great cause.,Reza Q.,2026-09-18,true,#LT10609,0,,,published,review request email,false,positive,appearance
rev_oq2fup6tet,loop-tote-batik-parang,Loop Tote Batik Limited Edition,5,Worth it,"Surprisingly roomy. My laptop, lunch box and water bottle all fit. The QR tag inside is a nice touch, I scanned it and saw which hub my bottles came from. Packaging was neat and plastic-free, which I appreciated.",Tari R.,2026-09-18,true,#LT10497,0,Thank you for supporting our waste pickers! 💚,2026-09-19,published,post-purchase widget,false,positive,size
rev_9tjs1nbdqq,loop-tote-sea-green,"Loop Tote, Sea-green",2,Courier problems,"The courier marked it delivered but I received it two days later. The bag itself looks fine, but the courier experience was bad.",Andi R.,2026-09-19,true,#LT10502,0,Sorry about that. We've reported it to the courier.,2026-09-21,published,review request email,false,unrelated,courier_handling
rev_0ucvneyrdg,loop-tote-batik-kawung,Loop Tote Batik Limited Edition,3,Decent but nothing special,Average. The size is fine for daily use but it doesn't stand up by itself.,Tari U.,2026-09-19,true,#LT10478,0,,,published,review request email,false,neutral,size
rev_rlfzkmb1ox,loop-tote-indigo,"Loop Tote, Indigo",5,Worth it,Folds small and fits in my backpack when I'm not using it. Colour is rich and has not faded after a few washes. Great product for a great cause.,Dewi L.,2026-09-19,true,#LT10684,0,Thank you for supporting our waste pickers! 💚,2026-09-20,published,post-purchase widget,false,positive,usability
rev_a241obo4ir,loop-tote-batik-kawung,Loop Tote Batik Limited Edition,4,Worth it,The weave is tight and the fabric wipes clean easily. Seller was responsive and the parcel was packed nicely. Bought another one as a gift.,Intan F.,2026-09-19,true,#LT10559,0,,,published,review request email,false,positive,quality
rev_s53pb2d2om,loop-tote-batik-kawung,Loop Tote Batik Limited Edition,5,Sturdy and stylish,"Worth the wait for the limited edition, the Batik Kawung motif is gorgeous. Will buy again.",Eko N.,2026-09-19,true,#LT10529,0,,,published,post-purchase widget,false,positive,appearance
rev_gjtom2dsq7,loop-tote-sea-green,"Loop Tote, Sea-green",5,Great recycled tote,"Got so many compliments at the office already. Delivery was quick, only 3 days. Five stars.",Rina C.,2026-09-20,true,#LT10461,0,,,published,review request email,true,positive,appearance
rev_sla83p2ryn,loop-tote-batik-kawung,Loop Tote Batik Limited Edition,5,Worth it,"Sturdy and well made, the handles feel strong even with a laptop inside. The weave is tight and the fabric wipes clean easily. Packaging was neat and plastic-free, which I appreciated.",Eko K.,2026-09-20,true,#LT10526,0,,,published,post-purchase widget,false,positive,quality
rev_5d3nw9jh3u,loop-tote-batik-kawung,Loop Tote Batik Limited Edition,4,Great recycled tote,"Sturdy and well made, the handles feel strong even with a laptop inside. The QR tag inside is a nice touch, I scanned it and saw which hub my bottles came from. Arrived fast and well packed. Worth every rupiah.",Rina O.,2026-09-20,true,#LT10522,0,,,published,review request email,false,positive,quality
rev_j20w43hvwm,loop-tote-batik-parang,Loop Tote Batik Limited Edition,4,Average tote,"Nice concept. The bag is functional, but the price is a little high for what it is.",Siti E.,2026-09-20,true,#LT10544,0,,,published,review request email,false,neutral,value
rev_ps347xem7j,loop-tote-batik-kawung,Loop Tote Batik Limited Edition,2,Arrived with damaged packaging,Parcel arrived wet because the packaging was too thin.,Wulan D.,2026-09-20,true,#LT10468,0,Sorry the parcel arrived damaged. Please send us a photo and we will send a replacement.,2026-09-22,published,review request email,false,unrelated,packaging_damage
rev_t93jsualg9,loop-tote-sand,"Loop Tote, Sand",5,Great recycled tote,"Lightweight but strong, and no weird plastic smell. Bought another one as a gift.",Verified Buyer,2026-09-21,true,#LT10629,2,Thank you so much for shopping with LoopCycle!,2026-09-23,published,review request email,false,positive,quality
rev_j2ipbntjxg,loop-tote-batik-parang,Loop Tote Batik Limited Edition,1,Disappointed,"Fabric feels rough and stiff, not as soft as I thought. Would not buy again.",Yoga S.,2026-09-22,true,#LT10632,0,"Thank you for the feedback. We've passed it to our quality team and would like to make it right, so please contact us.",2026-09-24,published,review request email,false,negative,quality
rev_w0uwgw5pva,loop-tote-batik-parang,Loop Tote Batik Limited Edition,3,Wrong colour sent,Seller sent the wrong colour and I'm still waiting for a replacement. I'll judge the bag once I get the right one.,Ayu G.,2026-09-22,true,#LT10554,0,Apologies for the mix-up! Please chat us and we'll arrange the right colour.,2026-09-22,published,web form,false,unrelated,wrong_item
rev_mx1w840w4z,loop-tote-batik-kawung,Loop Tote Batik Limited Edition,5,Beautiful colour,"I love that it is made from 14 recycled bottles, it feels good to carry. Lightweight but strong, and no weird plastic smell. Delivery was quick, only 5 days.",Citra R.,2026-09-23,true,#LT10592,0,,,published,review request email,false,positive,sustainability
rev_u3j7ucscjh,loop-tote-sea-green,"Loop Tote, Sea-green",3,Slow delivery,Parcel was stuck at the sorting hub for almost a week.,Sinta S.,2026-09-24,true,#LT10693,2,,,published,web form,false,unrelated,delivery_delay
rev_nqr8d7ve3f,loop-tote-assorted,"Loop Tote (assorted, bulk)",4,Perfect everyday bag,"Our staff were proud to carry them, and the story fits our sustainability goals. The QR tag inside is a nice touch, I scanned it and saw which hub my bottles came from. Arrived fast and well packed. Thank you LoopCycle!",Budi Z.,2026-09-24,true,#LT10690,3,Thanks for your review! Enjoy your Loop Tote.,2026-09-26,published,review request email,false,positive,sustainability
rev_kllh1dwkqv,loop-tote-batik-parang,Loop Tote Batik Limited Edition,5,Worth it,The batik pattern is beautiful and each bag looks unique. Handles are comfortable on the shoulder. Bought another one as a gift.,Wulan Z.,2026-09-24,true,#LT10477,0,Thank you so much for shopping with LoopCycle!,2026-09-25,published,web form,false,positive,appearance
rev_lnv66niyn0,loop-tote-sand,"Loop Tote, Sand",5,Love it!,"Love this tote! The Sand colour looks just like the photos. Delivery was quick, only 4 days.",Fajar T.,2026-09-25,true,#LT10692,1,Thank you for supporting our waste pickers! 💚,2026-09-25,published,review request email,true,positive,appearance
rev_1ws8orp8uo,loop-tote-sea-green,Loop Tote Gift Set,5,Beautiful colour,The weave is tight and the fabric wipes clean easily. Thank you LoopCycle!,Eko G.,2026-09-27,true,#LT10739,1,,,published,web form,false,positive,quality
