order_id,product_id,sku_id,review_rating,review_content,reviewer_nickname,review_create_time,review_media_count,has_video,like_count,is_verified_purchase,seller_reply,seller_reply_time,synthetic_sentiment_label,synthetic_topic
5762984822689271690,176568564833933512,LT-GRN,3,seller sent the wrong colour and i'm still waiting for a replacement.,user3942122999,2026-06-24 08:15:00,3,1,8,true,,,unrelated,wrong_item
5644229010862122495,173259323323938885,LT-IND,5,"The QR tag inside is a nice touch, I scanned it and saw which hub my bottles came from. 🔥",user5656463827,2026-07-04 14:48:00,0,0,0,true,,,positive,sustainability
5799680668311652688,177137953271634525,LT-SND,5,"I love that it is made from 14 recycled bottles, it feels good to carry. Bought another one as a gift. 😍",user2282211719,2026-07-08 09:58:00,0,0,0,true,,,positive,sustainability
5149917675181829311,176347191398857941,LT-IND,5,"The QR tag inside is a nice touch, I scanned it and saw which hub my bottles came from.",user9331873765,2026-07-16 12:55:00,0,0,0,true,,,positive,sustainability
5646009330821983887,172377753310182097,LT-GRN,3,"Good idea and the bag is fine, though I expected it to feel a bit thicker. 🤔",user4672883519,2026-07-18 12:58:00,0,0,0,true,,,neutral,quality
5570218161842767712,176271642909447127,LT-GRN,4,Driver never called and I had to pick it up myself. 😤,user2672852763,2026-07-24 09:19:00,3,1,0,true,Sorry about that. We've reported it to the courier.,2026-07-26 11:19:00,unrelated,courier_handling
5545286708560159826,172445664447059292,LT-GRN,5,Handles are comfortable on the shoulder. Five stars.,user7472292254,2026-07-24 10:01:00,0,0,3,false,Thanks for your review! Enjoy your Loop Tote.,2026-07-24 17:01:00,positive,comfort
5573712177889362333,175546400184052226,LT-GRN,5,Love this tote! The Sea-green colour looks just like the photos. 😍,user7077519943,2026-07-30 16:05:00,0,0,0,true,,,positive,appearance
5621023578098456264,170668195024237687,LT-SND,3,The courier marked it delivered but I received it two days later.,user6429847346,2026-08-20 07:39:00,0,0,0,true,Sorry about that. We've reported it to the courier.,2026-08-20 12:39:00,unrelated,courier_handling
5167770701003643213,170731777766397809,LT-SND,3,Customer service was slow to answer my question about the order. 😤,user6671075505,2026-08-21 08:16:00,1,1,3,true,,,unrelated,seller_service
5522565491306205805,176243201672331404,LT-IND,5,"Sturdy and well made, the handles feel strong even with a laptop inside. Bought another one as a gift.",user6845850793,2026-08-28 19:11:00,0,0,0,true,,,positive,quality
5653303563533334525,171454607336211369,LT-SND,5,Stitching is neat and the Sand looks premium.,user7047555860,2026-09-16 15:28:00,0,0,1,true,,,positive,quality
5987697025070311576,172687146730708120,LT-GRN,2,"Good idea and the bag is fine, though I expected it to feel a bit thicker.",user5696852594,2026-09-19 09:18:00,0,0,0,true,,,neutral,quality
5215963887420818051,175743903271297884,LT-SND,5,"The QR tag inside is a nice touch, I scanned it and saw which hub my bottles came from. Great product for a great cause.",user5267549901,2026-09-22 10:01:00,0,0,0,true,,,positive,sustainability
