review_id,asin,reviewer_id,reviewer_name,rating,review_title,review_text,review_date,review_location,variation,verified_purchase,helpful_votes,vine_program,image_count,amazon_order_id,synthetic_sentiment_label,synthetic_topic
RQUMPMHS49PJ9,B06ARB5LM6,AYLVUHF9Q84NO,Amazon Customer,4,Slow seller response,Seller didn't reply to my messages for days.,2026-07-04,Reviewed in the United States,Color: Indigo,Y,1,N,0,113-5783907-2559473,unrelated,seller_service
REFM928EGNVFG,B03F8GR29H,AW7DZ7PO4ZIYA,Amazon Customer,5,Love it!,"Stitching is neat and the Sea-green looks premium. Handles are comfortable on the shoulder. Delivery was quick, only 9 days. Thank you LoopCycle!",2026-07-06,Reviewed in the United States,Color: Sea-green,Y,0,N,1,113-3766636-5380323,positive,quality
RD5CW1HQ65D4G,B0JT7FB5W0,AAD4JBAPF3HY4,Jason,4,Customs and import fees,Customs held it for a week and I had to pay import fees I wasn't expecting.,2026-07-07,Reviewed in the United States,Color: Sea-green,Y,0,N,2,113-7833072-7309607,unrelated,customs
RIPQNFKKJBDO6,B0Y056RG40,AS8RS3MB5ECBJ,Emily,3,Average tote,"Three stars: the story is great, the bag is just alright.",2026-07-07,Reviewed in Australia,Color: Sand,N,0,N,0,113-9616999-3297367,neutral,quality
RFG6NF1KGYS35,B08ZM1QSF7,AUUMRX47Z68ZQ,Sarah,2,Slow delivery,"Delivery was delayed because of the courier, the bag arrived 9 days after I ordered.",2026-07-15,Reviewed in the United States,Color: Sea-green,N,1,N,0,113-7943248-7905905,unrelated,delivery_delay
R9TFRGJIXDN9D,B07BHIRKVD,A7YFTFX3AD2J5,Amazon Customer,2,Smaller than expected,Too expensive for what you get.,2026-08-01,Reviewed in the United States,Color: Sand,Y,0,N,0,113-8505295-6243980,negative,value
R8E1AHCYICQQL,B08FEC9Y6E,AL4N8UU4OM51Y,Kenji,3,Average tote,"The fabric is a bit stiff at first, maybe it will soften with use.",2026-08-05,Reviewed in the United States,Color: Sea-green,N,0,N,0,113-1314594-3131330,neutral,quality
R9MZGNTVV1M66,B0WNQWOKWJ,AQ72ST5PG4ERS,Amazon Customer,5,Great recycled tote,Colour is rich and has not faded after a few washes. Handles are comfortable on the shoulder. Five stars.,2026-08-18,Reviewed in Australia,Color: Sea-green,Y,0,N,0,113-7505821-8814095,positive,appearance
RAS01771ZG28W,B045YKYY91,AQBTS262BEYVX,Hannah,4,Great recycled tote,"Exactly what I wanted for a sustainable everyday bag. Lightweight but strong, and no weird plastic smell. Highly recommended!",2026-09-05,Reviewed in Australia,Color: Indigo,Y,0,N,0,113-9237123-2584031,positive,usability
RRHWWJH2JKD5S,B0VWFQILV1,AB4G61OMC4G1B,Jason,3,It's okay,"Nice concept. The bag is functional, but the price is a little high for what it is.",2026-09-14,Reviewed in Germany,Color: Sand,Y,0,N,0,113-7677341-1266433,neutral,value
RBDW53RZ8EM6X,B07OCKL9NR,AWTD88F7MX24P,Amazon Customer,1,Slow seller response,Had to chat three times before anyone replied.,2026-09-22,Reviewed in Japan,Color: Indigo,Y,1,N,3,113-2717680-8290131,unrelated,seller_service
R842Y03GXKH5O,B0S6UQV4XU,AOBCB9PB1FN1O,Noah,5,Worth it,"The QR tag inside is a nice touch, I scanned it and saw which hub my bottles came from. Packaging was neat and plastic-free, which I appreciated. Got so many compliments at the office already.",2026-09-24,Reviewed in Canada,Color: Indigo,Y,0,N,0,113-9506751-1938731,positive,sustainability
R5PTVPHV55LZ4,B00JLBCDKB,AX5Q936FR18G3,Amazon Customer,2,Arrived with damaged packaging,The box was crushed and the plastic mailer was torn when it arrived.,2026-09-25,Reviewed in the United Kingdom,Color: Indigo,Y,1,N,3,113-9676037-7491313,unrelated,packaging_damage
