date,asin,sessions_browser,sessions_mobile_app,sessions_total,page_views,featured_offer_buy_box_pct,units_ordered,unit_session_pct,ordered_product_sales_usd,data_source
2026-06-01,B0LOOPTOTE1,5,5,10,11,83.1,0,0.0,0.0,synthetic_amazon_business_report_style_no_cart_metric
2026-06-02,B0LOOPTOTE1,2,1,3,3,92.3,0,0.0,0.0,synthetic_amazon_business_report_style_no_cart_metric
2026-06-03,B0LOOPTOTE1,7,7,14,19,88.6,0,0.0,0.0,synthetic_amazon_business_report_style_no_cart_metric
2026-06-04,B0LOOPTOTE1,5,5,10,12,85.6,1,10.0,15.99,synthetic_amazon_business_report_style_no_cart_metric
2026-06-05,B0LOOPTOTE1,2,1,3,3,90.4,0,0.0,0.0,synthetic_amazon_business_report_style_no_cart_metric
2026-06-06,B0LOOPTOTE1,5,5,10,13,98.2,0,0.0,0.0,synthetic_amazon_business_report_style_no_cart_metric
2026-06-07,B0LOOPTOTE1,4,4,8,10,94.7,1,12.5,15.99,synthetic_amazon_business_report_style_no_cart_metric
2026-06-08,B0LOOPTOTE1,3,4,7,8,93.2,0,0.0,0.0,synthetic_amazon_business_report_style_no_cart_metric
2026-06-09,B0LOOPTOTE1,4,4,8,10,90.5,0,0.0,0.0,synthetic_amazon_business_report_style_no_cart_metric
2026-06-10,B0LOOPTOTE1,4,5,9,12,91.6,1,11.11,15.99,synthetic_amazon_business_report_style_no_cart_metric
2026-06-11,B0LOOPTOTE1,7,8,15,19,96.9,3,20.0,47.97,synthetic_amazon_business_report_style_no_cart_metric
2026-06-12,B0LOOPTOTE1,4,5,9,12,88.3,1,11.11,15.99,synthetic_amazon_business_report_style_no_cart_metric
2026-06-13,B0LOOPTOTE1,8,8,16,20,81.1,5,31.25,79.95,synthetic_amazon_business_report_style_no_cart_metric
2026-06-14,B0LOOPTOTE1,5,4,9,11,80.8,1,11.11,15.99,synthetic_amazon_business_report_style_no_cart_metric
2026-06-15,B0LOOPTOTE1,5,5,10,12,81.6,0,0.0,0.0,synthetic_amazon_business_report_style_no_cart_metric
2026-06-16,B0LOOPTOTE1,3,3,6,7,85.5,0,0.0,0.0,synthetic_amazon_business_report_style_no_cart_metric
2026-06-17,B0LOOPTOTE1,5,5,10,13,98.2,1,10.0,15.99,synthetic_amazon_business_report_style_no_cart_metric
2026-06-18,B0LOOPTOTE1,9,8,17,23,82.7,2,11.76,31.98,synthetic_amazon_business_report_style_no_cart_metric
2026-06-19,B0LOOPTOTE1,5,5,10,11,88.6,1,10.0,15.99,synthetic_amazon_business_report_style_no_cart_metric
2026-06-20,B0LOOPTOTE1,4,5,9,11,86.6,1,11.11,15.99,synthetic_amazon_business_report_style_no_cart_metric
2026-06-21,B0LOOPTOTE1,5,5,10,13,91.6,4,40.0,63.96,synthetic_amazon_business_report_style_no_cart_metric
2026-06-22,B0LOOPTOTE1,4,4,8,8,85.5,3,37.5,47.97,synthetic_amazon_business_report_style_no_cart_metric
2026-06-23,B0LOOPTOTE1,4,4,8,8,79.4,2,25.0,31.98,synthetic_amazon_business_report_style_no_cart_metric
2026-06-24,B0LOOPTOTE1,10,10,20,23,92.3,4,20.0,63.96,synthetic_amazon_business_report_style_no_cart_metric
2026-06-25,B0LOOPTOTE1,1,1,2,2,92.7,0,0.0,0.0,synthetic_amazon_business_report_style_no_cart_metric
2026-06-26,B0LOOPTOTE1,3,2,5,5,96.1,0,0.0,0.0,synthetic_amazon_business_report_style_no_cart_metric
2026-06-27,B0LOOPTOTE1,5,5,10,13,79.4,1,10.0,15.99,synthetic_amazon_business_report_style_no_cart_metric
2026-06-28,B0LOOPTOTE1,3,4,7,9,93.5,2,28.57,31.98,synthetic_amazon_business_report_style_no_cart_metric
2026-06-29,B0LOOPTOTE1,5,8,13,16,84.0,0,0.0,0.0,synthetic_amazon_business_report_style_no_cart_metric
2026-06-30,B0LOOPTOTE1,5,4,9,11,95.3,1,11.11,15.99,synthetic_amazon_business_report_style_no_cart_metric
2026-07-01,B0LOOPTOTE1,3,4,7,7,84.7,0,0.0,0.0,synthetic_amazon_business_report_style_no_cart_metric
2026-07-02,B0LOOPTOTE1,7,7,14,18,97.0,2,14.29,31.98,synthetic_amazon_business_report_style_no_cart_metric
2026-07-03,B0LOOPTOTE1,9,10,19,22,84.2,2,10.53,31.98,synthetic_amazon_business_report_style_no_cart_metric
2026-07-04,B0LOOPTOTE1,5,7,12,13,90.5,0,0.0,0.0,synthetic_amazon_business_report_style_no_cart_metric
2026-07-05,B0LOOPTOTE1,4,4,8,9,90.7,1,12.5,15.99,synthetic_amazon_business_report_style_no_cart_metric
2026-07-06,B0LOOPTOTE1,6,8,14,16,90.9,2,14.29,31.98,synthetic_amazon_business_report_style_no_cart_metric
2026-07-07,B0LOOPTOTE1,7,7,14,17,84.7,0,0.0,0.0,synthetic_amazon_business_report_style_no_cart_metric
2026-07-08,B0LOOPTOTE1,3,4,7,8,96.7,0,0.0,0.0,synthetic_amazon_business_report_style_no_cart_metric
2026-07-09,B0LOOPTOTE1,4,4,8,9,85.0,0,0.0,0.0,synthetic_amazon_business_report_style_no_cart_metric
2026-07-10,B0LOOPTOTE1,3,2,5,6,98.7,0,0.0,0.0,synthetic_amazon_business_report_style_no_cart_metric
2026-07-11,B0LOOPTOTE1,4,6,10,11,98.2,1,10.0,15.99,synthetic_amazon_business_report_style_no_cart_metric
2026-07-12,B0LOOPTOTE1,8,8,16,19,91.5,4,25.0,63.96,synthetic_amazon_business_report_style_no_cart_metric
2026-07-13,B0LOOPTOTE1,3,3,6,7,95.5,0,0.0,0.0,synthetic_amazon_business_report_style_no_cart_metric
2026-07-14,B0LOOPTOTE1,4,5,9,11,89.8,1,11.11,15.99,synthetic_amazon_business_report_style_no_cart_metric
2026-07-15,B0LOOPTOTE1,4,5,9,10,79.3,1,11.11,15.99,synthetic_amazon_business_report_style_no_cart_metric
2026-07-16,B0LOOPTOTE1,7,9,16,21,78.7,3,18.75,47.97,synthetic_amazon_business_report_style_no_cart_metric
2026-07-17,B0LOOPTOTE1,10,10,20,24,96.8,6,30.0,95.94,synthetic_amazon_business_report_style_no_cart_metric
2026-07-18,B0LOOPTOTE1,4,4,8,9,90.7,0,0.0,0.0,synthetic_amazon_business_report_style_no_cart_metric
2026-07-19,B0LOOPTOTE1,3,3,6,6,87.8,0,0.0,0.0,synthetic_amazon_business_report_style_no_cart_metric
2026-07-20,B0LOOPTOTE1,4,4,8,9,79.0,1,12.5,15.99,synthetic_amazon_business_report_style_no_cart_metric
2026-07-21,B0LOOPTOTE1,3,2,5,6,79.6,0,0.0,0.0,synthetic_amazon_business_report_style_no_cart_metric
2026-07-22,B0LOOPTOTE1,5,5,10,11,93.2,0,0.0,0.0,synthetic_amazon_business_report_style_no_cart_metric
2026-07-23,B0LOOPTOTE1,7,7,14,19,90.0,2,14.29,31.98,synthetic_amazon_business_report_style_no_cart_metric
2026-07-24,B0LOOPTOTE1,5,6,11,14,83.5,0,0.0,0.0,synthetic_amazon_business_report_style_no_cart_metric
2026-07-25,B0LOOPTOTE1,3,2,5,6,87.1,0,0.0,0.0,synthetic_amazon_business_report_style_no_cart_metric
2026-07-26,B0LOOPTOTE1,5,4,9,11,91.4,1,11.11,15.99,synthetic_amazon_business_report_style_no_cart_metric
2026-07-27,B0LOOPTOTE1,3,2,5,6,83.4,0,0.0,0.0,synthetic_amazon_business_report_style_no_cart_metric
2026-07-28,B0LOOPTOTE1,5,5,10,12,86.2,0,0.0,0.0,synthetic_amazon_business_report_style_no_cart_metric
2026-07-29,B0LOOPTOTE1,4,4,8,9,89.7,1,12.5,15.99,synthetic_amazon_business_report_style_no_cart_metric
2026-07-30,B0LOOPTOTE1,6,6,12,15,90.8,0,0.0,0.0,synthetic_amazon_business_report_style_no_cart_metric
2026-07-31,B0LOOPTOTE1,4,6,10,11,79.4,0,0.0,0.0,synthetic_amazon_business_report_style_no_cart_metric
2026-08-01,B0LOOPTOTE1,4,5,9,12,96.4,0,0.0,0.0,synthetic_amazon_business_report_style_no_cart_metric
2026-08-02,B0LOOPTOTE1,5,6,11,12,83.4,1,9.09,15.99,synthetic_amazon_business_report_style_no_cart_metric
2026-08-03,B0LOOPTOTE1,5,5,10,13,82.6,0,0.0,0.0,synthetic_amazon_business_report_style_no_cart_metric
2026-08-04,B0LOOPTOTE1,5,5,10,11,80.2,1,10.0,15.99,synthetic_amazon_business_report_style_no_cart_metric
2026-08-05,B0LOOPTOTE1,8,7,15,18,93.0,3,20.0,47.97,synthetic_amazon_business_report_style_no_cart_metric
2026-08-06,B0LOOPTOTE1,4,3,7,9,99.0,0,0.0,0.0,synthetic_amazon_business_report_style_no_cart_metric
2026-08-07,B0LOOPTOTE1,10,13,23,30,86.0,3,13.04,47.97,synthetic_amazon_business_report_style_no_cart_metric
2026-08-08,B0LOOPTOTE1,4,5,9,12,82.6,0,0.0,0.0,synthetic_amazon_business_report_style_no_cart_metric
2026-08-09,B0LOOPTOTE1,7,9,16,22,89.9,0,0.0,0.0,synthetic_amazon_business_report_style_no_cart_metric
2026-08-10,B0LOOPTOTE1,4,6,10,12,80.9,1,10.0,15.99,synthetic_amazon_business_report_style_no_cart_metric
2026-08-11,B0LOOPTOTE1,4,4,8,11,86.2,0,0.0,0.0,synthetic_amazon_business_report_style_no_cart_metric
2026-08-12,B0LOOPTOTE1,5,5,10,11,97.5,4,40.0,63.96,synthetic_amazon_business_report_style_no_cart_metric
2026-08-13,B0LOOPTOTE1,4,4,8,10,90.0,0,0.0,0.0,synthetic_amazon_business_report_style_no_cart_metric
2026-08-14,B0LOOPTOTE1,5,5,10,12,80.2,1,10.0,15.99,synthetic_amazon_business_report_style_no_cart_metric
2026-08-15,B0LOOPTOTE1,6,7,13,14,91.3,0,0.0,0.0,synthetic_amazon_business_report_style_no_cart_metric
2026-08-16,B0LOOPTOTE1,4,5,9,10,91.4,1,11.11,15.99,synthetic_amazon_business_report_style_no_cart_metric
2026-08-17,B0LOOPTOTE1,9,9,18,23,79.2,2,11.11,31.98,synthetic_amazon_business_report_style_no_cart_metric
2026-08-18,B0LOOPTOTE1,8,8,16,18,86.2,3,18.75,47.97,synthetic_amazon_business_report_style_no_cart_metric
2026-08-19,B0LOOPTOTE1,4,3,7,8,89.2,2,28.57,31.98,synthetic_amazon_business_report_style_no_cart_metric
2026-08-20,B0LOOPTOTE1,8,9,17,20,98.4,2,11.76,31.98,synthetic_amazon_business_report_style_no_cart_metric
2026-08-21,B0LOOPTOTE1,5,7,12,14,88.8,0,0.0,0.0,synthetic_amazon_business_report_style_no_cart_metric
2026-08-22,B0LOOPTOTE1,7,9,16,17,86.5,2,12.5,31.98,synthetic_amazon_business_report_style_no_cart_metric
2026-08-23,B0LOOPTOTE1,7,10,17,20,82.9,4,23.53,63.96,synthetic_amazon_business_report_style_no_cart_metric
2026-08-24,B0LOOPTOTE1,4,5,9,12,82.2,1,11.11,15.99,synthetic_amazon_business_report_style_no_cart_metric
2026-08-25,B0LOOPTOTE1,4,5,9,9,86.9,1,11.11,15.99,synthetic_amazon_business_report_style_no_cart_metric
2026-08-26,B0LOOPTOTE1,5,5,10,13,88.2,1,10.0,15.99,synthetic_amazon_business_report_style_no_cart_metric
2026-08-27,B0LOOPTOTE1,5,4,9,11,89.3,2,22.22,31.98,synthetic_amazon_business_report_style_no_cart_metric
2026-08-28,B0LOOPTOTE1,14,17,31,35,79.4,3,9.68,47.97,synthetic_amazon_business_report_style_no_cart_metric
2026-08-29,B0LOOPTOTE1,10,10,20,24,97.6,2,10.0,31.98,synthetic_amazon_business_report_style_no_cart_metric
2026-08-30,B0LOOPTOTE1,7,8,15,16,86.3,2,13.33,31.98,synthetic_amazon_business_report_style_no_cart_metric
2026-08-31,B0LOOPTOTE1,5,5,10,11,86.8,0,0.0,0.0,synthetic_amazon_business_report_style_no_cart_metric
2026-09-01,B0LOOPTOTE1,3,3,6,6,89.4,0,0.0,0.0,synthetic_amazon_business_report_style_no_cart_metric
2026-09-02,B0LOOPTOTE1,4,5,9,12,96.0,0,0.0,0.0,synthetic_amazon_business_report_style_no_cart_metric
2026-09-03,B0LOOPTOTE1,5,5,10,12,86.0,0,0.0,0.0,synthetic_amazon_business_report_style_no_cart_metric
2026-09-04,B0LOOPTOTE1,7,7,14,17,85.3,3,21.43,47.97,synthetic_amazon_business_report_style_no_cart_metric
2026-09-05,B0LOOPTOTE1,11,11,22,25,95.2,2,9.09,31.98,synthetic_amazon_business_report_style_no_cart_metric
2026-09-06,B0LOOPTOTE1,4,4,8,10,84.0,0,0.0,0.0,synthetic_amazon_business_report_style_no_cart_metric
2026-09-07,B0LOOPTOTE1,4,3,7,9,85.6,3,42.86,47.97,synthetic_amazon_business_report_style_no_cart_metric
2026-09-08,B0LOOPTOTE1,6,6,12,15,97.1,0,0.0,0.0,synthetic_amazon_business_report_style_no_cart_metric
2026-09-09,B0LOOPTOTE1,5,5,10,13,95.0,2,20.0,31.98,synthetic_amazon_business_report_style_no_cart_metric
2026-09-10,B0LOOPTOTE1,2,2,4,4,85.9,0,0.0,0.0,synthetic_amazon_business_report_style_no_cart_metric
2026-09-11,B0LOOPTOTE1,5,5,10,11,79.8,0,0.0,0.0,synthetic_amazon_business_report_style_no_cart_metric
2026-09-12,B0LOOPTOTE1,8,9,17,19,78.3,3,17.65,47.97,synthetic_amazon_business_report_style_no_cart_metric
2026-09-13,B0LOOPTOTE1,8,7,15,16,90.6,3,20.0,47.97,synthetic_amazon_business_report_style_no_cart_metric
2026-09-14,B0LOOPTOTE1,5,6,11,12,92.3,0,0.0,0.0,synthetic_amazon_business_report_style_no_cart_metric
2026-09-15,B0LOOPTOTE1,6,5,11,12,79.2,1,9.09,15.99,synthetic_amazon_business_report_style_no_cart_metric
2026-09-16,B0LOOPTOTE1,4,5,9,12,91.6,1,11.11,15.99,synthetic_amazon_business_report_style_no_cart_metric
2026-09-17,B0LOOPTOTE1,14,15,29,37,79.2,4,13.79,63.96,synthetic_amazon_business_report_style_no_cart_metric
2026-09-18,B0LOOPTOTE1,4,5,9,10,94.7,0,0.0,0.0,synthetic_amazon_business_report_style_no_cart_metric
2026-09-19,B0LOOPTOTE1,5,5,10,13,91.7,1,10.0,15.99,synthetic_amazon_business_report_style_no_cart_metric
2026-09-20,B0LOOPTOTE1,4,4,8,9,86.5,1,12.5,15.99,synthetic_amazon_business_report_style_no_cart_metric
2026-09-21,B0LOOPTOTE1,6,5,11,13,81.0,0,0.0,0.0,synthetic_amazon_business_report_style_no_cart_metric
2026-09-22,B0LOOPTOTE1,8,12,20,22,83.2,2,10.0,31.98,synthetic_amazon_business_report_style_no_cart_metric
2026-09-23,B0LOOPTOTE1,10,11,21,24,87.0,2,9.52,31.98,synthetic_amazon_business_report_style_no_cart_metric
2026-09-24,B0LOOPTOTE1,6,5,11,14,82.1,0,0.0,0.0,synthetic_amazon_business_report_style_no_cart_metric
2026-09-25,B0LOOPTOTE1,7,7,14,15,90.8,2,14.29,31.98,synthetic_amazon_business_report_style_no_cart_metric
2026-09-26,B0LOOPTOTE1,10,13,23,29,87.6,3,13.04,47.97,synthetic_amazon_business_report_style_no_cart_metric
2026-09-27,B0LOOPTOTE1,4,5,9,10,81.5,1,11.11,15.99,synthetic_amazon_business_report_style_no_cart_metric
