date,product_sku,page_views,visitors,add_to_cart,orders,derived_cart_abandonment_pct,data_source
2026-06-01,BLI-LT-001,28,22,1,0,100.0,synthetic_blibli_seller_style
2026-06-02,BLI-LT-001,29,23,0,0,,synthetic_blibli_seller_style
2026-06-03,BLI-LT-001,118,91,4,1,75.0,synthetic_blibli_seller_style
2026-06-04,BLI-LT-001,137,106,6,1,83.3,synthetic_blibli_seller_style
2026-06-05,BLI-LT-001,24,19,0,0,,synthetic_blibli_seller_style
2026-06-06,BLI-LT-001,9,7,0,0,,synthetic_blibli_seller_style
2026-06-07,BLI-LT-001,113,87,5,1,80.0,synthetic_blibli_seller_style
2026-06-08,BLI-LT-001,26,20,1,0,100.0,synthetic_blibli_seller_style
2026-06-09,BLI-LT-001,23,18,0,0,,synthetic_blibli_seller_style
2026-06-10,BLI-LT-001,23,18,0,0,,synthetic_blibli_seller_style
2026-06-11,BLI-LT-001,13,10,0,0,,synthetic_blibli_seller_style
2026-06-12,BLI-LT-001,115,89,5,1,80.0,synthetic_blibli_seller_style
2026-06-13,BLI-LT-001,356,274,12,2,83.3,synthetic_blibli_seller_style
2026-06-14,BLI-LT-001,78,60,3,0,100.0,synthetic_blibli_seller_style
2026-06-15,BLI-LT-001,237,183,9,2,77.8,synthetic_blibli_seller_style
2026-06-16,BLI-LT-001,27,21,1,0,100.0,synthetic_blibli_seller_style
2026-06-17,BLI-LT-001,232,179,8,0,100.0,synthetic_blibli_seller_style
2026-06-18,BLI-LT-001,15,12,0,0,,synthetic_blibli_seller_style
2026-06-19,BLI-LT-001,72,56,3,0,100.0,synthetic_blibli_seller_style
2026-06-20,BLI-LT-001,19,15,0,0,,synthetic_blibli_seller_style
2026-06-21,BLI-LT-001,135,104,6,1,83.3,synthetic_blibli_seller_style
2026-06-22,BLI-LT-001,28,22,1,0,100.0,synthetic_blibli_seller_style
2026-06-23,BLI-LT-001,127,98,5,1,80.0,synthetic_blibli_seller_style
2026-06-24,BLI-LT-001,27,21,1,0,100.0,synthetic_blibli_seller_style
2026-06-25,BLI-LT-001,53,41,2,0,100.0,synthetic_blibli_seller_style
2026-06-26,BLI-LT-001,136,105,5,1,80.0,synthetic_blibli_seller_style
2026-06-27,BLI-LT-001,16,13,0,0,,synthetic_blibli_seller_style
2026-06-28,BLI-LT-001,24,19,1,0,100.0,synthetic_blibli_seller_style
2026-06-29,BLI-LT-001,57,44,2,0,100.0,synthetic_blibli_seller_style
2026-06-30,BLI-LT-001,26,20,1,0,100.0,synthetic_blibli_seller_style
2026-07-01,BLI-LT-001,23,18,1,0,100.0,synthetic_blibli_seller_style
2026-07-02,BLI-LT-001,44,34,2,0,100.0,synthetic_blibli_seller_style
2026-07-03,BLI-LT-001,26,20,1,0,100.0,synthetic_blibli_seller_style
2026-07-04,BLI-LT-001,22,17,0,0,,synthetic_blibli_seller_style
2026-07-05,BLI-LT-001,26,20,1,0,100.0,synthetic_blibli_seller_style
2026-07-06,BLI-LT-001,113,87,5,1,80.0,synthetic_blibli_seller_style
2026-07-07,BLI-LT-001,14,11,0,0,,synthetic_blibli_seller_style
2026-07-08,BLI-LT-001,52,40,2,0,100.0,synthetic_blibli_seller_style
2026-07-09,BLI-LT-001,98,76,4,1,75.0,synthetic_blibli_seller_style
2026-07-10,BLI-LT-001,22,17,1,0,100.0,synthetic_blibli_seller_style
2026-07-11,BLI-LT-001,46,36,2,0,100.0,synthetic_blibli_seller_style
2026-07-12,BLI-LT-001,24,19,1,0,100.0,synthetic_blibli_seller_style
2026-07-13,BLI-LT-001,50,39,2,0,100.0,synthetic_blibli_seller_style
2026-07-14,BLI-LT-001,23,18,0,0,,synthetic_blibli_seller_style
2026-07-15,BLI-LT-001,76,59,3,0,100.0,synthetic_blibli_seller_style
2026-07-16,BLI-LT-001,14,11,0,0,,synthetic_blibli_seller_style
2026-07-17,BLI-LT-001,98,76,4,0,100.0,synthetic_blibli_seller_style
2026-07-18,BLI-LT-001,26,20,1,0,100.0,synthetic_blibli_seller_style
2026-07-19,BLI-LT-001,26,20,1,0,100.0,synthetic_blibli_seller_style
2026-07-20,BLI-LT-001,288,222,11,2,81.8,synthetic_blibli_seller_style
2026-07-21,BLI-LT-001,28,22,1,0,100.0,synthetic_blibli_seller_style
2026-07-22,BLI-LT-001,135,104,6,1,83.3,synthetic_blibli_seller_style
2026-07-23,BLI-LT-001,58,45,2,0,100.0,synthetic_blibli_seller_style
2026-07-24,BLI-LT-001,72,56,3,0,100.0,synthetic_blibli_seller_style
2026-07-25,BLI-LT-001,45,35,2,0,100.0,synthetic_blibli_seller_style
2026-07-26,BLI-LT-001,57,44,2,0,100.0,synthetic_blibli_seller_style
2026-07-27,BLI-LT-001,26,20,1,0,100.0,synthetic_blibli_seller_style
2026-07-28,BLI-LT-001,81,63,3,0,100.0,synthetic_blibli_seller_style
2026-07-29,BLI-LT-001,110,85,4,1,75.0,synthetic_blibli_seller_style
2026-07-30,BLI-LT-001,49,38,2,0,100.0,synthetic_blibli_seller_style
2026-07-31,BLI-LT-001,48,37,2,0,100.0,synthetic_blibli_seller_style
2026-08-01,BLI-LT-001,117,90,5,1,80.0,synthetic_blibli_seller_style
2026-08-02,BLI-LT-001,23,18,1,0,100.0,synthetic_blibli_seller_style
2026-08-03,BLI-LT-001,110,85,5,1,80.0,synthetic_blibli_seller_style
2026-08-04,BLI-LT-001,239,184,9,2,77.8,synthetic_blibli_seller_style
2026-08-05,BLI-LT-001,165,127,6,1,83.3,synthetic_blibli_seller_style
2026-08-06,BLI-LT-001,24,19,1,0,100.0,synthetic_blibli_seller_style
2026-08-07,BLI-LT-001,175,135,6,1,83.3,synthetic_blibli_seller_style
2026-08-08,BLI-LT-001,88,68,4,1,75.0,synthetic_blibli_seller_style
2026-08-09,BLI-LT-001,10,8,0,0,,synthetic_blibli_seller_style
2026-08-10,BLI-LT-001,27,21,1,0,100.0,synthetic_blibli_seller_style
2026-08-11,BLI-LT-001,26,20,1,0,100.0,synthetic_blibli_seller_style
2026-08-12,BLI-LT-001,114,88,4,0,100.0,synthetic_blibli_seller_style
2026-08-13,BLI-LT-001,117,90,5,1,80.0,synthetic_blibli_seller_style
2026-08-14,BLI-LT-001,124,96,5,1,80.0,synthetic_blibli_seller_style
2026-08-15,BLI-LT-001,133,103,6,1,83.3,synthetic_blibli_seller_style
2026-08-16,BLI-LT-001,115,89,5,0,100.0,synthetic_blibli_seller_style
2026-08-17,BLI-LT-001,23,18,1,0,100.0,synthetic_blibli_seller_style
2026-08-18,BLI-LT-001,127,98,5,1,80.0,synthetic_blibli_seller_style
2026-08-19,BLI-LT-001,24,19,1,0,100.0,synthetic_blibli_seller_style
2026-08-20,BLI-LT-001,20,16,0,0,,synthetic_blibli_seller_style
2026-08-21,BLI-LT-001,128,99,5,1,80.0,synthetic_blibli_seller_style
2026-08-22,BLI-LT-001,46,36,2,0,100.0,synthetic_blibli_seller_style
2026-08-23,BLI-LT-001,18,14,0,0,,synthetic_blibli_seller_style
2026-08-24,BLI-LT-001,28,22,1,0,100.0,synthetic_blibli_seller_style
2026-08-25,BLI-LT-001,15,12,0,0,,synthetic_blibli_seller_style
2026-08-26,BLI-LT-001,87,67,3,0,100.0,synthetic_blibli_seller_style
2026-08-27,BLI-LT-001,68,53,3,0,100.0,synthetic_blibli_seller_style
2026-08-28,BLI-LT-001,20,16,0,0,,synthetic_blibli_seller_style
2026-08-29,BLI-LT-001,48,37,2,0,100.0,synthetic_blibli_seller_style
2026-08-30,BLI-LT-001,58,45,2,0,100.0,synthetic_blibli_seller_style
2026-08-31,BLI-LT-001,48,37,2,0,100.0,synthetic_blibli_seller_style
2026-09-01,BLI-LT-001,126,97,5,1,80.0,synthetic_blibli_seller_style
2026-09-02,BLI-LT-001,18,14,0,0,,synthetic_blibli_seller_style
2026-09-03,BLI-LT-001,18,14,0,0,,synthetic_blibli_seller_style
2026-09-04,BLI-LT-001,24,19,0,0,,synthetic_blibli_seller_style
2026-09-05,BLI-LT-001,19,15,0,0,,synthetic_blibli_seller_style
2026-09-06,BLI-LT-001,14,11,0,0,,synthetic_blibli_seller_style
2026-09-07,BLI-LT-001,53,41,2,0,100.0,synthetic_blibli_seller_style
2026-09-08,BLI-LT-001,118,91,4,1,75.0,synthetic_blibli_seller_style
2026-09-09,BLI-LT-001,55,43,2,0,100.0,synthetic_blibli_seller_style
2026-09-10,BLI-LT-001,26,20,1,0,100.0,synthetic_blibli_seller_style
2026-09-11,BLI-LT-001,27,21,1,0,100.0,synthetic_blibli_seller_style
2026-09-12,BLI-LT-001,19,15,0,0,,synthetic_blibli_seller_style
2026-09-13,BLI-LT-001,58,45,2,0,100.0,synthetic_blibli_seller_style
2026-09-14,BLI-LT-001,71,55,3,0,100.0,synthetic_blibli_seller_style
2026-09-15,BLI-LT-001,19,15,0,0,,synthetic_blibli_seller_style
2026-09-16,BLI-LT-001,27,21,0,0,,synthetic_blibli_seller_style
2026-09-17,BLI-LT-001,127,98,5,1,80.0,synthetic_blibli_seller_style
2026-09-18,BLI-LT-001,58,45,2,0,100.0,synthetic_blibli_seller_style
2026-09-19,BLI-LT-001,24,19,0,0,,synthetic_blibli_seller_style
2026-09-20,BLI-LT-001,22,17,1,0,100.0,synthetic_blibli_seller_style
2026-09-21,BLI-LT-001,153,118,6,1,83.3,synthetic_blibli_seller_style
2026-09-22,BLI-LT-001,130,100,5,1,80.0,synthetic_blibli_seller_style
2026-09-23,BLI-LT-001,144,111,6,1,83.3,synthetic_blibli_seller_style
2026-09-24,BLI-LT-001,26,20,1,0,100.0,synthetic_blibli_seller_style
2026-09-25,BLI-LT-001,28,22,1,0,100.0,synthetic_blibli_seller_style
2026-09-26,BLI-LT-001,22,17,0,0,,synthetic_blibli_seller_style
2026-09-27,BLI-LT-001,124,96,5,1,80.0,synthetic_blibli_seller_style
