date,sku_id,pdp_views,pdp_visitors,add_to_cart_visitors,add_to_cart_units,wishlist_adds,buyers,orders,conversion_pct,derived_cart_abandonment_pct,data_source
2026-06-01,LZ-LT-001,42,30,2,2,0,0,0,0.0,100.0,synthetic_lazada_sellercenter_style
2026-06-02,LZ-LT-001,80,67,4,4,2,1,1,1.49,75.0,synthetic_lazada_sellercenter_style
2026-06-03,LZ-LT-001,16,13,0,0,0,0,0,0.0,,synthetic_lazada_sellercenter_style
2026-06-04,LZ-LT-001,46,38,2,2,1,0,0,0.0,100.0,synthetic_lazada_sellercenter_style
2026-06-05,LZ-LT-001,25,18,1,1,0,0,0,0.0,100.0,synthetic_lazada_sellercenter_style
2026-06-06,LZ-LT-001,22,18,1,1,0,0,0,0.0,100.0,synthetic_lazada_sellercenter_style
2026-06-07,LZ-LT-001,40,30,2,2,1,0,0,0.0,100.0,synthetic_lazada_sellercenter_style
2026-06-08,LZ-LT-001,39,30,2,2,0,0,0,0.0,100.0,synthetic_lazada_sellercenter_style
2026-06-09,LZ-LT-001,93,75,4,4,1,1,1,1.33,75.0,synthetic_lazada_sellercenter_style
2026-06-10,LZ-LT-001,111,79,5,5,2,1,1,1.27,80.0,synthetic_lazada_sellercenter_style
2026-06-11,LZ-LT-001,19,16,0,0,0,0,0,0.0,,synthetic_lazada_sellercenter_style
2026-06-12,LZ-LT-001,106,73,4,4,1,1,1,1.37,75.0,synthetic_lazada_sellercenter_style
2026-06-13,LZ-LT-001,102,71,5,5,1,1,1,1.41,80.0,synthetic_lazada_sellercenter_style
2026-06-14,LZ-LT-001,48,33,2,2,1,0,0,0.0,100.0,synthetic_lazada_sellercenter_style
2026-06-15,LZ-LT-001,245,178,12,14,2,3,3,1.69,75.0,synthetic_lazada_sellercenter_style
2026-06-16,LZ-LT-001,22,16,0,0,0,0,0,0.0,,synthetic_lazada_sellercenter_style
2026-06-17,LZ-LT-001,206,158,10,12,4,2,2,1.27,80.0,synthetic_lazada_sellercenter_style
2026-06-18,LZ-LT-001,83,62,4,4,1,1,1,1.61,75.0,synthetic_lazada_sellercenter_style
2026-06-19,LZ-LT-001,22,17,1,1,0,0,0,0.0,100.0,synthetic_lazada_sellercenter_style
2026-06-20,LZ-LT-001,20,14,0,0,0,0,0,0.0,,synthetic_lazada_sellercenter_style
2026-06-21,LZ-LT-001,53,38,2,2,0,0,0,0.0,100.0,synthetic_lazada_sellercenter_style
2026-06-22,LZ-LT-001,20,15,1,1,0,0,0,0.0,100.0,synthetic_lazada_sellercenter_style
2026-06-23,LZ-LT-001,75,55,3,3,1,0,0,0.0,100.0,synthetic_lazada_sellercenter_style
2026-06-24,LZ-LT-001,106,74,4,4,0,1,1,1.35,75.0,synthetic_lazada_sellercenter_style
2026-06-25,LZ-LT-001,62,46,3,3,1,0,0,0.0,100.0,synthetic_lazada_sellercenter_style
2026-06-26,LZ-LT-001,106,75,4,4,1,0,0,0.0,100.0,synthetic_lazada_sellercenter_style
2026-06-27,LZ-LT-001,18,14,1,1,0,0,0,0.0,100.0,synthetic_lazada_sellercenter_style
2026-06-28,LZ-LT-001,96,73,5,5,2,1,1,1.37,80.0,synthetic_lazada_sellercenter_style
2026-06-29,LZ-LT-001,21,16,1,1,0,0,0,0.0,100.0,synthetic_lazada_sellercenter_style
2026-06-30,LZ-LT-001,102,70,4,4,1,1,1,1.43,75.0,synthetic_lazada_sellercenter_style
2026-07-01,LZ-LT-001,194,146,10,11,4,2,2,1.37,80.0,synthetic_lazada_sellercenter_style
2026-07-02,LZ-LT-001,116,90,5,5,1,1,1,1.11,80.0,synthetic_lazada_sellercenter_style
2026-07-03,LZ-LT-001,97,65,4,4,1,1,1,1.54,75.0,synthetic_lazada_sellercenter_style
2026-07-04,LZ-LT-001,36,29,2,2,1,0,0,0.0,100.0,synthetic_lazada_sellercenter_style
2026-07-05,LZ-LT-001,20,16,0,0,0,0,0,0.0,,synthetic_lazada_sellercenter_style
2026-07-06,LZ-LT-001,27,19,1,1,0,0,0,0.0,100.0,synthetic_lazada_sellercenter_style
2026-07-07,LZ-LT-001,97,80,5,5,1,1,1,1.25,80.0,synthetic_lazada_sellercenter_style
2026-07-08,LZ-LT-001,44,32,2,2,0,0,0,0.0,100.0,synthetic_lazada_sellercenter_style
2026-07-09,LZ-LT-001,20,14,1,1,0,0,0,0.0,100.0,synthetic_lazada_sellercenter_style
2026-07-10,LZ-LT-001,49,37,2,2,0,0,0,0.0,100.0,synthetic_lazada_sellercenter_style
2026-07-11,LZ-LT-001,21,17,0,0,0,0,0,0.0,,synthetic_lazada_sellercenter_style
2026-07-12,LZ-LT-001,79,62,4,4,2,0,0,0.0,100.0,synthetic_lazada_sellercenter_style
2026-07-13,LZ-LT-001,20,16,0,0,0,0,0,0.0,,synthetic_lazada_sellercenter_style
2026-07-14,LZ-LT-001,69,52,3,3,0,0,0,0.0,100.0,synthetic_lazada_sellercenter_style
2026-07-15,LZ-LT-001,86,65,4,4,0,1,1,1.54,75.0,synthetic_lazada_sellercenter_style
2026-07-16,LZ-LT-001,42,34,2,2,0,0,0,0.0,100.0,synthetic_lazada_sellercenter_style
2026-07-17,LZ-LT-001,79,64,4,4,0,1,1,1.56,75.0,synthetic_lazada_sellercenter_style
2026-07-18,LZ-LT-001,14,11,0,0,0,0,0,0.0,,synthetic_lazada_sellercenter_style
2026-07-19,LZ-LT-001,87,68,4,4,1,1,1,1.47,75.0,synthetic_lazada_sellercenter_style
2026-07-20,LZ-LT-001,88,70,4,4,2,1,1,1.43,75.0,synthetic_lazada_sellercenter_style
2026-07-21,LZ-LT-001,19,13,0,0,0,0,0,0.0,,synthetic_lazada_sellercenter_style
2026-07-22,LZ-LT-001,70,48,3,3,1,0,0,0.0,100.0,synthetic_lazada_sellercenter_style
2026-07-23,LZ-LT-001,23,16,1,1,0,0,0,0.0,100.0,synthetic_lazada_sellercenter_style
2026-07-24,LZ-LT-001,69,51,3,3,0,1,1,1.96,66.7,synthetic_lazada_sellercenter_style
2026-07-25,LZ-LT-001,142,95,5,6,2,1,1,1.05,80.0,synthetic_lazada_sellercenter_style
2026-07-26,LZ-LT-001,250,196,11,13,5,3,3,1.53,72.7,synthetic_lazada_sellercenter_style
2026-07-27,LZ-LT-001,42,33,2,2,1,0,0,0.0,100.0,synthetic_lazada_sellercenter_style
2026-07-28,LZ-LT-001,107,73,5,6,2,1,1,1.37,80.0,synthetic_lazada_sellercenter_style
2026-07-29,LZ-LT-001,84,60,4,4,1,1,1,1.67,75.0,synthetic_lazada_sellercenter_style
2026-07-30,LZ-LT-001,186,149,8,8,4,2,2,1.34,75.0,synthetic_lazada_sellercenter_style
2026-07-31,LZ-LT-001,41,28,2,2,0,0,0,0.0,100.0,synthetic_lazada_sellercenter_style
2026-08-01,LZ-LT-001,234,187,11,11,2,3,3,1.6,72.7,synthetic_lazada_sellercenter_style
2026-08-02,LZ-LT-001,129,100,7,8,2,2,2,2.0,71.4,synthetic_lazada_sellercenter_style
2026-08-03,LZ-LT-001,19,16,0,0,0,0,0,0.0,,synthetic_lazada_sellercenter_style
2026-08-04,LZ-LT-001,232,183,11,11,5,3,3,1.64,72.7,synthetic_lazada_sellercenter_style
2026-08-05,LZ-LT-001,17,14,1,1,0,0,0,0.0,100.0,synthetic_lazada_sellercenter_style
2026-08-06,LZ-LT-001,25,17,0,0,0,0,0,0.0,,synthetic_lazada_sellercenter_style
2026-08-07,LZ-LT-001,23,17,0,0,0,0,0,0.0,,synthetic_lazada_sellercenter_style
2026-08-08,LZ-LT-001,64,48,3,3,1,1,1,2.08,66.7,synthetic_lazada_sellercenter_style
2026-08-09,LZ-LT-001,26,18,1,1,0,0,0,0.0,100.0,synthetic_lazada_sellercenter_style
2026-08-10,LZ-LT-001,152,126,8,9,4,2,2,1.59,75.0,synthetic_lazada_sellercenter_style
2026-08-11,LZ-LT-001,92,70,5,6,2,1,1,1.43,80.0,synthetic_lazada_sellercenter_style
2026-08-12,LZ-LT-001,90,65,4,4,1,1,1,1.54,75.0,synthetic_lazada_sellercenter_style
2026-08-13,LZ-LT-001,128,92,5,5,2,1,1,1.09,80.0,synthetic_lazada_sellercenter_style
2026-08-14,LZ-LT-001,24,18,0,0,0,0,0,0.0,,synthetic_lazada_sellercenter_style
2026-08-15,LZ-LT-001,102,69,4,4,0,1,1,1.45,75.0,synthetic_lazada_sellercenter_style
2026-08-16,LZ-LT-001,91,74,4,4,1,1,1,1.35,75.0,synthetic_lazada_sellercenter_style
2026-08-17,LZ-LT-001,60,42,3,3,0,1,1,2.38,66.7,synthetic_lazada_sellercenter_style
2026-08-18,LZ-LT-001,41,33,2,2,1,0,0,0.0,100.0,synthetic_lazada_sellercenter_style
2026-08-19,LZ-LT-001,87,72,4,4,1,1,1,1.39,75.0,synthetic_lazada_sellercenter_style
2026-08-20,LZ-LT-001,21,18,1,1,0,0,0,0.0,100.0,synthetic_lazada_sellercenter_style
2026-08-21,LZ-LT-001,162,135,8,8,3,2,2,1.48,75.0,synthetic_lazada_sellercenter_style
2026-08-22,LZ-LT-001,104,77,5,6,1,1,1,1.3,80.0,synthetic_lazada_sellercenter_style
2026-08-23,LZ-LT-001,45,32,2,2,0,0,0,0.0,100.0,synthetic_lazada_sellercenter_style
2026-08-24,LZ-LT-001,89,72,4,4,2,1,1,1.39,75.0,synthetic_lazada_sellercenter_style
2026-08-25,LZ-LT-001,147,102,7,7,2,2,2,1.96,71.4,synthetic_lazada_sellercenter_style
2026-08-26,LZ-LT-001,26,18,1,1,0,0,0,0.0,100.0,synthetic_lazada_sellercenter_style
2026-08-27,LZ-LT-001,20,16,1,1,0,0,0,0.0,100.0,synthetic_lazada_sellercenter_style
2026-08-28,LZ-LT-001,293,200,14,15,3,3,3,1.5,78.6,synthetic_lazada_sellercenter_style
2026-08-29,LZ-LT-001,125,103,7,8,2,2,2,1.94,71.4,synthetic_lazada_sellercenter_style
2026-08-30,LZ-LT-001,41,33,2,2,0,0,0,0.0,100.0,synthetic_lazada_sellercenter_style
2026-08-31,LZ-LT-001,200,148,10,10,5,2,2,1.35,80.0,synthetic_lazada_sellercenter_style
2026-09-01,LZ-LT-001,20,16,1,1,0,0,0,0.0,100.0,synthetic_lazada_sellercenter_style
2026-09-02,LZ-LT-001,100,76,5,5,2,1,1,1.32,80.0,synthetic_lazada_sellercenter_style
2026-09-03,LZ-LT-001,81,60,4,4,2,1,1,1.67,75.0,synthetic_lazada_sellercenter_style
2026-09-04,LZ-LT-001,190,141,8,9,2,2,2,1.42,75.0,synthetic_lazada_sellercenter_style
2026-09-05,LZ-LT-001,73,59,4,4,1,1,1,1.69,75.0,synthetic_lazada_sellercenter_style
2026-09-06,LZ-LT-001,101,74,4,4,0,1,1,1.35,75.0,synthetic_lazada_sellercenter_style
2026-09-07,LZ-LT-001,23,17,1,1,0,0,0,0.0,100.0,synthetic_lazada_sellercenter_style
2026-09-08,LZ-LT-001,21,15,1,1,0,0,0,0.0,100.0,synthetic_lazada_sellercenter_style
2026-09-09,LZ-LT-001,205,142,8,8,4,2,2,1.41,75.0,synthetic_lazada_sellercenter_style
2026-09-10,LZ-LT-001,24,17,0,0,0,0,0,0.0,,synthetic_lazada_sellercenter_style
2026-09-11,LZ-LT-001,18,15,1,1,0,0,0,0.0,100.0,synthetic_lazada_sellercenter_style
2026-09-12,LZ-LT-001,93,68,4,4,2,1,1,1.47,75.0,synthetic_lazada_sellercenter_style
2026-09-13,LZ-LT-001,23,18,1,1,0,0,0,0.0,100.0,synthetic_lazada_sellercenter_style
2026-09-14,LZ-LT-001,154,120,8,9,3,2,2,1.67,75.0,synthetic_lazada_sellercenter_style
2026-09-15,LZ-LT-001,283,201,12,13,6,3,3,1.49,75.0,synthetic_lazada_sellercenter_style
2026-09-16,LZ-LT-001,173,136,8,9,2,2,2,1.47,75.0,synthetic_lazada_sellercenter_style
2026-09-17,LZ-LT-001,23,18,1,1,0,0,0,0.0,100.0,synthetic_lazada_sellercenter_style
2026-09-18,LZ-LT-001,183,144,9,9,3,2,2,1.39,77.8,synthetic_lazada_sellercenter_style
2026-09-19,LZ-LT-001,40,30,2,2,1,0,0,0.0,100.0,synthetic_lazada_sellercenter_style
2026-09-20,LZ-LT-001,89,67,4,4,1,1,1,1.49,75.0,synthetic_lazada_sellercenter_style
2026-09-21,LZ-LT-001,74,61,4,4,1,1,1,1.64,75.0,synthetic_lazada_sellercenter_style
2026-09-22,LZ-LT-001,24,17,0,0,0,0,0,0.0,,synthetic_lazada_sellercenter_style
2026-09-23,LZ-LT-001,227,162,9,9,3,2,2,1.23,77.8,synthetic_lazada_sellercenter_style
2026-09-24,LZ-LT-001,433,304,19,22,10,4,4,1.32,78.9,synthetic_lazada_sellercenter_style
2026-09-25,LZ-LT-001,22,18,0,0,0,0,0,0.0,,synthetic_lazada_sellercenter_style
2026-09-26,LZ-LT-001,92,68,4,4,2,1,1,1.47,75.0,synthetic_lazada_sellercenter_style
2026-09-27,LZ-LT-001,105,71,4,4,1,1,1,1.41,75.0,synthetic_lazada_sellercenter_style
