date,item_id,product_visitors,product_page_views,visitors_added_to_cart,units_added_to_cart,visitors_placed_order,orders_placed,orders_paid,orders_unpaid_expired,conversion_rate_pct,derived_cart_abandonment_pct,data_source
2026-06-01,2999999999,36,54,3,3,1,1,1,0,2.78,66.7,synthetic_shopee_business_insights_style
2026-06-02,2999999999,106,136,9,10,4,4,3,1,3.77,55.6,synthetic_shopee_business_insights_style
2026-06-03,2999999999,17,26,0,0,0,0,0,0,0.0,,synthetic_shopee_business_insights_style
2026-06-04,2999999999,76,118,6,6,3,3,2,1,3.95,50.0,synthetic_shopee_business_insights_style
2026-06-05,2999999999,93,116,8,9,2,2,2,0,2.15,75.0,synthetic_shopee_business_insights_style
2026-06-06,2999999999,74,115,6,6,2,2,2,0,2.7,66.7,synthetic_shopee_business_insights_style
2026-06-07,2999999999,138,220,10,12,3,3,3,0,2.17,70.0,synthetic_shopee_business_insights_style
2026-06-08,2999999999,138,200,10,12,3,3,3,0,2.17,70.0,synthetic_shopee_business_insights_style
2026-06-09,2999999999,130,180,11,14,3,3,3,0,2.31,72.7,synthetic_shopee_business_insights_style
2026-06-10,2999999999,81,124,7,7,2,2,2,0,2.47,71.4,synthetic_shopee_business_insights_style
2026-06-11,2999999999,166,257,11,13,4,4,4,0,2.41,63.6,synthetic_shopee_business_insights_style
2026-06-12,2999999999,130,189,10,12,3,3,3,0,2.31,70.0,synthetic_shopee_business_insights_style
2026-06-13,2999999999,23,29,2,2,0,0,0,0,0.0,100.0,synthetic_shopee_business_insights_style
2026-06-14,2999999999,358,483,26,31,8,8,7,1,2.23,69.2,synthetic_shopee_business_insights_style
2026-06-15,2999999999,41,54,3,3,1,1,1,0,2.44,66.7,synthetic_shopee_business_insights_style
2026-06-16,2999999999,177,241,13,13,4,4,4,0,2.26,69.2,synthetic_shopee_business_insights_style
2026-06-17,2999999999,134,179,11,13,3,3,3,0,2.24,72.7,synthetic_shopee_business_insights_style
2026-06-18,2999999999,52,81,4,4,1,1,1,0,1.92,75.0,synthetic_shopee_business_insights_style
2026-06-19,2999999999,154,222,12,15,5,5,4,1,3.25,58.3,synthetic_shopee_business_insights_style
2026-06-20,2999999999,156,232,11,14,3,3,3,0,1.92,72.7,synthetic_shopee_business_insights_style
2026-06-21,2999999999,126,197,11,12,4,4,4,0,3.17,63.6,synthetic_shopee_business_insights_style
2026-06-22,2999999999,300,417,24,25,7,7,6,1,2.33,70.8,synthetic_shopee_business_insights_style
2026-06-23,2999999999,201,294,14,16,4,4,4,0,1.99,71.4,synthetic_shopee_business_insights_style
2026-06-24,2999999999,151,197,10,12,3,3,3,0,1.99,70.0,synthetic_shopee_business_insights_style
2026-06-25,2999999999,91,117,6,7,2,2,2,0,2.2,66.7,synthetic_shopee_business_insights_style
2026-06-26,2999999999,38,53,3,3,1,1,1,0,2.63,66.7,synthetic_shopee_business_insights_style
2026-06-27,2999999999,48,65,4,4,2,2,1,1,4.17,50.0,synthetic_shopee_business_insights_style
2026-06-28,2999999999,54,84,4,5,1,1,1,0,1.85,75.0,synthetic_shopee_business_insights_style
2026-06-29,2999999999,27,42,2,2,0,0,0,0,0.0,100.0,synthetic_shopee_business_insights_style
2026-06-30,2999999999,83,131,6,6,2,2,2,0,2.41,66.7,synthetic_shopee_business_insights_style
2026-07-01,2999999999,78,111,6,6,2,2,2,0,2.56,66.7,synthetic_shopee_business_insights_style
2026-07-02,2999999999,30,37,2,2,0,0,0,0,0.0,100.0,synthetic_shopee_business_insights_style
2026-07-03,2999999999,158,231,12,13,3,3,3,0,1.9,75.0,synthetic_shopee_business_insights_style
2026-07-04,2999999999,112,143,8,8,2,2,2,0,1.79,75.0,synthetic_shopee_business_insights_style
2026-07-05,2999999999,38,49,3,3,1,1,1,0,2.63,66.7,synthetic_shopee_business_insights_style
2026-07-06,2999999999,134,185,9,9,4,4,3,1,2.99,55.6,synthetic_shopee_business_insights_style
2026-07-07,2999999999,123,165,10,12,3,3,3,0,2.44,70.0,synthetic_shopee_business_insights_style
2026-07-08,2999999999,146,206,10,10,3,3,3,0,2.05,70.0,synthetic_shopee_business_insights_style
2026-07-09,2999999999,19,29,0,0,0,0,0,0,0.0,,synthetic_shopee_business_insights_style
2026-07-10,2999999999,120,155,10,12,3,3,3,0,2.5,70.0,synthetic_shopee_business_insights_style
2026-07-11,2999999999,42,57,3,3,1,1,1,0,2.38,66.7,synthetic_shopee_business_insights_style
2026-07-12,2999999999,249,385,18,22,6,6,6,0,2.41,66.7,synthetic_shopee_business_insights_style
2026-07-13,2999999999,38,59,3,3,1,1,1,0,2.63,66.7,synthetic_shopee_business_insights_style
2026-07-14,2999999999,73,110,6,6,3,3,2,1,4.11,50.0,synthetic_shopee_business_insights_style
2026-07-15,2999999999,210,327,14,15,4,4,4,0,1.9,71.4,synthetic_shopee_business_insights_style
2026-07-16,2999999999,105,155,7,7,2,2,2,0,1.9,71.4,synthetic_shopee_business_insights_style
2026-07-17,2999999999,103,141,8,9,2,2,2,0,1.94,75.0,synthetic_shopee_business_insights_style
2026-07-18,2999999999,60,86,4,4,1,1,1,0,1.67,75.0,synthetic_shopee_business_insights_style
2026-07-19,2999999999,26,34,2,2,0,0,0,0,0.0,100.0,synthetic_shopee_business_insights_style
2026-07-20,2999999999,127,170,10,12,3,3,3,0,2.36,70.0,synthetic_shopee_business_insights_style
2026-07-21,2999999999,56,70,4,4,1,1,1,0,1.79,75.0,synthetic_shopee_business_insights_style
2026-07-22,2999999999,143,199,10,12,3,3,3,0,2.1,70.0,synthetic_shopee_business_insights_style
2026-07-23,2999999999,74,93,6,6,3,3,2,1,4.05,50.0,synthetic_shopee_business_insights_style
2026-07-24,2999999999,105,162,7,8,2,2,2,0,1.9,71.4,synthetic_shopee_business_insights_style
2026-07-25,2999999999,176,280,14,17,4,4,4,0,2.27,71.4,synthetic_shopee_business_insights_style
2026-07-26,2999999999,81,128,6,6,2,2,2,0,2.47,66.7,synthetic_shopee_business_insights_style
2026-07-27,2999999999,158,210,13,15,4,4,4,0,2.53,69.2,synthetic_shopee_business_insights_style
2026-07-28,2999999999,98,145,7,8,2,2,2,0,2.04,71.4,synthetic_shopee_business_insights_style
2026-07-29,2999999999,47,75,4,4,1,1,1,0,2.13,75.0,synthetic_shopee_business_insights_style
2026-07-30,2999999999,103,141,7,7,3,3,2,1,2.91,57.1,synthetic_shopee_business_insights_style
2026-07-31,2999999999,53,75,4,4,1,1,1,0,1.89,75.0,synthetic_shopee_business_insights_style
2026-08-01,2999999999,379,483,28,30,8,8,7,1,2.11,71.4,synthetic_shopee_business_insights_style
2026-08-02,2999999999,404,566,27,32,7,7,7,0,1.73,74.1,synthetic_shopee_business_insights_style
2026-08-03,2999999999,165,243,12,13,3,3,3,0,1.82,75.0,synthetic_shopee_business_insights_style
2026-08-04,2999999999,89,126,7,7,4,4,2,2,4.49,42.9,synthetic_shopee_business_insights_style
2026-08-05,2999999999,39,55,3,3,1,1,1,0,2.56,66.7,synthetic_shopee_business_insights_style
2026-08-06,2999999999,200,283,15,19,6,6,5,1,3.0,60.0,synthetic_shopee_business_insights_style
2026-08-07,2999999999,105,135,9,11,4,4,3,1,3.81,55.6,synthetic_shopee_business_insights_style
2026-08-08,2999999999,303,466,21,22,6,6,6,0,1.98,71.4,synthetic_shopee_business_insights_style
2026-08-09,2999999999,205,294,15,16,5,5,4,1,2.44,66.7,synthetic_shopee_business_insights_style
2026-08-10,2999999999,71,95,6,6,2,2,2,0,2.82,66.7,synthetic_shopee_business_insights_style
2026-08-11,2999999999,102,131,9,9,3,3,3,0,2.94,66.7,synthetic_shopee_business_insights_style
2026-08-12,2999999999,116,182,9,10,4,4,3,1,3.45,55.6,synthetic_shopee_business_insights_style
2026-08-13,2999999999,128,193,11,13,4,4,4,0,3.12,63.6,synthetic_shopee_business_insights_style
2026-08-14,2999999999,127,197,9,10,3,3,3,0,2.36,66.7,synthetic_shopee_business_insights_style
2026-08-15,2999999999,114,171,9,9,3,3,3,0,2.63,66.7,synthetic_shopee_business_insights_style
2026-08-16,2999999999,148,196,12,14,4,4,4,0,2.7,66.7,synthetic_shopee_business_insights_style
2026-08-17,2999999999,181,240,13,14,5,5,5,0,2.76,61.5,synthetic_shopee_business_insights_style
2026-08-18,2999999999,123,168,10,12,3,3,3,0,2.44,70.0,synthetic_shopee_business_insights_style
2026-08-19,2999999999,316,471,24,29,7,7,6,1,2.22,70.8,synthetic_shopee_business_insights_style
2026-08-20,2999999999,35,46,3,3,1,1,1,0,2.86,66.7,synthetic_shopee_business_insights_style
2026-08-21,2999999999,37,49,3,3,1,1,1,0,2.7,66.7,synthetic_shopee_business_insights_style
2026-08-22,2999999999,41,54,3,3,1,1,1,0,2.44,66.7,synthetic_shopee_business_insights_style
2026-08-23,2999999999,233,369,16,19,4,4,4,0,1.72,75.0,synthetic_shopee_business_insights_style
2026-08-24,2999999999,18,28,0,0,0,0,0,0,0.0,,synthetic_shopee_business_insights_style
2026-08-25,2999999999,136,208,11,12,3,3,3,0,2.21,72.7,synthetic_shopee_business_insights_style
2026-08-26,2999999999,212,290,17,18,5,5,5,0,2.36,70.6,synthetic_shopee_business_insights_style
2026-08-27,2999999999,111,155,9,11,3,3,3,0,2.7,66.7,synthetic_shopee_business_insights_style
2026-08-28,2999999999,625,868,42,49,12,12,12,0,1.92,71.4,synthetic_shopee_business_insights_style
2026-08-29,2999999999,446,711,34,36,10,10,9,1,2.24,70.6,synthetic_shopee_business_insights_style
2026-08-30,2999999999,189,300,14,17,6,6,5,1,3.17,57.1,synthetic_shopee_business_insights_style
2026-08-31,2999999999,143,184,11,12,3,3,3,0,2.1,72.7,synthetic_shopee_business_insights_style
2026-09-01,2999999999,83,110,6,7,2,2,2,0,2.41,66.7,synthetic_shopee_business_insights_style
2026-09-02,2999999999,146,187,10,10,4,4,3,1,2.74,60.0,synthetic_shopee_business_insights_style
2026-09-03,2999999999,118,186,9,10,3,3,3,0,2.54,66.7,synthetic_shopee_business_insights_style
2026-09-04,2999999999,2497,3357,167,204,56,56,49,7,2.24,66.5,synthetic_shopee_business_insights_style
2026-09-05,2999999999,227,316,20,21,7,7,7,0,3.08,65.0,synthetic_shopee_business_insights_style
2026-09-06,2999999999,130,164,10,11,3,3,3,0,2.31,70.0,synthetic_shopee_business_insights_style
2026-09-07,2999999999,138,192,10,10,3,3,3,0,2.17,70.0,synthetic_shopee_business_insights_style
2026-09-08,2999999999,181,228,16,19,6,6,5,1,3.31,62.5,synthetic_shopee_business_insights_style
2026-09-09,2999999999,409,513,27,29,11,11,9,2,2.69,59.3,synthetic_shopee_business_insights_style
2026-09-10,2999999999,196,271,13,16,6,6,4,2,3.06,53.8,synthetic_shopee_business_insights_style
2026-09-11,2999999999,285,374,19,23,5,5,5,0,1.75,73.7,synthetic_shopee_business_insights_style
2026-09-12,2999999999,172,235,12,14,3,3,3,0,1.74,75.0,synthetic_shopee_business_insights_style
2026-09-13,2999999999,16,23,0,0,0,0,0,0,0.0,,synthetic_shopee_business_insights_style
2026-09-14,2999999999,174,266,13,16,4,4,4,0,2.3,69.2,synthetic_shopee_business_insights_style
2026-09-15,2999999999,157,225,11,11,6,6,4,2,3.82,45.5,synthetic_shopee_business_insights_style
2026-09-16,2999999999,413,577,34,43,10,10,10,0,2.42,70.6,synthetic_shopee_business_insights_style
2026-09-17,2999999999,120,170,9,11,4,4,3,1,3.33,55.6,synthetic_shopee_business_insights_style
2026-09-18,2999999999,162,239,14,15,4,4,4,0,2.47,71.4,synthetic_shopee_business_insights_style
2026-09-19,2999999999,208,292,14,15,5,5,4,1,2.4,64.3,synthetic_shopee_business_insights_style
2026-09-20,2999999999,200,254,17,20,5,5,5,0,2.5,70.6,synthetic_shopee_business_insights_style
2026-09-21,2999999999,118,147,9,9,3,3,3,0,2.54,66.7,synthetic_shopee_business_insights_style
2026-09-22,2999999999,136,216,11,12,4,4,3,1,2.94,63.6,synthetic_shopee_business_insights_style
2026-09-23,2999999999,402,629,27,31,7,7,7,0,1.74,74.1,synthetic_shopee_business_insights_style
2026-09-24,2999999999,530,681,44,53,14,14,12,2,2.64,68.2,synthetic_shopee_business_insights_style
2026-09-25,2999999999,126,198,10,11,3,3,3,0,2.38,70.0,synthetic_shopee_business_insights_style
2026-09-26,2999999999,241,328,17,18,7,7,5,2,2.9,58.8,synthetic_shopee_business_insights_style
2026-09-27,2999999999,213,282,14,14,5,5,5,0,2.35,64.3,synthetic_shopee_business_insights_style
