date,weekday,sessions,sessions_from_instagram,product_page_views,add_to_cart_sessions,checkouts_started,orders_completed,orders_from_recovered_checkouts,abandoned_checkouts_total,abandoned_checkouts_in_recovery_export,abandoned_without_contact_info,gross_checkout_abandonment_rate_pct,net_checkout_abandonment_rate_pct,ig_post_published_within_40h
2026-06-01,Monday,134,26,290,15,9,3,0,6,2,4,66.7,66.7,no
2026-06-02,Tuesday,147,32,309,17,10,3,0,7,4,3,70.0,70.0,no
2026-06-03,Wednesday,102,28,223,12,7,3,1,5,3,2,71.4,57.1,no
2026-06-04,Thursday,260,54,660,28,16,4,0,12,9,3,75.0,75.0,no
2026-06-05,Friday,141,24,263,23,12,4,0,8,4,4,66.7,66.7,no
2026-06-06,Saturday,36,7,69,3,2,1,0,1,0,1,50.0,50.0,no
2026-06-07,Sunday,243,53,620,30,17,6,0,11,5,6,64.7,64.7,no
2026-06-08,Monday,14,2,31,1,1,0,0,1,1,0,100.0,0.0,no
2026-06-09,Tuesday,109,26,249,12,7,2,1,6,2,4,85.7,85.7,no
2026-06-10,Wednesday,150,37,337,14,9,3,0,6,5,1,66.7,66.7,no
2026-06-11,Thursday,154,33,278,15,8,2,0,6,4,2,75.0,75.0,no
2026-06-12,Friday,70,13,135,9,5,1,0,4,3,1,80.0,60.0,no
2026-06-13,Saturday,118,19,292,13,7,3,1,5,4,1,71.4,57.1,no
2026-06-14,Sunday,185,39,464,21,12,4,1,9,6,3,75.0,75.0,no
2026-06-15,Monday,92,15,194,3,0,0,0,0,0,0,,,no
2026-06-16,Tuesday,76,14,152,7,4,2,0,2,2,0,50.0,50.0,no
2026-06-17,Wednesday,71,15,171,2,0,0,0,0,0,0,,,no
2026-06-18,Thursday,19,4,36,1,1,1,0,0,0,0,0.0,0.0,no
2026-06-19,Friday,145,31,360,17,11,4,0,7,4,3,63.6,63.6,no
2026-06-20,Saturday,41,7,80,5,3,2,0,1,0,1,33.3,33.3,no
2026-06-21,Sunday,28,5,65,3,2,1,0,1,1,0,50.0,50.0,no
2026-06-22,Monday,195,47,456,16,10,3,0,7,2,5,70.0,70.0,no
2026-06-23,Tuesday,70,17,163,2,0,0,0,0,0,0,,,no
2026-06-24,Wednesday,141,27,341,14,9,5,0,4,2,2,44.4,44.4,no
2026-06-25,Thursday,61,12,118,7,4,2,0,2,2,0,50.0,50.0,no
2026-06-26,Friday,219,41,474,26,14,4,1,11,9,2,78.6,71.4,no
2026-06-27,Saturday,179,42,416,22,12,4,0,8,5,3,66.7,66.7,no
2026-06-28,Sunday,98,23,221,10,6,2,0,4,3,1,66.7,50.0,no
2026-06-29,Monday,95,23,176,13,7,3,1,5,3,2,71.4,71.4,no
2026-06-30,Tuesday,256,65,649,24,15,4,0,11,4,7,73.3,73.3,no
2026-07-01,Wednesday,18,4,44,1,1,0,0,1,1,0,100.0,0.0,no
2026-07-02,Thursday,138,24,256,18,10,4,1,7,1,6,70.0,70.0,no
2026-07-03,Friday,66,16,163,2,0,0,0,0,0,0,,,no
2026-07-04,Saturday,178,29,429,21,12,3,0,9,6,3,75.0,75.0,no
2026-07-05,Sunday,107,21,237,9,6,2,0,4,1,3,66.7,66.7,no
2026-07-06,Monday,119,25,304,12,7,3,0,4,1,3,57.1,57.1,no
2026-07-07,Tuesday,146,38,359,19,11,4,0,7,3,4,63.6,63.6,no
2026-07-08,Wednesday,67,13,124,6,4,2,0,2,1,1,50.0,50.0,no
2026-07-09,Thursday,153,30,280,21,12,3,0,9,6,3,75.0,75.0,no
2026-07-10,Friday,189,36,405,25,14,4,2,12,8,4,85.7,71.4,no
2026-07-11,Saturday,77,16,153,8,5,3,0,2,0,2,40.0,40.0,no
2026-07-12,Sunday,141,30,312,19,12,4,0,8,5,3,66.7,58.3,no
2026-07-13,Monday,135,29,347,19,10,3,1,8,4,4,80.0,60.0,no
2026-07-14,Tuesday,380,82,718,37,23,7,2,18,9,9,78.3,73.9,no
2026-07-15,Wednesday,46,9,93,4,3,2,1,2,1,1,66.7,66.7,no
2026-07-16,Thursday,49,12,119,5,3,2,1,2,1,1,66.7,33.3,no
2026-07-17,Friday,61,13,130,7,4,1,0,3,2,1,75.0,75.0,no
2026-07-18,Saturday,205,36,499,23,12,4,0,8,3,5,66.7,58.3,no
2026-07-19,Sunday,69,14,171,8,5,2,1,4,3,1,80.0,80.0,no
2026-07-20,Monday,217,42,533,22,14,4,0,10,7,3,71.4,71.4,no
2026-07-21,Tuesday,190,37,398,21,12,4,0,8,4,4,66.7,66.7,no
2026-07-22,Wednesday,239,54,533,28,17,5,0,12,7,5,70.6,70.6,no
2026-07-23,Thursday,209,38,479,27,15,3,0,12,6,6,80.0,80.0,no
2026-07-24,Friday,16,4,28,1,1,1,0,0,0,0,0.0,0.0,no
2026-07-25,Saturday,173,38,317,25,14,4,1,11,7,4,78.6,71.4,no
2026-07-26,Sunday,207,48,435,19,12,3,1,10,7,3,83.3,75.0,no
2026-07-27,Monday,183,34,423,21,12,3,0,9,5,4,75.0,75.0,no
2026-07-28,Tuesday,165,35,381,23,13,4,0,9,3,6,69.2,61.5,no
2026-07-29,Wednesday,170,29,337,23,12,4,1,9,7,2,75.0,75.0,no
2026-07-30,Thursday,135,33,303,16,10,3,0,7,5,2,70.0,70.0,no
2026-07-31,Friday,161,37,336,20,12,5,0,7,4,3,58.3,50.0,no
2026-08-01,Saturday,783,379,1706,86,48,18,1,31,16,15,64.6,62.5,yes
2026-08-02,Sunday,1162,574,2521,115,69,20,1,50,29,21,72.5,72.5,yes
2026-08-03,Monday,557,132,1008,60,35,10,2,27,18,9,77.1,71.4,no
2026-08-04,Tuesday,245,51,590,24,15,6,0,9,4,5,60.0,60.0,no
2026-08-05,Wednesday,284,63,555,31,17,6,1,12,10,2,70.6,58.8,no
2026-08-06,Thursday,213,52,435,27,15,4,2,13,7,6,86.7,80.0,no
2026-08-07,Friday,67,15,138,7,4,2,0,2,2,0,50.0,50.0,no
2026-08-08,Saturday,33,7,75,3,2,1,1,2,1,1,100.0,50.0,no
2026-08-09,Sunday,64,16,132,8,5,2,0,3,2,1,60.0,60.0,no
2026-08-10,Monday,707,149,1461,71,44,16,1,29,18,11,65.9,63.6,no
2026-08-11,Tuesday,683,293,1664,81,48,15,0,33,20,13,68.8,66.7,yes
2026-08-12,Wednesday,651,275,1550,79,40,13,1,28,18,10,70.0,70.0,yes
2026-08-13,Thursday,272,59,662,39,21,6,1,16,9,7,76.2,71.4,no
2026-08-14,Friday,70,15,164,7,4,3,0,1,1,0,25.0,0.0,no
2026-08-15,Saturday,224,46,406,36,19,5,1,15,9,6,78.9,68.4,no
2026-08-16,Sunday,291,63,691,38,20,4,3,19,11,8,95.0,90.0,no
2026-08-17,Monday,157,36,308,17,10,4,0,6,4,2,60.0,60.0,no
2026-08-18,Tuesday,72,16,179,11,6,3,0,3,3,0,50.0,50.0,no
2026-08-19,Wednesday,12,2,26,1,1,1,0,0,0,0,0.0,0.0,no
2026-08-20,Thursday,100,20,219,10,6,2,0,4,3,1,66.7,66.7,no
2026-08-21,Friday,260,47,605,28,17,5,0,12,7,5,70.6,70.6,no
2026-08-22,Saturday,124,37,235,16,10,4,1,7,6,1,70.0,60.0,no
2026-08-23,Sunday,242,91,541,35,20,8,0,12,6,6,60.0,60.0,yes
2026-08-24,Monday,249,114,499,28,15,6,0,9,7,2,60.0,60.0,yes
2026-08-25,Tuesday,305,54,560,35,21,8,1,14,8,6,66.7,61.9,no
2026-08-26,Wednesday,143,28,354,18,10,3,0,7,3,4,70.0,70.0,no
2026-08-27,Thursday,141,35,359,13,8,3,0,5,4,1,62.5,50.0,no
2026-08-28,Friday,1855,825,3753,182,100,36,2,66,33,33,66.0,63.0,yes
2026-08-29,Saturday,798,366,1465,110,66,24,5,47,33,14,71.2,65.2,yes
2026-08-30,Sunday,681,171,1703,94,49,18,2,33,18,15,67.3,65.3,no
2026-08-31,Monday,431,95,1007,54,33,13,1,21,16,5,63.6,60.6,no
2026-09-01,Tuesday,368,78,745,43,25,8,0,17,12,5,68.0,68.0,no
2026-09-02,Wednesday,143,23,289,15,9,3,0,6,5,1,66.7,55.6,no
2026-09-03,Thursday,541,122,1319,73,44,9,2,37,28,9,84.1,47.7,no
2026-09-04,Friday,12601,2505,31446,1613,991,189,28,830,477,353,83.8,82.3,no
2026-09-05,Saturday,1304,310,3012,154,94,26,1,69,33,36,73.4,73.4,no
2026-09-06,Sunday,214,45,402,28,15,6,1,10,8,2,66.7,53.3,no
2026-09-07,Monday,145,28,286,22,12,5,1,8,4,4,66.7,66.7,no
2026-09-08,Tuesday,224,97,506,26,16,6,0,10,4,6,62.5,62.5,yes
2026-09-09,Wednesday,316,74,683,41,24,8,1,17,14,3,70.8,62.5,no
2026-09-10,Thursday,297,69,731,40,23,11,1,13,10,3,56.5,56.5,no
2026-09-11,Friday,41,7,104,4,3,2,0,1,1,0,33.3,0.0,no
2026-09-12,Saturday,284,48,718,28,17,6,1,12,7,5,70.6,70.6,no
2026-09-13,Sunday,189,41,463,25,14,4,0,10,5,5,71.4,71.4,no
2026-09-14,Monday,139,32,306,21,11,4,1,8,4,4,72.7,63.6,no
2026-09-15,Tuesday,161,43,329,16,10,4,0,6,3,3,60.0,60.0,no
2026-09-16,Wednesday,558,228,1193,78,43,13,1,31,25,6,72.1,69.8,yes
2026-09-17,Thursday,624,123,1221,58,32,10,1,23,13,10,71.9,68.8,no
2026-09-18,Friday,70,17,140,7,4,1,0,3,2,1,75.0,75.0,no
2026-09-19,Saturday,154,36,292,15,8,4,0,4,3,1,50.0,50.0,no
2026-09-20,Sunday,259,55,570,23,14,4,1,11,5,6,78.6,71.4,no
2026-09-21,Monday,198,42,392,22,14,6,0,8,6,2,57.1,57.1,no
2026-09-22,Tuesday,137,24,252,21,11,3,0,8,3,5,72.7,72.7,no
2026-09-23,Wednesday,1218,450,2748,171,91,33,4,62,34,28,68.1,60.4,yes
2026-09-24,Thursday,1537,639,3807,140,87,37,3,53,34,19,60.9,59.8,yes
2026-09-25,Friday,1735,805,3704,163,90,30,2,62,31,31,68.9,66.7,yes
2026-09-26,Saturday,677,165,1653,96,50,18,3,35,17,18,70.0,66.0,no
2026-09-27,Sunday,228,64,567,31,17,7,1,11,5,6,64.7,58.8,no
