date,product_id,product_views,unique_visitors,cart_additions,wishlist_additions,buyers,orders,conversion_pct,derived_cart_abandonment_pct,data_source
2026-06-01,TKP-LT-001,74,59,4,1,1,1,1.69,75.0,synthetic_tokopedia_statistics_style
2026-06-02,TKP-LT-001,92,68,4,1,1,1,1.47,75.0,synthetic_tokopedia_statistics_style
2026-06-03,TKP-LT-001,84,66,4,1,1,1,1.52,75.0,synthetic_tokopedia_statistics_style
2026-06-04,TKP-LT-001,28,23,0,0,0,0,0.0,,synthetic_tokopedia_statistics_style
2026-06-05,TKP-LT-001,76,56,4,1,1,1,1.79,75.0,synthetic_tokopedia_statistics_style
2026-06-06,TKP-LT-001,17,13,1,0,0,0,0.0,100.0,synthetic_tokopedia_statistics_style
2026-06-07,TKP-LT-001,18,15,1,0,0,0,0.0,100.0,synthetic_tokopedia_statistics_style
2026-06-08,TKP-LT-001,180,138,9,3,2,2,1.45,77.8,synthetic_tokopedia_statistics_style
2026-06-09,TKP-LT-001,86,62,4,1,1,1,1.61,75.0,synthetic_tokopedia_statistics_style
2026-06-10,TKP-LT-001,19,16,1,0,0,0,0.0,100.0,synthetic_tokopedia_statistics_style
2026-06-11,TKP-LT-001,19,16,0,0,0,0,0.0,,synthetic_tokopedia_statistics_style
2026-06-12,TKP-LT-001,63,52,3,2,1,1,1.92,66.7,synthetic_tokopedia_statistics_style
2026-06-13,TKP-LT-001,125,93,6,2,2,2,2.15,66.7,synthetic_tokopedia_statistics_style
2026-06-14,TKP-LT-001,51,40,3,1,1,1,2.5,66.7,synthetic_tokopedia_statistics_style
2026-06-15,TKP-LT-001,158,119,9,3,2,2,1.68,77.8,synthetic_tokopedia_statistics_style
2026-06-16,TKP-LT-001,186,133,8,5,2,2,1.5,75.0,synthetic_tokopedia_statistics_style
2026-06-17,TKP-LT-001,172,134,8,5,2,2,1.49,75.0,synthetic_tokopedia_statistics_style
2026-06-18,TKP-LT-001,17,14,0,0,0,0,0.0,,synthetic_tokopedia_statistics_style
2026-06-19,TKP-LT-001,164,120,7,2,2,2,1.67,71.4,synthetic_tokopedia_statistics_style
2026-06-20,TKP-LT-001,83,57,4,1,1,1,1.75,75.0,synthetic_tokopedia_statistics_style
2026-06-21,TKP-LT-001,63,46,3,2,1,1,2.17,66.7,synthetic_tokopedia_statistics_style
2026-06-22,TKP-LT-001,76,57,4,2,1,1,1.75,75.0,synthetic_tokopedia_statistics_style
2026-06-23,TKP-LT-001,79,55,4,1,1,1,1.82,75.0,synthetic_tokopedia_statistics_style
2026-06-24,TKP-LT-001,145,117,7,2,2,2,1.71,71.4,synthetic_tokopedia_statistics_style
2026-06-25,TKP-LT-001,139,104,7,4,2,2,1.92,71.4,synthetic_tokopedia_statistics_style
2026-06-26,TKP-LT-001,163,130,8,5,2,2,1.54,75.0,synthetic_tokopedia_statistics_style
2026-06-27,TKP-LT-001,85,61,4,1,1,1,1.64,75.0,synthetic_tokopedia_statistics_style
2026-06-28,TKP-LT-001,155,108,7,3,2,2,1.85,71.4,synthetic_tokopedia_statistics_style
2026-06-29,TKP-LT-001,23,16,1,0,0,0,0.0,100.0,synthetic_tokopedia_statistics_style
2026-06-30,TKP-LT-001,43,32,2,1,0,0,0.0,100.0,synthetic_tokopedia_statistics_style
2026-07-01,TKP-LT-001,18,13,1,0,0,0,0.0,100.0,synthetic_tokopedia_statistics_style
2026-07-02,TKP-LT-001,38,31,2,1,0,0,0.0,100.0,synthetic_tokopedia_statistics_style
2026-07-03,TKP-LT-001,96,65,4,1,1,1,1.54,75.0,synthetic_tokopedia_statistics_style
2026-07-04,TKP-LT-001,67,48,3,1,0,0,0.0,100.0,synthetic_tokopedia_statistics_style
2026-07-05,TKP-LT-001,170,121,7,3,2,2,1.65,71.4,synthetic_tokopedia_statistics_style
2026-07-06,TKP-LT-001,83,65,4,1,1,1,1.54,75.0,synthetic_tokopedia_statistics_style
2026-07-07,TKP-LT-001,66,49,3,1,1,1,2.04,66.7,synthetic_tokopedia_statistics_style
2026-07-08,TKP-LT-001,280,197,12,6,3,3,1.52,75.0,synthetic_tokopedia_statistics_style
2026-07-09,TKP-LT-001,16,13,0,0,0,0,0.0,,synthetic_tokopedia_statistics_style
2026-07-10,TKP-LT-001,159,111,7,3,2,2,1.8,71.4,synthetic_tokopedia_statistics_style
2026-07-11,TKP-LT-001,77,52,4,2,1,1,1.92,75.0,synthetic_tokopedia_statistics_style
2026-07-12,TKP-LT-001,151,110,7,3,2,2,1.82,71.4,synthetic_tokopedia_statistics_style
2026-07-13,TKP-LT-001,16,13,1,0,0,0,0.0,100.0,synthetic_tokopedia_statistics_style
2026-07-14,TKP-LT-001,139,105,7,2,2,2,1.9,71.4,synthetic_tokopedia_statistics_style
2026-07-15,TKP-LT-001,156,117,7,4,2,2,1.71,71.4,synthetic_tokopedia_statistics_style
2026-07-16,TKP-LT-001,59,46,3,1,1,1,2.17,66.7,synthetic_tokopedia_statistics_style
2026-07-17,TKP-LT-001,139,114,8,3,2,2,1.75,75.0,synthetic_tokopedia_statistics_style
2026-07-18,TKP-LT-001,74,52,3,1,1,1,1.92,66.7,synthetic_tokopedia_statistics_style
2026-07-19,TKP-LT-001,22,15,1,0,0,0,0.0,100.0,synthetic_tokopedia_statistics_style
2026-07-20,TKP-LT-001,17,13,0,0,0,0,0.0,,synthetic_tokopedia_statistics_style
2026-07-21,TKP-LT-001,88,63,4,1,0,0,0.0,100.0,synthetic_tokopedia_statistics_style
2026-07-22,TKP-LT-001,70,52,3,1,1,1,1.92,66.7,synthetic_tokopedia_statistics_style
2026-07-23,TKP-LT-001,15,13,1,0,0,0,0.0,100.0,synthetic_tokopedia_statistics_style
2026-07-24,TKP-LT-001,19,13,0,0,0,0,0.0,,synthetic_tokopedia_statistics_style
2026-07-25,TKP-LT-001,75,59,4,2,1,1,1.69,75.0,synthetic_tokopedia_statistics_style
2026-07-26,TKP-LT-001,141,106,8,3,2,2,1.89,75.0,synthetic_tokopedia_statistics_style
2026-07-27,TKP-LT-001,49,41,3,1,1,1,2.44,66.7,synthetic_tokopedia_statistics_style
2026-07-28,TKP-LT-001,94,66,4,2,1,1,1.52,75.0,synthetic_tokopedia_statistics_style
2026-07-29,TKP-LT-001,82,60,4,1,1,1,1.67,75.0,synthetic_tokopedia_statistics_style
2026-07-30,TKP-LT-001,97,73,5,3,1,1,1.37,80.0,synthetic_tokopedia_statistics_style
2026-07-31,TKP-LT-001,83,56,4,1,1,1,1.79,75.0,synthetic_tokopedia_statistics_style
2026-08-01,TKP-LT-001,93,65,4,2,1,1,1.54,75.0,synthetic_tokopedia_statistics_style
2026-08-02,TKP-LT-001,80,55,4,1,1,1,1.82,75.0,synthetic_tokopedia_statistics_style
2026-08-03,TKP-LT-001,74,56,4,2,1,1,1.79,75.0,synthetic_tokopedia_statistics_style
2026-08-04,TKP-LT-001,107,82,6,2,2,2,2.44,66.7,synthetic_tokopedia_statistics_style
2026-08-05,TKP-LT-001,69,49,3,1,1,1,2.04,66.7,synthetic_tokopedia_statistics_style
2026-08-06,TKP-LT-001,86,64,4,1,1,1,1.56,75.0,synthetic_tokopedia_statistics_style
2026-08-07,TKP-LT-001,22,16,0,0,0,0,0.0,,synthetic_tokopedia_statistics_style
2026-08-08,TKP-LT-001,218,163,11,5,3,3,1.84,72.7,synthetic_tokopedia_statistics_style
2026-08-09,TKP-LT-001,59,40,3,1,1,1,2.5,66.7,synthetic_tokopedia_statistics_style
2026-08-10,TKP-LT-001,65,52,3,1,1,1,1.92,66.7,synthetic_tokopedia_statistics_style
2026-08-11,TKP-LT-001,296,214,13,7,4,4,1.87,69.2,synthetic_tokopedia_statistics_style
2026-08-12,TKP-LT-001,75,51,3,1,1,1,1.96,66.7,synthetic_tokopedia_statistics_style
2026-08-13,TKP-LT-001,154,103,6,3,2,2,1.94,66.7,synthetic_tokopedia_statistics_style
2026-08-14,TKP-LT-001,20,17,1,0,0,0,0.0,100.0,synthetic_tokopedia_statistics_style
2026-08-15,TKP-LT-001,38,27,2,1,0,0,0.0,100.0,synthetic_tokopedia_statistics_style
2026-08-16,TKP-LT-001,72,58,4,1,1,1,1.72,75.0,synthetic_tokopedia_statistics_style
2026-08-17,TKP-LT-001,252,207,12,4,3,3,1.45,75.0,synthetic_tokopedia_statistics_style
2026-08-18,TKP-LT-001,17,13,1,0,0,0,0.0,100.0,synthetic_tokopedia_statistics_style
2026-08-19,TKP-LT-001,79,53,4,2,1,1,1.89,75.0,synthetic_tokopedia_statistics_style
2026-08-20,TKP-LT-001,14,11,0,0,0,0,0.0,,synthetic_tokopedia_statistics_style
2026-08-21,TKP-LT-001,196,143,9,3,2,2,1.4,77.8,synthetic_tokopedia_statistics_style
2026-08-22,TKP-LT-001,141,112,7,3,2,2,1.79,71.4,synthetic_tokopedia_statistics_style
2026-08-23,TKP-LT-001,76,55,4,1,1,1,1.82,75.0,synthetic_tokopedia_statistics_style
2026-08-24,TKP-LT-001,102,69,4,2,1,1,1.45,75.0,synthetic_tokopedia_statistics_style
2026-08-25,TKP-LT-001,103,79,6,2,2,2,2.53,66.7,synthetic_tokopedia_statistics_style
2026-08-26,TKP-LT-001,161,132,9,3,2,2,1.52,77.8,synthetic_tokopedia_statistics_style
2026-08-27,TKP-LT-001,297,246,14,6,4,4,1.63,71.4,synthetic_tokopedia_statistics_style
2026-08-28,TKP-LT-001,364,258,19,8,6,6,2.33,68.4,synthetic_tokopedia_statistics_style
2026-08-29,TKP-LT-001,360,295,17,8,5,5,1.69,70.6,synthetic_tokopedia_statistics_style
2026-08-30,TKP-LT-001,117,96,7,2,2,2,2.08,71.4,synthetic_tokopedia_statistics_style
2026-08-31,TKP-LT-001,56,40,3,1,1,1,2.5,66.7,synthetic_tokopedia_statistics_style
2026-09-01,TKP-LT-001,457,315,19,11,6,6,1.9,68.4,synthetic_tokopedia_statistics_style
2026-09-02,TKP-LT-001,314,235,18,11,4,4,1.7,77.8,synthetic_tokopedia_statistics_style
2026-09-03,TKP-LT-001,234,166,11,4,3,3,1.81,72.7,synthetic_tokopedia_statistics_style
2026-09-04,TKP-LT-001,1463,1084,81,49,18,18,1.66,77.8,synthetic_tokopedia_statistics_style
2026-09-05,TKP-LT-001,690,494,28,10,7,7,1.42,75.0,synthetic_tokopedia_statistics_style
2026-09-06,TKP-LT-001,79,53,4,1,1,1,1.89,75.0,synthetic_tokopedia_statistics_style
2026-09-07,TKP-LT-001,49,39,3,1,1,1,2.56,66.7,synthetic_tokopedia_statistics_style
2026-09-08,TKP-LT-001,176,147,9,4,3,3,2.04,66.7,synthetic_tokopedia_statistics_style
2026-09-09,TKP-LT-001,307,236,18,5,6,6,2.54,66.7,synthetic_tokopedia_statistics_style
2026-09-10,TKP-LT-001,321,248,16,7,4,4,1.61,75.0,synthetic_tokopedia_statistics_style
2026-09-11,TKP-LT-001,90,65,5,1,1,1,1.54,80.0,synthetic_tokopedia_statistics_style
2026-09-12,TKP-LT-001,155,107,8,2,2,2,1.87,75.0,synthetic_tokopedia_statistics_style
2026-09-13,TKP-LT-001,64,49,3,1,1,1,2.04,66.7,synthetic_tokopedia_statistics_style
2026-09-14,TKP-LT-001,185,140,10,6,3,3,2.14,70.0,synthetic_tokopedia_statistics_style
2026-09-15,TKP-LT-001,43,35,2,1,0,0,0.0,100.0,synthetic_tokopedia_statistics_style
2026-09-16,TKP-LT-001,183,152,9,5,2,2,1.32,77.8,synthetic_tokopedia_statistics_style
2026-09-17,TKP-LT-001,210,150,10,3,3,3,2.0,70.0,synthetic_tokopedia_statistics_style
2026-09-18,TKP-LT-001,301,230,14,5,4,4,1.74,71.4,synthetic_tokopedia_statistics_style
2026-09-19,TKP-LT-001,146,105,7,2,2,2,1.9,71.4,synthetic_tokopedia_statistics_style
2026-09-20,TKP-LT-001,143,109,7,3,2,2,1.83,71.4,synthetic_tokopedia_statistics_style
2026-09-21,TKP-LT-001,84,69,4,1,1,1,1.45,75.0,synthetic_tokopedia_statistics_style
2026-09-22,TKP-LT-001,220,161,11,5,3,3,1.86,72.7,synthetic_tokopedia_statistics_style
2026-09-23,TKP-LT-001,302,206,14,9,4,4,1.94,71.4,synthetic_tokopedia_statistics_style
2026-09-24,TKP-LT-001,304,209,13,5,4,4,1.91,69.2,synthetic_tokopedia_statistics_style
2026-09-25,TKP-LT-001,151,112,8,4,2,2,1.79,75.0,synthetic_tokopedia_statistics_style
2026-09-26,TKP-LT-001,292,218,16,7,4,4,1.83,75.0,synthetic_tokopedia_statistics_style
2026-09-27,TKP-LT-001,170,135,8,4,2,2,1.48,75.0,synthetic_tokopedia_statistics_style
