date,weekday,channel_group,platform,orders,units_sold,order_total_idr,gross_profit_idr,loop_tote_ig_post_that_day,ig_post_ids
2026-06-01,Monday,Indonesian marketplace,Shopee,1,1,195500,67252,no,
2026-06-01,Monday,Indonesian marketplace,Tokopedia,1,3,563500,261420,no,
2026-06-01,Monday,Indonesian marketplace,TikTok Shop,1,1,179000,85785,no,
2026-06-01,Monday,Indonesian marketplace,Lazada,0,0,0,0,no,
2026-06-01,Monday,Indonesian marketplace,Blibli,0,0,0,0,no,
2026-06-01,Monday,Amazon,Amazon,0,0,0,0,no,
2026-06-01,Monday,Website (Shopify),Website (Shopify),3,5,966000,526214,no,
2026-06-01,Monday,Instagram,Instagram (DM/WhatsApp),1,1,204000,109572,no,
2026-06-01,Monday,Physical store,Bandung store,1,1,189000,109110,no,
2026-06-02,Tuesday,Indonesian marketplace,Shopee,3,3,562500,117342,no,
2026-06-02,Tuesday,Indonesian marketplace,Tokopedia,1,1,189000,95880,no,
2026-06-02,Tuesday,Indonesian marketplace,TikTok Shop,0,0,0,0,no,
2026-06-02,Tuesday,Indonesian marketplace,Lazada,1,1,189000,94935,no,
2026-06-02,Tuesday,Indonesian marketplace,Blibli,0,0,0,0,no,
2026-06-02,Tuesday,Amazon,Amazon,0,0,0,0,no,
2026-06-02,Tuesday,Website (Shopify),Website (Shopify),3,3,656000,324187,no,
2026-06-02,Tuesday,Instagram,Instagram (DM/WhatsApp),2,1,207000,111000,no,
2026-06-02,Tuesday,Physical store,Bandung store,4,5,945000,549141,no,
2026-06-03,Wednesday,Indonesian marketplace,Shopee,0,0,0,0,no,
2026-06-03,Wednesday,Indonesian marketplace,Tokopedia,1,1,199500,87140,no,
2026-06-03,Wednesday,Indonesian marketplace,TikTok Shop,2,2,355000,47100,no,
2026-06-03,Wednesday,Indonesian marketplace,Lazada,0,0,0,0,no,
2026-06-03,Wednesday,Indonesian marketplace,Blibli,1,1,219000,95880,no,
2026-06-03,Wednesday,Amazon,Amazon,0,0,0,0,no,
2026-06-03,Wednesday,Website (Shopify),Website (Shopify),3,3,649000,323453,no,
2026-06-03,Wednesday,Instagram,Instagram (DM/WhatsApp),1,2,359000,200487,no,
2026-06-03,Wednesday,Physical store,Bandung store,0,0,0,0,no,
2026-06-04,Thursday,Indonesian marketplace,Shopee,2,3,597000,279135,no,
2026-06-04,Thursday,Indonesian marketplace,Tokopedia,0,0,0,0,no,
2026-06-04,Thursday,Indonesian marketplace,TikTok Shop,0,0,0,0,no,
2026-06-04,Thursday,Indonesian marketplace,Lazada,0,0,0,0,no,
2026-06-04,Thursday,Indonesian marketplace,Blibli,1,1,204000,95880,no,
2026-06-04,Thursday,Amazon,Amazon,1,1,374574,143541,no,
2026-06-04,Thursday,Website (Shopify),Website (Shopify),4,4,811500,423921,no,
2026-06-04,Thursday,Instagram,Instagram (DM/WhatsApp),0,0,0,0,no,
2026-06-04,Thursday,Physical store,Bandung store,2,2,378000,207038,no,
2026-06-05,Friday,Indonesian marketplace,Shopee,2,1,189000,93045,no,
2026-06-05,Friday,Indonesian marketplace,Tokopedia,1,1,219000,95880,no,
2026-06-05,Friday,Indonesian marketplace,TikTok Shop,0,0,0,0,no,
2026-06-05,Friday,Indonesian marketplace,Lazada,0,0,0,0,no,
2026-06-05,Friday,Indonesian marketplace,Blibli,0,0,0,0,no,
2026-06-05,Friday,Amazon,Amazon,0,0,0,0,no,
2026-06-05,Friday,Website (Shopify),Website (Shopify),4,7,1378000,766000,no,
2026-06-05,Friday,Instagram,Instagram (DM/WhatsApp),1,1,207000,111000,no,
2026-06-05,Friday,Physical store,Bandung store,2,4,756000,438330,no,
2026-06-06,Saturday,Indonesian marketplace,Shopee,2,4,821000,372180,no,
2026-06-06,Saturday,Indonesian marketplace,Tokopedia,0,0,0,0,no,
2026-06-06,Saturday,Indonesian marketplace,TikTok Shop,2,2,393000,171570,no,
2026-06-06,Saturday,Indonesian marketplace,Lazada,0,0,0,0,no,
2026-06-06,Saturday,Indonesian marketplace,Blibli,0,0,0,0,no,
2026-06-06,Saturday,Amazon,Amazon,0,0,0,0,no,
2026-06-06,Saturday,Website (Shopify),Website (Shopify),1,1,229000,107000,no,
2026-06-06,Saturday,Instagram,Instagram (DM/WhatsApp),2,3,629500,323500,no,
2026-06-06,Saturday,Physical store,Bandung store,4,4,756000,438897,no,
2026-06-07,Sunday,Indonesian marketplace,Shopee,3,3,628500,253342,no,
2026-06-07,Sunday,Indonesian marketplace,Tokopedia,0,0,0,0,no,
2026-06-07,Sunday,Indonesian marketplace,TikTok Shop,0,0,0,0,no,
2026-06-07,Sunday,Indonesian marketplace,Lazada,0,0,0,0,no,
2026-06-07,Sunday,Indonesian marketplace,Blibli,1,1,189000,95880,no,
2026-06-07,Sunday,Amazon,Amazon,1,1,374574,143541,no,
2026-06-07,Sunday,Website (Shopify),Website (Shopify),6,10,1977000,1083405,no,
2026-06-07,Sunday,Instagram,Instagram (DM/WhatsApp),0,0,0,0,no,
2026-06-07,Sunday,Physical store,Bandung store,3,3,567000,328464,no,
2026-06-08,Monday,Indonesian marketplace,Shopee,3,5,995000,465225,no,
2026-06-08,Monday,Indonesian marketplace,Tokopedia,2,1,189000,95880,no,
2026-06-08,Monday,Indonesian marketplace,TikTok Shop,0,0,0,0,no,
2026-06-08,Monday,Indonesian marketplace,Lazada,0,0,0,0,no,
2026-06-08,Monday,Indonesian marketplace,Blibli,0,0,0,0,no,
2026-06-08,Monday,Amazon,Amazon,0,0,0,0,no,
2026-06-08,Monday,Website (Shopify),Website (Shopify),0,0,0,0,no,
2026-06-08,Monday,Instagram,Instagram (DM/WhatsApp),0,0,0,0,no,
2026-06-08,Monday,Physical store,Bandung store,4,6,1134000,655794,no,
2026-06-09,Tuesday,Indonesian marketplace,Shopee,3,3,538500,253342,no,
2026-06-09,Tuesday,Indonesian marketplace,Tokopedia,1,1,175500,69660,no,
2026-06-09,Tuesday,Indonesian marketplace,TikTok Shop,4,4,756000,301965,no,
2026-06-09,Tuesday,Indonesian marketplace,Lazada,1,1,209000,94935,no,
2026-06-09,Tuesday,Indonesian marketplace,Blibli,0,0,0,0,no,
2026-06-09,Tuesday,Amazon,Amazon,0,0,0,0,no,
2026-06-09,Tuesday,Website (Shopify),Website (Shopify),2,2,410000,214000,no,
2026-06-09,Tuesday,Instagram,Instagram (DM/WhatsApp),3,2,424000,200032,no,
2026-06-09,Tuesday,Physical store,Bandung store,1,3,567000,329031,no,
2026-06-10,Wednesday,Indonesian marketplace,Shopee,2,2,418000,186090,no,
2026-06-10,Wednesday,Indonesian marketplace,Tokopedia,0,0,0,0,no,
2026-06-10,Wednesday,Indonesian marketplace,TikTok Shop,0,0,0,0,no,
2026-06-10,Wednesday,Indonesian marketplace,Lazada,1,1,219000,94935,no,
2026-06-10,Wednesday,Indonesian marketplace,Blibli,0,0,0,0,no,
2026-06-10,Wednesday,Amazon,Amazon,1,1,374574,143541,no,
2026-06-10,Wednesday,Website (Shopify),Website (Shopify),3,3,621500,312328,no,
2026-06-10,Wednesday,Instagram,Instagram (DM/WhatsApp),1,4,743000,400799,no,
2026-06-10,Wednesday,Physical store,Bandung store,0,0,0,0,no,
2026-06-11,Thursday,Indonesian marketplace,Shopee,4,8,1539000,730785,no,
2026-06-11,Thursday,Indonesian marketplace,Tokopedia,0,0,0,0,no,
2026-06-11,Thursday,Indonesian marketplace,TikTok Shop,0,0,0,0,no,
2026-06-11,Thursday,Indonesian marketplace,Lazada,0,0,0,0,no,
2026-06-11,Thursday,Indonesian marketplace,Blibli,0,0,0,0,no,
2026-06-11,Thursday,Amazon,Amazon,2,3,1009785,430624,no,
2026-06-11,Thursday,Website (Shopify),Website (Shopify),2,4,756000,440000,no,
2026-06-11,Thursday,Instagram,Instagram (DM/WhatsApp),2,1,204500,101500,no,
2026-06-11,Thursday,Physical store,Bandung store,2,2,378000,218787,no,
2026-06-12,Friday,Indonesian marketplace,Shopee,3,3,637000,279135,no,
2026-06-12,Friday,Indonesian marketplace,Tokopedia,1,1,189000,95880,no,
2026-06-12,Friday,Indonesian marketplace,TikTok Shop,0,0,0,0,no,
2026-06-12,Friday,Indonesian marketplace,Lazada,1,2,398000,189870,no,
2026-06-12,Friday,Indonesian marketplace,Blibli,1,1,189000,95880,no,
2026-06-12,Friday,Amazon,Amazon,1,1,374574,143541,no,
2026-06-12,Friday,Website (Shopify),Website (Shopify),1,2,378000,219354,no,
2026-06-12,Friday,Instagram,Instagram (DM/WhatsApp),2,1,189000,109677,no,
2026-06-12,Friday,Physical store,Bandung store,4,6,1134000,662031,no,
2026-06-13,Saturday,Indonesian marketplace,Shopee,0,0,0,0,no,
2026-06-13,Saturday,Indonesian marketplace,Tokopedia,2,2,414000,57280,no,
2026-06-13,Saturday,Indonesian marketplace,TikTok Shop,2,2,350500,141832,no,
2026-06-13,Saturday,Indonesian marketplace,Lazada,1,1,214000,94935,no,
2026-06-13,Saturday,Indonesian marketplace,Blibli,2,1,214000,95880,no,
2026-06-13,Saturday,Amazon,Amazon,2,5,1531059,717707,no,
2026-06-13,Saturday,Website (Shopify),Website (Shopify),3,4,803000,435807,no,
2026-06-13,Saturday,Instagram,Instagram (DM/WhatsApp),1,2,393000,222000,no,
2026-06-13,Saturday,Physical store,Bandung store,4,4,756000,433306,no,
2026-06-14,Sunday,Indonesian marketplace,Shopee,7,8,1610500,718568,no,
2026-06-14,Sunday,Indonesian marketplace,Tokopedia,1,1,209000,82080,no,
2026-06-14,Sunday,Indonesian marketplace,TikTok Shop,0,0,0,0,no,
2026-06-14,Sunday,Indonesian marketplace,Lazada,0,0,0,0,no,
2026-06-14,Sunday,Indonesian marketplace,Blibli,0,0,0,0,no,
2026-06-14,Sunday,Amazon,Amazon,1,1,374574,143541,no,
2026-06-14,Sunday,Website (Shopify),Website (Shopify),4,8,1512000,877416,no,
2026-06-14,Sunday,Instagram,Instagram (DM/WhatsApp),3,3,639000,333000,no,
2026-06-14,Sunday,Physical store,Bandung store,6,8,1512000,863588,no,
2026-06-15,Monday,Indonesian marketplace,Shopee,1,1,209000,93045,no,
2026-06-15,Monday,Indonesian marketplace,Tokopedia,2,2,398000,191760,no,
2026-06-15,Monday,Indonesian marketplace,TikTok Shop,1,1,191000,85785,no,
2026-06-15,Monday,Indonesian marketplace,Lazada,3,4,781000,379740,no,
2026-06-15,Monday,Indonesian marketplace,Blibli,2,2,423000,191760,no,
2026-06-15,Monday,Amazon,Amazon,0,0,0,0,no,
2026-06-15,Monday,Website (Shopify),Website (Shopify),0,0,0,0,no,
2026-06-15,Monday,Instagram,Instagram (DM/WhatsApp),1,1,194500,101500,no,
2026-06-15,Monday,Physical store,Bandung store,1,1,189000,111000,no,
2026-06-16,Tuesday,Indonesian marketplace,Shopee,4,4,851500,363583,no,
2026-06-16,Tuesday,Indonesian marketplace,Tokopedia,2,6,1127500,523300,no,
2026-06-16,Tuesday,Indonesian marketplace,TikTok Shop,0,0,0,0,no,
2026-06-16,Tuesday,Indonesian marketplace,Lazada,0,0,0,0,no,
2026-06-16,Tuesday,Indonesian marketplace,Blibli,0,0,0,0,no,
2026-06-16,Tuesday,Amazon,Amazon,0,0,0,0,no,
2026-06-16,Tuesday,Website (Shopify),Website (Shopify),2,2,450000,214685,no,
2026-06-16,Tuesday,Instagram,Instagram (DM/WhatsApp),3,2,421000,222000,no,
2026-06-16,Tuesday,Physical store,Bandung store,4,6,1134000,650203,no,
2026-06-17,Wednesday,Indonesian marketplace,Shopee,3,3,556000,244745,no,
2026-06-17,Wednesday,Indonesian marketplace,Tokopedia,2,2,394000,174280,no,
2026-06-17,Wednesday,Indonesian marketplace,TikTok Shop,0,0,0,0,no,
2026-06-17,Wednesday,Indonesian marketplace,Lazada,2,4,791000,379740,no,
2026-06-17,Wednesday,Indonesian marketplace,Blibli,0,0,0,0,no,
2026-06-17,Wednesday,Amazon,Amazon,1,1,374574,143541,no,
2026-06-17,Wednesday,Website (Shopify),Website (Shopify),0,0,0,0,no,
2026-06-17,Wednesday,Instagram,Instagram (DM/WhatsApp),4,4,809000,420874,no,
2026-06-17,Wednesday,Physical store,Bandung store,2,2,378000,220677,no,
2026-06-18,Thursday,Indonesian marketplace,Shopee,1,1,214000,93045,no,
2026-06-18,Thursday,Indonesian marketplace,Tokopedia,0,0,0,0,no,
2026-06-18,Thursday,Indonesian marketplace,TikTok Shop,2,2,388000,171570,no,
2026-06-18,Thursday,Indonesian marketplace,Lazada,1,1,174000,81210,no,
2026-06-18,Thursday,Indonesian marketplace,Blibli,0,0,0,0,no,
2026-06-18,Thursday,Amazon,Amazon,2,2,749148,287082,no,
2026-06-18,Thursday,Website (Shopify),Website (Shopify),1,1,204000,109572,no,
2026-06-18,Thursday,Instagram,Instagram (DM/WhatsApp),1,1,189000,109677,no,
2026-06-18,Thursday,Physical store,Bandung store,1,1,189000,109677,no,
2026-06-19,Friday,Indonesian marketplace,Shopee,4,4,821000,236180,no,
2026-06-19,Friday,Indonesian marketplace,Tokopedia,2,2,388500,183020,no,
2026-06-19,Friday,Indonesian marketplace,TikTok Shop,1,1,152000,61080,no,
2026-06-19,Friday,Indonesian marketplace,Lazada,0,0,0,0,no,
2026-06-19,Friday,Indonesian marketplace,Blibli,0,0,0,0,no,
2026-06-19,Friday,Amazon,Amazon,1,1,374574,143541,no,
2026-06-19,Friday,Website (Shopify),Website (Shopify),4,4,836000,429109,no,
2026-06-19,Friday,Instagram,Instagram (DM/WhatsApp),0,0,0,0,no,
2026-06-19,Friday,Physical store,Bandung store,4,5,945000,546196,no,
2026-06-20,Saturday,Indonesian marketplace,Shopee,3,4,801000,372180,no,
2026-06-20,Saturday,Indonesian marketplace,Tokopedia,1,1,201000,95880,no,
2026-06-20,Saturday,Indonesian marketplace,TikTok Shop,2,2,370000,171570,no,
2026-06-20,Saturday,Indonesian marketplace,Lazada,0,0,0,0,no,
2026-06-20,Saturday,Indonesian marketplace,Blibli,0,0,0,0,no,
2026-06-20,Saturday,Amazon,Amazon,1,1,374574,143541,no,
2026-06-20,Saturday,Website (Shopify),Website (Shopify),2,5,963000,540555,no,
2026-06-20,Saturday,Instagram,Instagram (DM/WhatsApp),0,0,0,0,no,
2026-06-20,Saturday,Physical store,Bandung store,7,8,1512000,881385,no,
2026-06-21,Sunday,Indonesian marketplace,Shopee,4,4,779000,320594,no,
2026-06-21,Sunday,Indonesian marketplace,Tokopedia,1,1,209000,-40120,no,
2026-06-21,Sunday,Indonesian marketplace,TikTok Shop,2,2,387000,155100,no,
2026-06-21,Sunday,Indonesian marketplace,Lazada,0,0,0,0,no,
2026-06-21,Sunday,Indonesian marketplace,Blibli,1,1,201000,95880,no,
2026-06-21,Sunday,Amazon,Amazon,1,4,1156485,574166,no,
2026-06-21,Sunday,Website (Shopify),Website (Shopify),1,1,229000,107000,no,
2026-06-21,Sunday,Instagram,Instagram (DM/WhatsApp),2,1,204000,111000,no,
2026-06-21,Sunday,Physical store,Bandung store,1,1,189000,109677,no,
2026-06-22,Monday,Indonesian marketplace,Shopee,6,8,1650000,727165,no,
2026-06-22,Monday,Indonesian marketplace,Tokopedia,1,2,398000,191760,no,
2026-06-22,Monday,Indonesian marketplace,TikTok Shop,1,0,0,0,no,
2026-06-22,Monday,Indonesian marketplace,Lazada,0,0,0,0,no,
2026-06-22,Monday,Indonesian marketplace,Blibli,0,0,0,0,no,
2026-06-22,Monday,Amazon,Amazon,1,3,895848,430624,no,
2026-06-22,Monday,Website (Shopify),Website (Shopify),3,3,635000,317682,no,
2026-06-22,Monday,Instagram,Instagram (DM/WhatsApp),1,1,204000,103084,no,
2026-06-22,Monday,Physical store,Bandung store,2,2,378000,218220,no,
2026-06-23,Tuesday,Indonesian marketplace,Shopee,4,4,866000,372180,no,
2026-06-23,Tuesday,Indonesian marketplace,Tokopedia,1,0,0,0,no,
2026-06-23,Tuesday,Indonesian marketplace,TikTok Shop,0,0,0,0,no,
2026-06-23,Tuesday,Indonesian marketplace,Lazada,0,0,0,0,no,
2026-06-23,Tuesday,Indonesian marketplace,Blibli,1,1,204000,95880,no,
2026-06-23,Tuesday,Amazon,Amazon,1,2,635211,287083,no,
2026-06-23,Tuesday,Website (Shopify),Website (Shopify),0,0,0,0,no,
2026-06-23,Tuesday,Instagram,Instagram (DM/WhatsApp),1,1,221000,111000,no,
2026-06-23,Tuesday,Physical store,Bandung store,2,3,567000,327897,no,
2026-06-24,Wednesday,Indonesian marketplace,Shopee,3,5,981000,448030,no,
2026-06-24,Wednesday,Indonesian marketplace,Tokopedia,2,2,394500,151740,no,
2026-06-24,Wednesday,Indonesian marketplace,TikTok Shop,0,0,0,0,no,
2026-06-24,Wednesday,Indonesian marketplace,Lazada,1,1,189000,94935,no,
2026-06-24,Wednesday,Indonesian marketplace,Blibli,0,0,0,0,no,
2026-06-24,Wednesday,Amazon,Amazon,2,4,1270422,574165,no,
2026-06-24,Wednesday,Website (Shopify),Website (Shopify),5,5,1075000,541429,no,
2026-06-24,Wednesday,Instagram,Instagram (DM/WhatsApp),3,5,1034000,555000,no,
2026-06-24,Wednesday,Physical store,Bandung store,3,3,567000,331110,no,
2026-06-25,Thursday,Indonesian marketplace,Shopee,2,2,393000,186090,no,
2026-06-25,Thursday,Indonesian marketplace,Tokopedia,2,4,791000,383520,no,
2026-06-25,Thursday,Indonesian marketplace,TikTok Shop,0,0,0,0,no,
2026-06-25,Thursday,Indonesian marketplace,Lazada,0,0,0,0,no,
2026-06-25,Thursday,Indonesian marketplace,Blibli,0,0,0,0,no,
2026-06-25,Thursday,Amazon,Amazon,0,0,0,0,no,
2026-06-25,Thursday,Website (Shopify),Website (Shopify),2,2,418000,214000,no,
2026-06-25,Thursday,Instagram,Instagram (DM/WhatsApp),2,2,428000,222000,no,
2026-06-25,Thursday,Physical store,Bandung store,0,0,0,0,no,
2026-06-26,Friday,Indonesian marketplace,Shopee,1,4,776000,372180,no,
2026-06-26,Friday,Indonesian marketplace,Tokopedia,2,2,399500,165540,no,
2026-06-26,Friday,Indonesian marketplace,TikTok Shop,1,1,177000,61080,no,
2026-06-26,Friday,Indonesian marketplace,Lazada,0,0,0,0,no,
2026-06-26,Friday,Indonesian marketplace,Blibli,1,1,201000,95880,no,
2026-06-26,Friday,Amazon,Amazon,0,0,0,0,no,
2026-06-26,Friday,Website (Shopify),Website (Shopify),4,5,1040000,527969,no,
2026-06-26,Friday,Instagram,Instagram (DM/WhatsApp),0,0,0,0,no,
2026-06-26,Friday,Physical store,Bandung store,0,0,0,0,no,
2026-06-27,Saturday,Indonesian marketplace,Shopee,1,1,209000,93045,no,
2026-06-27,Saturday,Indonesian marketplace,Tokopedia,1,1,189000,95880,no,
2026-06-27,Saturday,Indonesian marketplace,TikTok Shop,0,0,0,0,no,
2026-06-27,Saturday,Indonesian marketplace,Lazada,0,0,0,0,no,
2026-06-27,Saturday,Indonesian marketplace,Blibli,0,0,0,0,no,
2026-06-27,Saturday,Amazon,Amazon,1,1,374574,143541,no,
2026-06-27,Saturday,Website (Shopify),Website (Shopify),4,4,814000,430330,no,
2026-06-27,Saturday,Instagram,Instagram (DM/WhatsApp),3,4,826500,426584,no,
2026-06-27,Saturday,Physical store,Bandung store,3,3,567000,329220,no,
2026-06-28,Sunday,Indonesian marketplace,Shopee,1,1,209000,93045,no,
2026-06-28,Sunday,Indonesian marketplace,Tokopedia,2,4,727500,357300,no,
2026-06-28,Sunday,Indonesian marketplace,TikTok Shop,2,1,204000,85785,no,
2026-06-28,Sunday,Indonesian marketplace,Lazada,1,1,185000,77550,no,
2026-06-28,Sunday,Indonesian marketplace,Blibli,0,0,0,0,no,
2026-06-28,Sunday,Amazon,Amazon,1,2,635211,287083,no,
2026-06-28,Sunday,Website (Shopify),Website (Shopify),2,2,418000,215165,no,
2026-06-28,Sunday,Instagram,Instagram (DM/WhatsApp),9,9,1872500,979967,no,
2026-06-28,Sunday,Physical store,Bandung store,4,7,1323000,769062,no,
2026-06-29,Monday,Indonesian marketplace,Shopee,0,0,0,0,no,
2026-06-29,Monday,Indonesian marketplace,Tokopedia,0,0,0,0,no,
2026-06-29,Monday,Indonesian marketplace,TikTok Shop,0,0,0,0,no,
2026-06-29,Monday,Indonesian marketplace,Lazada,0,0,0,0,no,
2026-06-29,Monday,Indonesian marketplace,Blibli,0,0,0,0,no,
2026-06-29,Monday,Amazon,Amazon,0,0,0,0,no,
2026-06-29,Monday,Website (Shopify),Website (Shopify),3,6,1152000,653225,no,
2026-06-29,Monday,Instagram,Instagram (DM/WhatsApp),2,1,229000,102359,no,
2026-06-29,Monday,Physical store,Bandung store,1,1,189000,103519,no,
2026-06-30,Tuesday,Indonesian marketplace,Shopee,2,2,403000,186090,no,
2026-06-30,Tuesday,Indonesian marketplace,Tokopedia,0,0,0,0,no,
2026-06-30,Tuesday,Indonesian marketplace,TikTok Shop,1,2,340000,155100,no,
2026-06-30,Tuesday,Indonesian marketplace,Lazada,1,2,413000,189870,no,
2026-06-30,Tuesday,Indonesian marketplace,Blibli,0,0,0,0,no,
2026-06-30,Tuesday,Amazon,Amazon,1,1,374574,143541,no,
2026-06-30,Tuesday,Website (Shopify),Website (Shopify),4,5,1050000,541082,no,
2026-06-30,Tuesday,Instagram,Instagram (DM/WhatsApp),4,4,842000,413876,no,
2026-06-30,Tuesday,Physical store,Bandung store,0,0,0,0,no,
2026-07-01,Wednesday,Indonesian marketplace,Shopee,2,2,403000,186090,no,
2026-07-01,Wednesday,Indonesian marketplace,Tokopedia,0,0,0,0,no,
2026-07-01,Wednesday,Indonesian marketplace,TikTok Shop,1,1,179500,72517,no,
2026-07-01,Wednesday,Indonesian marketplace,Lazada,2,1,201000,94935,no,
2026-07-01,Wednesday,Indonesian marketplace,Blibli,0,0,0,0,no,
2026-07-01,Wednesday,Amazon,Amazon,0,0,0,0,no,
2026-07-01,Wednesday,Website (Shopify),Website (Shopify),0,0,0,0,no,
2026-07-01,Wednesday,Instagram,Instagram (DM/WhatsApp),0,0,0,0,no,
2026-07-01,Wednesday,Physical store,Bandung store,1,1,189000,109110,no,
2026-07-02,Thursday,Indonesian marketplace,Shopee,0,0,0,0,no,
2026-07-02,Thursday,Indonesian marketplace,Tokopedia,0,0,0,0,no,
2026-07-02,Thursday,Indonesian marketplace,TikTok Shop,0,0,0,0,no,
2026-07-02,Thursday,Indonesian marketplace,Lazada,1,1,204000,94935,no,
2026-07-02,Thursday,Indonesian marketplace,Blibli,0,0,0,0,no,
2026-07-02,Thursday,Amazon,Amazon,2,2,749148,-128192,no,
2026-07-02,Thursday,Website (Shopify),Website (Shopify),4,5,1006000,535892,no,
2026-07-02,Thursday,Instagram,Instagram (DM/WhatsApp),2,2,392000,201618,no,
2026-07-02,Thursday,Physical store,Bandung store,4,6,1134000,657196,no,
2026-07-03,Friday,Indonesian marketplace,Shopee,3,4,782000,341410,no,
2026-07-03,Friday,Indonesian marketplace,Tokopedia,1,1,224000,95880,no,
2026-07-03,Friday,Indonesian marketplace,TikTok Shop,1,1,181000,69315,no,
2026-07-03,Friday,Indonesian marketplace,Lazada,1,1,201000,94935,no,
2026-07-03,Friday,Indonesian marketplace,Blibli,0,0,0,0,no,
2026-07-03,Friday,Amazon,Amazon,2,2,749148,287082,no,
2026-07-03,Friday,Website (Shopify),Website (Shopify),0,0,0,0,no,
2026-07-03,Friday,Instagram,Instagram (DM/WhatsApp),1,1,204000,111000,no,
2026-07-03,Friday,Physical store,Bandung store,3,3,567000,329787,no,
2026-07-04,Saturday,Indonesian marketplace,Shopee,2,2,410000,186090,no,
2026-07-04,Saturday,Indonesian marketplace,Tokopedia,0,0,0,0,no,
2026-07-04,Saturday,Indonesian marketplace,TikTok Shop,0,0,0,0,no,
2026-07-04,Saturday,Indonesian marketplace,Lazada,0,0,0,0,no,
2026-07-04,Saturday,Indonesian marketplace,Blibli,0,0,0,0,no,
2026-07-04,Saturday,Amazon,Amazon,0,0,0,0,no,
2026-07-04,Saturday,Website (Shopify),Website (Shopify),3,4,786500,412729,no,
2026-07-04,Saturday,Instagram,Instagram (DM/WhatsApp),0,0,0,0,no,
2026-07-04,Saturday,Physical store,Bandung store,3,4,756000,442677,no,
2026-07-05,Sunday,Indonesian marketplace,Shopee,1,1,209000,93045,no,
2026-07-05,Sunday,Indonesian marketplace,Tokopedia,2,1,201000,95880,no,
2026-07-05,Sunday,Indonesian marketplace,TikTok Shop,0,0,0,0,no,
2026-07-05,Sunday,Indonesian marketplace,Lazada,0,0,0,0,no,
2026-07-05,Sunday,Indonesian marketplace,Blibli,0,0,0,0,no,
2026-07-05,Sunday,Amazon,Amazon,1,1,374574,143541,no,
2026-07-05,Sunday,Website (Shopify),Website (Shopify),2,3,599000,316038,no,
2026-07-05,Sunday,Instagram,Instagram (DM/WhatsApp),1,1,204000,111000,no,
2026-07-05,Sunday,Physical store,Bandung store,3,5,945000,549141,no,
2026-07-06,Monday,Indonesian marketplace,Shopee,3,3,602000,265560,no,
2026-07-06,Monday,Indonesian marketplace,Tokopedia,1,1,204000,95880,no,
2026-07-06,Monday,Indonesian marketplace,TikTok Shop,1,1,179000,85785,no,
2026-07-06,Monday,Indonesian marketplace,Lazada,0,0,0,0,no,
2026-07-06,Monday,Indonesian marketplace,Blibli,1,1,186000,82080,no,
2026-07-06,Monday,Amazon,Amazon,2,2,749148,287082,no,
2026-07-06,Monday,Website (Shopify),Website (Shopify),3,2,435000,218955,no,
2026-07-06,Monday,Instagram,Instagram (DM/WhatsApp),2,2,458000,218565,no,
2026-07-06,Monday,Physical store,Bandung store,2,2,378000,218787,no,
2026-07-07,Tuesday,Indonesian marketplace,Shopee,3,4,836000,372180,no,
2026-07-07,Tuesday,Indonesian marketplace,Tokopedia,1,2,378000,191760,no,
2026-07-07,Tuesday,Indonesian marketplace,TikTok Shop,0,0,0,0,no,
2026-07-07,Tuesday,Indonesian marketplace,Lazada,1,1,201000,94935,no,
2026-07-07,Tuesday,Indonesian marketplace,Blibli,0,0,0,0,no,
2026-07-07,Tuesday,Amazon,Amazon,0,0,0,0,no,
2026-07-07,Tuesday,Website (Shopify),Website (Shopify),4,4,836000,431512,no,
2026-07-07,Tuesday,Instagram,Instagram (DM/WhatsApp),0,0,0,0,no,
2026-07-07,Tuesday,Physical store,Bandung store,3,4,756000,440031,no,
2026-07-08,Wednesday,Indonesian marketplace,Shopee,3,6,1174000,558270,no,
2026-07-08,Wednesday,Indonesian marketplace,Tokopedia,3,2,389500,165540,no,
2026-07-08,Wednesday,Indonesian marketplace,TikTok Shop,0,0,0,0,no,
2026-07-08,Wednesday,Indonesian marketplace,Lazada,0,0,0,0,no,
2026-07-08,Wednesday,Indonesian marketplace,Blibli,0,0,0,0,no,
2026-07-08,Wednesday,Amazon,Amazon,0,0,0,0,no,
2026-07-08,Wednesday,Website (Shopify),Website (Shopify),2,1,207000,109551,no,
2026-07-08,Wednesday,Instagram,Instagram (DM/WhatsApp),2,2,435000,222000,no,
2026-07-08,Wednesday,Physical store,Bandung store,2,2,378000,218787,no,
2026-07-09,Thursday,Indonesian marketplace,Shopee,0,0,0,0,no,
2026-07-09,Thursday,Indonesian marketplace,Tokopedia,0,0,0,0,no,
2026-07-09,Thursday,Indonesian marketplace,TikTok Shop,1,2,383000,171570,no,
2026-07-09,Thursday,Indonesian marketplace,Lazada,0,0,0,0,no,
2026-07-09,Thursday,Indonesian marketplace,Blibli,1,1,189000,95880,no,
2026-07-09,Thursday,Amazon,Amazon,0,0,0,0,no,
2026-07-09,Thursday,Website (Shopify),Website (Shopify),3,5,963000,545091,no,
2026-07-09,Thursday,Instagram,Instagram (DM/WhatsApp),0,0,0,0,no,
2026-07-09,Thursday,Physical store,Bandung store,1,1,189000,109677,no,
2026-07-10,Friday,Indonesian marketplace,Shopee,3,3,617000,265560,no,
2026-07-10,Friday,Indonesian marketplace,Tokopedia,2,3,510500,235660,no,
2026-07-10,Friday,Indonesian marketplace,TikTok Shop,4,3,571500,227617,no,
2026-07-10,Friday,Indonesian marketplace,Lazada,0,0,0,0,no,
2026-07-10,Friday,Indonesian marketplace,Blibli,0,0,0,0,no,
2026-07-10,Friday,Amazon,Amazon,0,0,0,0,no,
2026-07-10,Friday,Website (Shopify),Website (Shopify),4,4,786500,423815,no,
2026-07-10,Friday,Instagram,Instagram (DM/WhatsApp),1,0,0,0,no,
2026-07-10,Friday,Physical store,Bandung store,2,4,756000,438708,no,
2026-07-11,Saturday,Indonesian marketplace,Shopee,1,1,189000,93045,no,
2026-07-11,Saturday,Indonesian marketplace,Tokopedia,1,2,398000,191760,no,
2026-07-11,Saturday,Indonesian marketplace,TikTok Shop,0,0,0,0,no,
2026-07-11,Saturday,Indonesian marketplace,Lazada,0,0,0,0,no,
2026-07-11,Saturday,Indonesian marketplace,Blibli,0,0,0,0,no,
2026-07-11,Saturday,Amazon,Amazon,1,1,374574,143541,no,
2026-07-11,Saturday,Website (Shopify),Website (Shopify),3,6,1152000,654031,no,
2026-07-11,Saturday,Instagram,Instagram (DM/WhatsApp),1,2,396000,216060,no,
2026-07-11,Saturday,Physical store,Bandung store,1,1,189000,109110,no,
2026-07-12,Sunday,Indonesian marketplace,Shopee,6,6,1226000,387880,no,
2026-07-12,Sunday,Indonesian marketplace,Tokopedia,2,2,399500,165540,no,
2026-07-12,Sunday,Indonesian marketplace,TikTok Shop,1,1,189500,72517,no,
2026-07-12,Sunday,Indonesian marketplace,Lazada,0,0,0,0,no,
2026-07-12,Sunday,Indonesian marketplace,Blibli,0,0,0,0,no,
2026-07-12,Sunday,Amazon,Amazon,2,4,1270422,574165,no,
2026-07-12,Sunday,Website (Shopify),Website (Shopify),4,3,607000,323677,no,
2026-07-12,Sunday,Instagram,Instagram (DM/WhatsApp),1,1,211500,100020,no,
2026-07-12,Sunday,Physical store,Bandung store,1,1,189000,109677,no,
2026-07-13,Monday,Indonesian marketplace,Shopee,1,4,756000,372180,no,
2026-07-13,Monday,Indonesian marketplace,Tokopedia,0,0,0,0,no,
2026-07-13,Monday,Indonesian marketplace,TikTok Shop,0,0,0,0,no,
2026-07-13,Monday,Indonesian marketplace,Lazada,0,0,0,0,no,
2026-07-13,Monday,Indonesian marketplace,Blibli,0,0,0,0,no,
2026-07-13,Monday,Amazon,Amazon,0,0,0,0,no,
2026-07-13,Monday,Website (Shopify),Website (Shopify),3,7,1355000,756675,no,
2026-07-13,Monday,Instagram,Instagram (DM/WhatsApp),1,0,0,0,no,
2026-07-13,Monday,Physical store,Bandung store,1,1,189000,109677,no,
2026-07-14,Tuesday,Indonesian marketplace,Shopee,2,1,201000,93045,no,
2026-07-14,Tuesday,Indonesian marketplace,Tokopedia,2,2,393000,55760,no,
2026-07-14,Tuesday,Indonesian marketplace,TikTok Shop,0,0,0,0,no,
2026-07-14,Tuesday,Indonesian marketplace,Lazada,0,0,0,0,no,
2026-07-14,Tuesday,Indonesian marketplace,Blibli,0,0,0,0,no,
2026-07-14,Tuesday,Amazon,Amazon,1,1,374574,143541,no,
2026-07-14,Tuesday,Website (Shopify),Website (Shopify),7,10,2010000,717337,no,
2026-07-14,Tuesday,Instagram,Instagram (DM/WhatsApp),2,1,207000,111000,no,
2026-07-14,Tuesday,Physical store,Bandung store,5,6,1134000,648502,no,
2026-07-15,Wednesday,Indonesian marketplace,Shopee,4,6,1163000,523880,no,
2026-07-15,Wednesday,Indonesian marketplace,Tokopedia,2,2,393000,191760,no,
2026-07-15,Wednesday,Indonesian marketplace,TikTok Shop,2,2,349000,163335,no,
2026-07-15,Wednesday,Indonesian marketplace,Lazada,1,1,209000,94935,no,
2026-07-15,Wednesday,Indonesian marketplace,Blibli,0,0,0,0,no,
2026-07-15,Wednesday,Amazon,Amazon,1,1,374574,143541,no,
2026-07-15,Wednesday,Website (Shopify),Website (Shopify),2,5,963000,548259,no,
2026-07-15,Wednesday,Instagram,Instagram (DM/WhatsApp),3,6,1159000,583770,no,
2026-07-15,Wednesday,Physical store,Bandung store,0,0,0,0,no,
2026-07-16,Thursday,Indonesian marketplace,Shopee,2,2,413500,177493,no,
2026-07-16,Thursday,Indonesian marketplace,Tokopedia,1,0,0,0,no,
2026-07-16,Thursday,Indonesian marketplace,TikTok Shop,1,1,194000,85785,no,
2026-07-16,Thursday,Indonesian marketplace,Lazada,0,0,0,0,no,
2026-07-16,Thursday,Indonesian marketplace,Blibli,0,0,0,0,no,
2026-07-16,Thursday,Amazon,Amazon,2,3,1009785,430624,no,
2026-07-16,Thursday,Website (Shopify),Website (Shopify),2,4,774000,436031,no,
2026-07-16,Thursday,Instagram,Instagram (DM/WhatsApp),1,3,585000,333000,no,
2026-07-16,Thursday,Physical store,Bandung store,5,6,1134000,634863,no,
2026-07-17,Friday,Indonesian marketplace,Shopee,2,1,189000,79470,no,
2026-07-17,Friday,Indonesian marketplace,Tokopedia,2,2,369500,165540,no,
2026-07-17,Friday,Indonesian marketplace,TikTok Shop,1,1,194000,85785,no,
2026-07-17,Friday,Indonesian marketplace,Lazada,1,1,204000,94935,no,
2026-07-17,Friday,Indonesian marketplace,Blibli,0,0,0,0,no,
2026-07-17,Friday,Amazon,Amazon,2,6,1791696,861248,no,
2026-07-17,Friday,Website (Shopify),Website (Shopify),1,1,221000,102591,no,
2026-07-17,Friday,Instagram,Instagram (DM/WhatsApp),2,2,378000,220677,no,
2026-07-17,Friday,Physical store,Bandung store,1,1,189000,109677,no,
2026-07-18,Saturday,Indonesian marketplace,Shopee,1,1,204000,-42955,no,
2026-07-18,Saturday,Indonesian marketplace,Tokopedia,1,1,204000,95880,no,
2026-07-18,Saturday,Indonesian marketplace,TikTok Shop,1,1,179000,85785,no,
2026-07-18,Saturday,Indonesian marketplace,Lazada,0,0,0,0,no,
2026-07-18,Saturday,Indonesian marketplace,Blibli,0,0,0,0,no,
2026-07-18,Saturday,Amazon,Amazon,0,0,0,0,no,
2026-07-18,Saturday,Website (Shopify),Website (Shopify),4,7,1355000,734114,no,
2026-07-18,Saturday,Instagram,Instagram (DM/WhatsApp),3,4,777000,416217,no,
2026-07-18,Saturday,Physical store,Bandung store,4,5,945000,541660,no,
2026-07-19,Sunday,Indonesian marketplace,Shopee,0,0,0,0,no,
2026-07-19,Sunday,Indonesian marketplace,Tokopedia,0,0,0,0,no,
2026-07-19,Sunday,Indonesian marketplace,TikTok Shop,1,1,191000,85785,no,
2026-07-19,Sunday,Indonesian marketplace,Lazada,1,1,189000,94935,no,
2026-07-19,Sunday,Indonesian marketplace,Blibli,0,0,0,0,no,
2026-07-19,Sunday,Amazon,Amazon,0,0,0,0,no,
2026-07-19,Sunday,Website (Shopify),Website (Shopify),2,2,421000,212499,no,
2026-07-19,Sunday,Instagram,Instagram (DM/WhatsApp),6,8,1663500,846965,no,
2026-07-19,Sunday,Physical store,Bandung store,1,1,189000,109110,no,
2026-07-20,Monday,Indonesian marketplace,Shopee,3,2,408000,186090,no,
2026-07-20,Monday,Indonesian marketplace,Tokopedia,0,0,0,0,no,
2026-07-20,Monday,Indonesian marketplace,TikTok Shop,0,0,0,0,no,
2026-07-20,Monday,Indonesian marketplace,Lazada,1,3,482000,207030,no,
2026-07-20,Monday,Indonesian marketplace,Blibli,2,3,594000,287640,no,
2026-07-20,Monday,Amazon,Amazon,1,1,374574,143541,no,
2026-07-20,Monday,Website (Shopify),Website (Shopify),4,7,1421000,754225,no,
2026-07-20,Monday,Instagram,Instagram (DM/WhatsApp),3,3,647500,323500,no,
2026-07-20,Monday,Physical store,Bandung store,4,5,945000,542227,no,
2026-07-21,Tuesday,Indonesian marketplace,Shopee,1,0,0,0,no,
2026-07-21,Tuesday,Indonesian marketplace,Tokopedia,0,0,0,0,no,
2026-07-21,Tuesday,Indonesian marketplace,TikTok Shop,3,4,771000,343140,no,
2026-07-21,Tuesday,Indonesian marketplace,Lazada,0,0,0,0,no,
2026-07-21,Tuesday,Indonesian marketplace,Blibli,0,0,0,0,no,
2026-07-21,Tuesday,Amazon,Amazon,0,0,0,0,no,
2026-07-21,Tuesday,Website (Shopify),Website (Shopify),4,5,1025000,535112,no,
2026-07-21,Tuesday,Instagram,Instagram (DM/WhatsApp),4,4,866000,436084,no,
2026-07-21,Tuesday,Physical store,Bandung store,1,1,189000,111000,no,
2026-07-22,Wednesday,Indonesian marketplace,Shopee,3,5,980000,330650,no,
2026-07-22,Wednesday,Indonesian marketplace,Tokopedia,1,1,182000,78400,no,
2026-07-22,Wednesday,Indonesian marketplace,TikTok Shop,1,1,181000,69315,no,
2026-07-22,Wednesday,Indonesian marketplace,Lazada,0,0,0,0,no,
2026-07-22,Wednesday,Indonesian marketplace,Blibli,1,1,214000,95880,no,
2026-07-22,Wednesday,Amazon,Amazon,0,0,0,0,no,
2026-07-22,Wednesday,Website (Shopify),Website (Shopify),5,7,1398000,760724,no,
2026-07-22,Wednesday,Instagram,Instagram (DM/WhatsApp),1,1,211500,100020,no,
2026-07-22,Wednesday,Physical store,Bandung store,2,2,378000,219354,no,
2026-07-23,Thursday,Indonesian marketplace,Shopee,2,2,393000,186090,no,
2026-07-23,Thursday,Indonesian marketplace,Tokopedia,0,0,0,0,no,
2026-07-23,Thursday,Indonesian marketplace,TikTok Shop,0,0,0,0,no,
2026-07-23,Thursday,Indonesian marketplace,Lazada,0,0,0,0,no,
2026-07-23,Thursday,Indonesian marketplace,Blibli,0,0,0,0,no,
2026-07-23,Thursday,Amazon,Amazon,2,2,749148,287082,no,
2026-07-23,Thursday,Website (Shopify),Website (Shopify),3,3,602500,314138,no,
2026-07-23,Thursday,Instagram,Instagram (DM/WhatsApp),2,2,403000,215955,no,
2026-07-23,Thursday,Physical store,Bandung store,1,1,189000,109110,no,
2026-07-24,Friday,Indonesian marketplace,Shopee,2,4,768000,372180,no,
2026-07-24,Friday,Indonesian marketplace,Tokopedia,0,0,0,0,no,
2026-07-24,Friday,Indonesian marketplace,TikTok Shop,1,1,179000,85785,no,
2026-07-24,Friday,Indonesian marketplace,Lazada,1,1,214000,94935,no,
2026-07-24,Friday,Indonesian marketplace,Blibli,0,0,0,0,no,
2026-07-24,Friday,Amazon,Amazon,0,0,0,0,no,
2026-07-24,Friday,Website (Shopify),Website (Shopify),1,1,189000,108165,no,
2026-07-24,Friday,Instagram,Instagram (DM/WhatsApp),1,4,788000,444000,no,
2026-07-24,Friday,Physical store,Bandung store,2,2,378000,219354,no,
2026-07-25,Saturday,Indonesian marketplace,Shopee,4,4,810000,236180,no,
2026-07-25,Saturday,Indonesian marketplace,Tokopedia,1,4,791000,383520,no,
2026-07-25,Saturday,Indonesian marketplace,TikTok Shop,1,1,214000,85785,no,
2026-07-25,Saturday,Indonesian marketplace,Lazada,1,1,189000,94935,no,
2026-07-25,Saturday,Indonesian marketplace,Blibli,0,0,0,0,no,
2026-07-25,Saturday,Amazon,Amazon,0,0,0,0,no,
2026-07-25,Saturday,Website (Shopify),Website (Shopify),4,4,789000,429768,no,
2026-07-25,Saturday,Instagram,Instagram (DM/WhatsApp),2,2,421000,219053,no,
2026-07-25,Saturday,Physical store,Bandung store,3,3,567000,331110,no,
2026-07-26,Sunday,Indonesian marketplace,Shopee,2,3,597000,279135,no,
2026-07-26,Sunday,Indonesian marketplace,Tokopedia,2,2,394500,58040,no,
2026-07-26,Sunday,Indonesian marketplace,TikTok Shop,0,0,0,0,no,
2026-07-26,Sunday,Indonesian marketplace,Lazada,3,2,389500,163792,no,
2026-07-26,Sunday,Indonesian marketplace,Blibli,0,0,0,0,no,
2026-07-26,Sunday,Amazon,Amazon,1,1,374574,143541,no,
2026-07-26,Sunday,Website (Shopify),Website (Shopify),3,3,649000,185685,no,
2026-07-26,Sunday,Instagram,Instagram (DM/WhatsApp),1,3,592000,324120,no,
2026-07-26,Sunday,Physical store,Bandung store,2,3,567000,329031,no,
2026-07-27,Monday,Indonesian marketplace,Shopee,4,4,821000,372180,no,
2026-07-27,Monday,Indonesian marketplace,Tokopedia,1,1,195000,78400,no,
2026-07-27,Monday,Indonesian marketplace,TikTok Shop,0,0,0,0,no,
2026-07-27,Monday,Indonesian marketplace,Lazada,0,0,0,0,no,
2026-07-27,Monday,Indonesian marketplace,Blibli,0,0,0,0,no,
2026-07-27,Monday,Amazon,Amazon,0,0,0,0,no,
2026-07-27,Monday,Website (Shopify),Website (Shopify),3,4,801000,416940,no,
2026-07-27,Monday,Instagram,Instagram (DM/WhatsApp),2,2,425000,220453,no,
2026-07-27,Monday,Physical store,Bandung store,1,3,567000,329031,no,
2026-07-28,Tuesday,Indonesian marketplace,Shopee,2,2,389000,168895,no,
2026-07-28,Tuesday,Indonesian marketplace,Tokopedia,1,2,378000,191760,no,
2026-07-28,Tuesday,Indonesian marketplace,TikTok Shop,3,3,572000,257355,no,
2026-07-28,Tuesday,Indonesian marketplace,Lazada,1,1,204000,94935,no,
2026-07-28,Tuesday,Indonesian marketplace,Blibli,0,0,0,0,no,
2026-07-28,Tuesday,Amazon,Amazon,0,0,0,0,no,
2026-07-28,Tuesday,Website (Shopify),Website (Shopify),4,4,804500,414171,no,
2026-07-28,Tuesday,Instagram,Instagram (DM/WhatsApp),3,5,1007500,544068,no,
2026-07-28,Tuesday,Physical store,Bandung store,2,2,378000,213196,no,
2026-07-29,Wednesday,Indonesian marketplace,Shopee,1,1,195000,75850,no,
2026-07-29,Wednesday,Indonesian marketplace,Tokopedia,1,0,0,0,no,
2026-07-29,Wednesday,Indonesian marketplace,TikTok Shop,0,0,0,0,no,
2026-07-29,Wednesday,Indonesian marketplace,Lazada,1,1,204500,86242,no,
2026-07-29,Wednesday,Indonesian marketplace,Blibli,1,2,378000,191760,no,
2026-07-29,Wednesday,Amazon,Amazon,1,1,374574,143541,no,
2026-07-29,Wednesday,Website (Shopify),Website (Shopify),4,6,1206000,652081,no,
2026-07-29,Wednesday,Instagram,Instagram (DM/WhatsApp),0,0,0,0,no,
2026-07-29,Wednesday,Physical store,Bandung store,2,3,567000,330354,no,
2026-07-30,Thursday,Indonesian marketplace,Shopee,2,2,418000,186090,no,
2026-07-30,Thursday,Indonesian marketplace,Tokopedia,1,1,189000,95880,no,
2026-07-30,Thursday,Indonesian marketplace,TikTok Shop,1,1,164500,72517,no,
2026-07-30,Thursday,Indonesian marketplace,Lazada,2,4,774000,362355,no,
2026-07-30,Thursday,Indonesian marketplace,Blibli,0,0,0,0,no,
2026-07-30,Thursday,Amazon,Amazon,0,0,0,0,no,
2026-07-30,Thursday,Website (Shopify),Website (Shopify),3,3,664000,324187,no,
2026-07-30,Thursday,Instagram,Instagram (DM/WhatsApp),0,0,0,0,no,
2026-07-30,Thursday,Physical store,Bandung store,4,5,945000,551031,no,
2026-07-31,Friday,Indonesian marketplace,Shopee,1,1,214000,93045,no,
2026-07-31,Friday,Indonesian marketplace,Tokopedia,1,1,219000,95880,no,
2026-07-31,Friday,Indonesian marketplace,TikTok Shop,0,0,0,0,no,
2026-07-31,Friday,Indonesian marketplace,Lazada,0,0,0,0,no,
2026-07-31,Friday,Indonesian marketplace,Blibli,0,0,0,0,no,
2026-07-31,Friday,Amazon,Amazon,0,0,0,0,no,
2026-07-31,Friday,Website (Shopify),Website (Shopify),5,5,1027000,541910,no,
2026-07-31,Friday,Instagram,Instagram (DM/WhatsApp),2,2,411500,212500,no,
2026-07-31,Friday,Physical store,Bandung store,2,2,378000,220677,no,
2026-08-01,Saturday,Indonesian marketplace,Shopee,7,11,2222000,537300,yes,17908775681335588
2026-08-01,Saturday,Indonesian marketplace,Tokopedia,1,2,393000,191760,yes,17908775681335588
2026-08-01,Saturday,Indonesian marketplace,TikTok Shop,3,3,593000,249120,yes,17908775681335588
2026-08-01,Saturday,Indonesian marketplace,Lazada,3,3,617000,284805,yes,17908775681335588
2026-08-01,Saturday,Indonesian marketplace,Blibli,1,1,214000,95880,yes,17908775681335588
2026-08-01,Saturday,Amazon,Amazon,0,0,0,0,yes,17908775681335588
2026-08-01,Saturday,Website (Shopify),Website (Shopify),18,21,4232000,1878046,yes,17908775681335588
2026-08-01,Saturday,Instagram,Instagram (DM/WhatsApp),18,22,4347000,2159463,yes,17908775681335588
2026-08-01,Saturday,Physical store,Bandung store,7,13,2457000,1427313,yes,17908775681335588
2026-08-02,Sunday,Indonesian marketplace,Shopee,7,10,1997000,794450,no,
2026-08-02,Sunday,Indonesian marketplace,Tokopedia,1,1,194000,82080,no,
2026-08-02,Sunday,Indonesian marketplace,TikTok Shop,1,1,179000,85785,no,
2026-08-02,Sunday,Indonesian marketplace,Lazada,2,2,391000,172485,no,
2026-08-02,Sunday,Indonesian marketplace,Blibli,0,0,0,0,no,
2026-08-02,Sunday,Amazon,Amazon,1,1,374574,143541,no,
2026-08-02,Sunday,Website (Shopify),Website (Shopify),20,29,5456000,2564719,no,
2026-08-02,Sunday,Instagram,Instagram (DM/WhatsApp),14,18,3524000,1786127,no,
2026-08-02,Sunday,Physical store,Bandung store,10,12,2268000,1315447,no,
2026-08-03,Monday,Indonesian marketplace,Shopee,3,4,724500,319237,no,
2026-08-03,Monday,Indonesian marketplace,Tokopedia,1,1,175500,-37840,no,
2026-08-03,Monday,Indonesian marketplace,TikTok Shop,2,2,383000,171570,no,
2026-08-03,Monday,Indonesian marketplace,Lazada,0,0,0,0,no,
2026-08-03,Monday,Indonesian marketplace,Blibli,1,0,0,0,no,
2026-08-03,Monday,Amazon,Amazon,0,0,0,0,no,
2026-08-03,Monday,Website (Shopify),Website (Shopify),10,11,2183500,1103382,no,
2026-08-03,Monday,Instagram,Instagram (DM/WhatsApp),11,10,1961000,835181,no,
2026-08-03,Monday,Physical store,Bandung store,1,1,189000,111000,no,
2026-08-04,Tuesday,Indonesian marketplace,Shopee,2,2,408000,186090,no,
2026-08-04,Tuesday,Indonesian marketplace,Tokopedia,2,2,398000,191760,no,
2026-08-04,Tuesday,Indonesian marketplace,TikTok Shop,3,3,617500,244087,no,
2026-08-04,Tuesday,Indonesian marketplace,Lazada,3,3,628500,122727,no,
2026-08-04,Tuesday,Indonesian marketplace,Blibli,2,2,433000,55760,no,
2026-08-04,Tuesday,Amazon,Amazon,1,1,374574,143541,no,
2026-08-04,Tuesday,Website (Shopify),Website (Shopify),6,7,1360000,715148,no,
2026-08-04,Tuesday,Instagram,Instagram (DM/WhatsApp),3,3,589500,296772,no,
2026-08-04,Tuesday,Physical store,Bandung store,5,5,945000,549141,no,
2026-08-05,Wednesday,Indonesian marketplace,Shopee,1,1,219000,93045,no,
2026-08-05,Wednesday,Indonesian marketplace,Tokopedia,1,3,567000,287640,no,
2026-08-05,Wednesday,Indonesian marketplace,TikTok Shop,0,0,0,0,no,
2026-08-05,Wednesday,Indonesian marketplace,Lazada,0,0,0,0,no,
2026-08-05,Wednesday,Indonesian marketplace,Blibli,1,1,201000,95880,no,
2026-08-05,Wednesday,Amazon,Amazon,2,3,1009785,430624,no,
2026-08-05,Wednesday,Website (Shopify),Website (Shopify),6,6,1220000,435195,no,
2026-08-05,Wednesday,Instagram,Instagram (DM/WhatsApp),3,3,597000,274530,no,
2026-08-05,Wednesday,Physical store,Bandung store,4,7,1323000,767172,no,
2026-08-06,Thursday,Indonesian marketplace,Shopee,5,6,1164000,558270,no,
2026-08-06,Thursday,Indonesian marketplace,Tokopedia,1,1,214000,95880,no,
2026-08-06,Thursday,Indonesian marketplace,TikTok Shop,0,0,0,0,no,
2026-08-06,Thursday,Indonesian marketplace,Lazada,0,0,0,0,no,
2026-08-06,Thursday,Indonesian marketplace,Blibli,0,0,0,0,no,
2026-08-06,Thursday,Amazon,Amazon,0,0,0,0,no,
2026-08-06,Thursday,Website (Shopify),Website (Shopify),4,5,953500,477746,no,
2026-08-06,Thursday,Instagram,Instagram (DM/WhatsApp),2,2,391000,201677,no,
2026-08-06,Thursday,Physical store,Bandung store,3,3,567000,329031,no,
2026-08-07,Friday,Indonesian marketplace,Shopee,3,7,1379000,634120,no,
2026-08-07,Friday,Indonesian marketplace,Tokopedia,0,0,0,0,no,
2026-08-07,Friday,Indonesian marketplace,TikTok Shop,1,1,209000,85785,no,
2026-08-07,Friday,Indonesian marketplace,Lazada,0,0,0,0,no,
2026-08-07,Friday,Indonesian marketplace,Blibli,1,0,0,0,no,
2026-08-07,Friday,Amazon,Amazon,3,3,1123722,430623,no,
2026-08-07,Friday,Website (Shopify),Website (Shopify),2,3,547000,287000,no,
2026-08-07,Friday,Instagram,Instagram (DM/WhatsApp),3,3,649000,293530,no,
2026-08-07,Friday,Physical store,Bandung store,3,3,567000,328464,no,
2026-08-08,Saturday,Indonesian marketplace,Shopee,6,9,1740000,751429,no,
2026-08-08,Saturday,Indonesian marketplace,Tokopedia,3,7,1313500,619180,no,
2026-08-08,Saturday,Indonesian marketplace,TikTok Shop,2,2,401000,146865,no,
2026-08-08,Saturday,Indonesian marketplace,Lazada,1,1,174000,81210,no,
2026-08-08,Saturday,Indonesian marketplace,Blibli,1,1,199500,87140,no,
2026-08-08,Saturday,Amazon,Amazon,0,0,0,0,no,
2026-08-08,Saturday,Website (Shopify),Website (Shopify),1,1,229000,107565,no,
2026-08-08,Saturday,Instagram,Instagram (DM/WhatsApp),4,4,868000,441025,no,
2026-08-08,Saturday,Physical store,Bandung store,2,3,567000,329031,no,
2026-08-09,Sunday,Indonesian marketplace,Shopee,4,4,829000,354985,no,
2026-08-09,Sunday,Indonesian marketplace,Tokopedia,1,1,201000,95880,no,
2026-08-09,Sunday,Indonesian marketplace,TikTok Shop,0,0,0,0,no,
2026-08-09,Sunday,Indonesian marketplace,Lazada,0,0,0,0,no,
2026-08-09,Sunday,Indonesian marketplace,Blibli,0,0,0,0,no,
2026-08-09,Sunday,Amazon,Amazon,0,0,0,0,no,
2026-08-09,Sunday,Website (Shopify),Website (Shopify),2,2,359000,200487,no,
2026-08-09,Sunday,Instagram,Instagram (DM/WhatsApp),2,4,771000,435495,no,
2026-08-09,Sunday,Physical store,Bandung store,5,5,945000,544873,no,
2026-08-10,Monday,Indonesian marketplace,Shopee,2,2,371000,168895,yes,17903562482994432
2026-08-10,Monday,Indonesian marketplace,Tokopedia,1,1,189000,95880,yes,17903562482994432
2026-08-10,Monday,Indonesian marketplace,TikTok Shop,1,1,161000,69315,yes,17903562482994432
2026-08-10,Monday,Indonesian marketplace,Lazada,2,2,420000,189870,yes,17903562482994432
2026-08-10,Monday,Indonesian marketplace,Blibli,0,0,0,0,yes,17903562482994432
2026-08-10,Monday,Amazon,Amazon,1,1,374574,143541,yes,17903562482994432
2026-08-10,Monday,Website (Shopify),Website (Shopify),16,23,4647000,2503409,yes,17903562482994432
2026-08-10,Monday,Instagram,Instagram (DM/WhatsApp),10,14,2836000,1529060,yes,17903562482994432
2026-08-10,Monday,Physical store,Bandung store,1,1,189000,109677,yes,17903562482994432
2026-08-11,Tuesday,Indonesian marketplace,Shopee,3,5,989000,465225,no,
2026-08-11,Tuesday,Indonesian marketplace,Tokopedia,4,6,1171000,547680,no,
2026-08-11,Tuesday,Indonesian marketplace,TikTok Shop,4,4,754000,318435,no,
2026-08-11,Tuesday,Indonesian marketplace,Lazada,1,1,204000,94935,no,
2026-08-11,Tuesday,Indonesian marketplace,Blibli,0,0,0,0,no,
2026-08-11,Tuesday,Amazon,Amazon,0,0,0,0,no,
2026-08-11,Tuesday,Website (Shopify),Website (Shopify),15,19,3802500,2053296,no,
2026-08-11,Tuesday,Instagram,Instagram (DM/WhatsApp),16,22,4443000,2191754,no,
2026-08-11,Tuesday,Physical store,Bandung store,5,5,945000,542227,no,
2026-08-12,Wednesday,Indonesian marketplace,Shopee,3,5,919500,424048,no,
2026-08-12,Wednesday,Indonesian marketplace,Tokopedia,1,2,378000,191760,no,
2026-08-12,Wednesday,Indonesian marketplace,TikTok Shop,2,2,346500,150067,no,
2026-08-12,Wednesday,Indonesian marketplace,Lazada,1,1,201000,94935,no,
2026-08-12,Wednesday,Indonesian marketplace,Blibli,0,0,0,0,no,
2026-08-12,Wednesday,Amazon,Amazon,1,4,1156485,574166,no,
2026-08-12,Wednesday,Website (Shopify),Website (Shopify),13,133,22639000,11905123,no,
2026-08-12,Wednesday,Instagram,Instagram (DM/WhatsApp),8,9,1782000,951461,no,
2026-08-12,Wednesday,Physical store,Bandung store,2,2,378000,83354,no,
2026-08-13,Thursday,Indonesian marketplace,Shopee,4,4,795000,372180,no,
2026-08-13,Thursday,Indonesian marketplace,Tokopedia,2,1,224000,95880,no,
2026-08-13,Thursday,Indonesian marketplace,TikTok Shop,1,1,204000,85785,no,
2026-08-13,Thursday,Indonesian marketplace,Lazada,1,4,743000,344970,no,
2026-08-13,Thursday,Indonesian marketplace,Blibli,1,1,204500,87140,no,
2026-08-13,Thursday,Amazon,Amazon,0,0,0,0,no,
2026-08-13,Thursday,Website (Shopify),Website (Shopify),6,9,1784000,980635,no,
2026-08-13,Thursday,Instagram,Instagram (DM/WhatsApp),7,7,1414500,750204,no,
2026-08-13,Thursday,Physical store,Bandung store,2,3,567000,330354,no,
2026-08-14,Friday,Indonesian marketplace,Shopee,3,3,617000,279135,no,
2026-08-14,Friday,Indonesian marketplace,Tokopedia,0,0,0,0,no,
2026-08-14,Friday,Indonesian marketplace,TikTok Shop,1,4,728000,343140,no,
2026-08-14,Friday,Indonesian marketplace,Lazada,0,0,0,0,no,
2026-08-14,Friday,Indonesian marketplace,Blibli,1,1,172500,69660,no,
2026-08-14,Friday,Amazon,Amazon,1,1,374574,143541,no,
2026-08-14,Friday,Website (Shopify),Website (Shopify),3,5,960000,542091,no,
2026-08-14,Friday,Instagram,Instagram (DM/WhatsApp),3,4,789500,418121,no,
2026-08-14,Friday,Physical store,Bandung store,1,1,189000,111000,no,
2026-08-15,Saturday,Indonesian marketplace,Shopee,3,5,909000,396445,no,
2026-08-15,Saturday,Indonesian marketplace,Tokopedia,0,0,0,0,no,
2026-08-15,Saturday,Indonesian marketplace,TikTok Shop,0,0,0,0,no,
2026-08-15,Saturday,Indonesian marketplace,Lazada,1,1,209000,94935,no,
2026-08-15,Saturday,Indonesian marketplace,Blibli,1,1,170000,78400,no,
2026-08-15,Saturday,Amazon,Amazon,0,0,0,0,no,
2026-08-15,Saturday,Website (Shopify),Website (Shopify),5,5,1056000,533829,no,
2026-08-15,Saturday,Instagram,Instagram (DM/WhatsApp),2,3,605000,310790,no,
2026-08-15,Saturday,Physical store,Bandung store,3,4,756000,442677,no,
2026-08-16,Sunday,Indonesian marketplace,Shopee,4,6,1199000,558270,no,
2026-08-16,Sunday,Indonesian marketplace,Tokopedia,1,1,214000,95880,no,
2026-08-16,Sunday,Indonesian marketplace,TikTok Shop,1,3,562000,257355,no,
2026-08-16,Sunday,Indonesian marketplace,Lazada,1,1,174000,81210,no,
2026-08-16,Sunday,Indonesian marketplace,Blibli,0,0,0,0,no,
2026-08-16,Sunday,Amazon,Amazon,1,1,374574,143541,no,
2026-08-16,Sunday,Website (Shopify),Website (Shopify),4,4,822500,424834,no,
2026-08-16,Sunday,Instagram,Instagram (DM/WhatsApp),4,5,1017000,553397,no,
2026-08-16,Sunday,Physical store,Bandung store,4,8,1512000,880062,no,
2026-08-17,Monday,Indonesian marketplace,Shopee,5,7,1273500,556743,no,
2026-08-17,Monday,Indonesian marketplace,Tokopedia,3,4,752500,232320,no,
2026-08-17,Monday,Indonesian marketplace,TikTok Shop,0,0,0,0,no,
2026-08-17,Monday,Indonesian marketplace,Lazada,1,1,160500,68857,no,
2026-08-17,Monday,Indonesian marketplace,Blibli,0,0,0,0,no,
2026-08-17,Monday,Amazon,Amazon,2,2,749148,287082,no,
2026-08-17,Monday,Website (Shopify),Website (Shopify),4,4,829000,429460,no,
2026-08-17,Monday,Instagram,Instagram (DM/WhatsApp),3,4,796000,444000,no,
2026-08-17,Monday,Physical store,Bandung store,1,1,189000,103519,no,
2026-08-18,Tuesday,Indonesian marketplace,Shopee,3,4,841000,236180,no,
2026-08-18,Tuesday,Indonesian marketplace,Tokopedia,0,0,0,0,no,
2026-08-18,Tuesday,Indonesian marketplace,TikTok Shop,1,1,209000,85785,no,
2026-08-18,Tuesday,Indonesian marketplace,Lazada,0,0,0,0,no,
2026-08-18,Tuesday,Indonesian marketplace,Blibli,1,4,756000,-85480,no,
2026-08-18,Tuesday,Amazon,Amazon,2,3,1009785,430624,no,
2026-08-18,Tuesday,Website (Shopify),Website (Shopify),3,3,647000,323397,no,
2026-08-18,Tuesday,Instagram,Instagram (DM/WhatsApp),0,0,0,0,no,
2026-08-18,Tuesday,Physical store,Bandung store,1,1,189000,109677,no,
2026-08-19,Wednesday,Indonesian marketplace,Shopee,6,6,1189500,532478,no,
2026-08-19,Wednesday,Indonesian marketplace,Tokopedia,1,3,592000,287640,no,
2026-08-19,Wednesday,Indonesian marketplace,TikTok Shop,0,0,0,0,no,
2026-08-19,Wednesday,Indonesian marketplace,Lazada,1,0,0,0,no,
2026-08-19,Wednesday,Indonesian marketplace,Blibli,0,0,0,0,no,
2026-08-19,Wednesday,Amazon,Amazon,1,2,635211,287083,no,
2026-08-19,Wednesday,Website (Shopify),Website (Shopify),1,2,378000,218000,no,
2026-08-19,Wednesday,Instagram,Instagram (DM/WhatsApp),5,6,1193500,636051,no,
2026-08-19,Wednesday,Physical store,Bandung store,2,2,378000,212629,no,
2026-08-20,Thursday,Indonesian marketplace,Shopee,1,1,204000,93045,no,
2026-08-20,Thursday,Indonesian marketplace,Tokopedia,0,0,0,0,no,
2026-08-20,Thursday,Indonesian marketplace,TikTok Shop,0,0,0,0,no,
2026-08-20,Thursday,Indonesian marketplace,Lazada,0,0,0,0,no,
2026-08-20,Thursday,Indonesian marketplace,Blibli,0,0,0,0,no,
2026-08-20,Thursday,Amazon,Amazon,2,2,749148,287082,no,
2026-08-20,Thursday,Website (Shopify),Website (Shopify),2,2,410000,210756,no,
2026-08-20,Thursday,Instagram,Instagram (DM/WhatsApp),1,89,14802000,-25000,no,
2026-08-20,Thursday,Physical store,Bandung store,0,0,0,0,no,
2026-08-21,Friday,Indonesian marketplace,Shopee,1,2,340000,151700,no,
2026-08-21,Friday,Indonesian marketplace,Tokopedia,2,3,587000,287640,no,
2026-08-21,Friday,Indonesian marketplace,TikTok Shop,0,0,0,0,no,
2026-08-21,Friday,Indonesian marketplace,Lazada,2,2,374500,163792,no,
2026-08-21,Friday,Indonesian marketplace,Blibli,1,1,201000,95880,no,
2026-08-21,Friday,Amazon,Amazon,0,0,0,0,no,
2026-08-21,Friday,Website (Shopify),Website (Shopify),5,5,1040000,402270,no,
2026-08-21,Friday,Instagram,Instagram (DM/WhatsApp),2,2,398500,209440,no,
2026-08-21,Friday,Physical store,Bandung store,5,6,1134000,655227,no,
2026-08-22,Saturday,Indonesian marketplace,Shopee,1,1,185000,75850,yes,17909171324675683
2026-08-22,Saturday,Indonesian marketplace,Tokopedia,2,4,776000,383520,yes,17909171324675683
2026-08-22,Saturday,Indonesian marketplace,TikTok Shop,0,0,0,0,yes,17909171324675683
2026-08-22,Saturday,Indonesian marketplace,Lazada,1,4,718000,344970,yes,17909171324675683
2026-08-22,Saturday,Indonesian marketplace,Blibli,0,0,0,0,yes,17909171324675683
2026-08-22,Saturday,Amazon,Amazon,2,2,749148,287082,yes,17909171324675683
2026-08-22,Saturday,Website (Shopify),Website (Shopify),4,5,1002000,541039,yes,17909171324675683
2026-08-22,Saturday,Instagram,Instagram (DM/WhatsApp),3,3,647000,197000,yes,17909171324675683
2026-08-22,Saturday,Physical store,Bandung store,5,5,945000,551787,yes,17909171324675683
2026-08-23,Sunday,Indonesian marketplace,Shopee,4,4,809000,218985,no,
2026-08-23,Sunday,Indonesian marketplace,Tokopedia,1,1,209000,95880,no,
2026-08-23,Sunday,Indonesian marketplace,TikTok Shop,0,0,0,0,no,
2026-08-23,Sunday,Indonesian marketplace,Lazada,0,0,0,0,no,
2026-08-23,Sunday,Indonesian marketplace,Blibli,0,0,0,0,no,
2026-08-23,Sunday,Amazon,Amazon,2,4,1270422,574165,no,
2026-08-23,Sunday,Website (Shopify),Website (Shopify),8,9,1846000,974059,no,
2026-08-23,Sunday,Instagram,Instagram (DM/WhatsApp),4,4,858000,442572,no,
2026-08-23,Sunday,Physical store,Bandung store,2,3,567000,329031,no,
2026-08-24,Monday,Indonesian marketplace,Shopee,0,0,0,0,no,
2026-08-24,Monday,Indonesian marketplace,Tokopedia,1,1,189000,95880,no,
2026-08-24,Monday,Indonesian marketplace,TikTok Shop,0,0,0,0,no,
2026-08-24,Monday,Indonesian marketplace,Lazada,1,1,201000,94935,no,
2026-08-24,Monday,Indonesian marketplace,Blibli,0,0,0,0,no,
2026-08-24,Monday,Amazon,Amazon,1,1,374574,143541,no,
2026-08-24,Monday,Website (Shopify),Website (Shopify),6,8,1616000,862661,no,
2026-08-24,Monday,Instagram,Instagram (DM/WhatsApp),3,3,635000,304330,no,
2026-08-24,Monday,Physical store,Bandung store,2,2,378000,218787,no,
2026-08-25,Tuesday,Indonesian marketplace,Shopee,3,5,957000,465225,no,
2026-08-25,Tuesday,Indonesian marketplace,Tokopedia,2,3,592000,287640,no,
2026-08-25,Tuesday,Indonesian marketplace,TikTok Shop,1,1,179000,85785,no,
2026-08-25,Tuesday,Indonesian marketplace,Lazada,2,2,393000,189870,no,
2026-08-25,Tuesday,Indonesian marketplace,Blibli,0,0,0,0,no,
2026-08-25,Tuesday,Amazon,Amazon,1,1,374574,143541,no,
2026-08-25,Tuesday,Website (Shopify),Website (Shopify),8,9,1870000,971790,no,
2026-08-25,Tuesday,Instagram,Instagram (DM/WhatsApp),3,5,1011500,534205,no,
2026-08-25,Tuesday,Physical store,Bandung store,0,0,0,0,no,
2026-08-26,Wednesday,Indonesian marketplace,Shopee,5,10,1896000,899680,no,
2026-08-26,Wednesday,Indonesian marketplace,Tokopedia,2,1,219000,95880,no,
2026-08-26,Wednesday,Indonesian marketplace,TikTok Shop,1,1,179000,85785,no,
2026-08-26,Wednesday,Indonesian marketplace,Lazada,0,0,0,0,no,
2026-08-26,Wednesday,Indonesian marketplace,Blibli,0,0,0,0,no,
2026-08-26,Wednesday,Amazon,Amazon,1,1,374574,143541,no,
2026-08-26,Wednesday,Website (Shopify),Website (Shopify),3,2,421000,210787,no,
2026-08-26,Wednesday,Instagram,Instagram (DM/WhatsApp),0,0,0,0,no,
2026-08-26,Wednesday,Physical store,Bandung store,4,8,1512000,875148,no,
2026-08-27,Thursday,Indonesian marketplace,Shopee,3,6,1169000,544695,no,
2026-08-27,Thursday,Indonesian marketplace,Tokopedia,4,8,1510500,740820,no,
2026-08-27,Thursday,Indonesian marketplace,TikTok Shop,2,2,413000,171570,no,
2026-08-27,Thursday,Indonesian marketplace,Lazada,0,0,0,0,no,
2026-08-27,Thursday,Indonesian marketplace,Blibli,0,0,0,0,no,
2026-08-27,Thursday,Amazon,Amazon,1,2,635211,287083,no,
2026-08-27,Thursday,Website (Shopify),Website (Shopify),3,3,662000,319496,no,
2026-08-27,Thursday,Instagram,Instagram (DM/WhatsApp),3,3,617000,197000,no,
2026-08-27,Thursday,Physical store,Bandung store,2,2,378000,220110,no,
2026-08-28,Friday,Indonesian marketplace,Shopee,12,13,2441500,1125873,yes,17902562330559770
2026-08-28,Friday,Indonesian marketplace,Tokopedia,6,8,1597000,753240,yes,17902562330559770
2026-08-28,Friday,Indonesian marketplace,TikTok Shop,3,3,539000,222584,yes,17902562330559770
2026-08-28,Friday,Indonesian marketplace,Lazada,3,3,597000,284805,yes,17902562330559770
2026-08-28,Friday,Indonesian marketplace,Blibli,0,0,0,0,yes,17902562330559770
2026-08-28,Friday,Amazon,Amazon,3,3,1123722,430623,yes,17902562330559770
2026-08-28,Friday,Website (Shopify),Website (Shopify),36,41,8272000,4405642,yes,17902562330559770
2026-08-28,Friday,Instagram,Instagram (DM/WhatsApp),21,28,5706000,3024332,yes,17902562330559770
2026-08-28,Friday,Physical store,Bandung store,4,4,756000,438141,yes,17902562330559770
2026-08-29,Saturday,Indonesian marketplace,Shopee,9,11,2224500,1001323,no,
2026-08-29,Saturday,Indonesian marketplace,Tokopedia,5,5,1016500,303380,no,
2026-08-29,Saturday,Indonesian marketplace,TikTok Shop,2,4,781000,343140,no,
2026-08-29,Saturday,Indonesian marketplace,Lazada,2,3,627000,284805,no,
2026-08-29,Saturday,Indonesian marketplace,Blibli,0,0,0,0,no,
2026-08-29,Saturday,Amazon,Amazon,2,2,749148,287082,no,
2026-08-29,Saturday,Website (Shopify),Website (Shopify),24,33,6548500,3389143,no,
2026-08-29,Saturday,Instagram,Instagram (DM/WhatsApp),23,26,5376500,2660800,no,
2026-08-29,Saturday,Physical store,Bandung store,7,9,1701000,975533,no,
2026-08-30,Sunday,Indonesian marketplace,Shopee,5,6,1174000,544695,no,
2026-08-30,Sunday,Indonesian marketplace,Tokopedia,2,2,358000,139320,no,
2026-08-30,Sunday,Indonesian marketplace,TikTok Shop,1,1,182000,61080,no,
2026-08-30,Sunday,Indonesian marketplace,Lazada,0,0,0,0,no,
2026-08-30,Sunday,Indonesian marketplace,Blibli,0,0,0,0,no,
2026-08-30,Sunday,Amazon,Amazon,2,2,749148,287082,no,
2026-08-30,Sunday,Website (Shopify),Website (Shopify),18,24,4751500,2337248,no,
2026-08-30,Sunday,Instagram,Instagram (DM/WhatsApp),6,5,1020000,414187,no,
2026-08-30,Sunday,Physical store,Bandung store,3,3,567000,329787,no,
2026-08-31,Monday,Indonesian marketplace,Shopee,3,3,592000,279135,no,
2026-08-31,Monday,Indonesian marketplace,Tokopedia,1,1,224000,95880,no,
2026-08-31,Monday,Indonesian marketplace,TikTok Shop,0,0,0,0,no,
2026-08-31,Monday,Indonesian marketplace,Lazada,2,2,418000,189870,no,
2026-08-31,Monday,Indonesian marketplace,Blibli,0,0,0,0,no,
2026-08-31,Monday,Amazon,Amazon,0,0,0,0,no,
2026-08-31,Monday,Website (Shopify),Website (Shopify),13,15,3045500,1589356,no,
2026-08-31,Monday,Instagram,Instagram (DM/WhatsApp),13,15,3035500,1601861,no,
2026-08-31,Monday,Physical store,Bandung store,0,0,0,0,no,
2026-09-01,Tuesday,Indonesian marketplace,Shopee,2,3,597000,279135,no,
2026-09-01,Tuesday,Indonesian marketplace,Tokopedia,6,8,1630500,740820,no,
2026-09-01,Tuesday,Indonesian marketplace,TikTok Shop,2,2,370000,171570,no,
2026-09-01,Tuesday,Indonesian marketplace,Lazada,0,0,0,0,no,
2026-09-01,Tuesday,Indonesian marketplace,Blibli,1,2,341500,139780,no,
2026-09-01,Tuesday,Amazon,Amazon,0,0,0,0,no,
2026-09-01,Tuesday,Website (Shopify),Website (Shopify),8,8,1707000,872683,no,
2026-09-01,Tuesday,Instagram,Instagram (DM/WhatsApp),10,12,2422000,1275817,no,
2026-09-01,Tuesday,Physical store,Bandung store,5,9,1701000,990495,no,
2026-09-02,Wednesday,Indonesian marketplace,Shopee,3,4,755000,337790,no,
2026-09-02,Wednesday,Indonesian marketplace,Tokopedia,4,7,1357500,601700,no,
2026-09-02,Wednesday,Indonesian marketplace,TikTok Shop,3,5,949000,412455,no,
2026-09-02,Wednesday,Indonesian marketplace,Lazada,1,1,219000,94935,no,
2026-09-02,Wednesday,Indonesian marketplace,Blibli,0,0,0,0,no,
2026-09-02,Wednesday,Amazon,Amazon,0,0,0,0,no,
2026-09-02,Wednesday,Website (Shopify),Website (Shopify),3,9,1701000,979660,no,
2026-09-02,Wednesday,Instagram,Instagram (DM/WhatsApp),2,4,768000,406000,no,
2026-09-02,Wednesday,Physical store,Bandung store,2,3,567000,329031,no,
2026-09-03,Thursday,Indonesian marketplace,Shopee,3,3,594000,251985,no,
2026-09-03,Thursday,Indonesian marketplace,Tokopedia,3,4,754500,331540,no,
2026-09-03,Thursday,Indonesian marketplace,TikTok Shop,0,0,0,0,no,
2026-09-03,Thursday,Indonesian marketplace,Lazada,1,1,219000,94935,no,
2026-09-03,Thursday,Indonesian marketplace,Blibli,0,0,0,0,no,
2026-09-03,Thursday,Amazon,Amazon,0,0,0,0,no,
2026-09-03,Thursday,Website (Shopify),Website (Shopify),9,9,1819000,839264,no,
2026-09-03,Thursday,Instagram,Instagram (DM/WhatsApp),2,2,436000,218565,no,
2026-09-03,Thursday,Physical store,Bandung store,2,2,378000,213196,no,
2026-09-04,Friday,Indonesian marketplace,Shopee,49,53,13604000,5333389,no,
2026-09-04,Friday,Indonesian marketplace,Tokopedia,18,17,4382000,1722560,no,
2026-09-04,Friday,Indonesian marketplace,TikTok Shop,4,5,930000,420690,no,
2026-09-04,Friday,Indonesian marketplace,Lazada,2,2,399000,172485,no,
2026-09-04,Friday,Indonesian marketplace,Blibli,0,0,0,0,no,
2026-09-04,Friday,Amazon,Amazon,2,3,1009785,430624,no,
2026-09-04,Friday,Website (Shopify),Website (Shopify),189,203,53364000,25543675,no,
2026-09-04,Friday,Instagram,Instagram (DM/WhatsApp),125,138,36598500,17102765,no,
2026-09-04,Friday,Physical store,Bandung store,29,32,7788000,4250138,no,
2026-09-05,Saturday,Indonesian marketplace,Shopee,7,8,1873500,756717,no,
2026-09-05,Saturday,Indonesian marketplace,Tokopedia,7,7,1608000,700760,no,
2026-09-05,Saturday,Indonesian marketplace,TikTok Shop,0,0,0,0,no,
2026-09-05,Saturday,Indonesian marketplace,Lazada,1,2,359000,172485,no,
2026-09-05,Saturday,Indonesian marketplace,Blibli,0,0,0,0,no,
2026-09-05,Saturday,Amazon,Amazon,2,2,749148,287082,no,
2026-09-05,Saturday,Website (Shopify),Website (Shopify),26,30,7824000,3772525,no,
2026-09-05,Saturday,Instagram,Instagram (DM/WhatsApp),12,14,3633000,1817425,no,
2026-09-05,Saturday,Physical store,Bandung store,5,5,1185000,643227,no,
2026-09-06,Sunday,Indonesian marketplace,Shopee,3,3,677000,299435,no,
2026-09-06,Sunday,Indonesian marketplace,Tokopedia,1,1,209000,95880,no,
2026-09-06,Sunday,Indonesian marketplace,TikTok Shop,1,1,199000,85785,no,
2026-09-06,Sunday,Indonesian marketplace,Lazada,1,1,182000,77550,no,
2026-09-06,Sunday,Indonesian marketplace,Blibli,0,0,0,0,no,
2026-09-06,Sunday,Amazon,Amazon,0,0,0,0,no,
2026-09-06,Sunday,Website (Shopify),Website (Shopify),6,8,1560500,859065,no,
2026-09-06,Sunday,Instagram,Instagram (DM/WhatsApp),3,3,682500,349500,no,
2026-09-06,Sunday,Physical store,Bandung store,4,8,1512000,875227,no,
2026-09-07,Monday,Indonesian marketplace,Shopee,3,3,644000,143135,yes,17905854025471212
2026-09-07,Monday,Indonesian marketplace,Tokopedia,1,1,224000,95880,yes,17905854025471212
2026-09-07,Monday,Indonesian marketplace,TikTok Shop,0,0,0,0,yes,17905854025471212
2026-09-07,Monday,Indonesian marketplace,Lazada,0,0,0,0,yes,17905854025471212
2026-09-07,Monday,Indonesian marketplace,Blibli,0,0,0,0,yes,17905854025471212
2026-09-07,Monday,Amazon,Amazon,1,3,895848,430624,yes,17905854025471212
2026-09-07,Monday,Website (Shopify),Website (Shopify),5,5,1020000,542134,yes,17905854025471212
2026-09-07,Monday,Instagram,Instagram (DM/WhatsApp),5,5,1017000,406702,yes,17905854025471212
2026-09-07,Monday,Physical store,Bandung store,1,1,189000,111000,yes,17905854025471212
2026-09-08,Tuesday,Indonesian marketplace,Shopee,5,5,970000,448031,no,
2026-09-08,Tuesday,Indonesian marketplace,Tokopedia,3,3,591000,273840,no,
2026-09-08,Tuesday,Indonesian marketplace,TikTok Shop,2,2,363000,146865,no,
2026-09-08,Tuesday,Indonesian marketplace,Lazada,0,0,0,0,no,
2026-09-08,Tuesday,Indonesian marketplace,Blibli,1,1,204000,95880,no,
2026-09-08,Tuesday,Amazon,Amazon,0,0,0,0,no,
2026-09-08,Tuesday,Website (Shopify),Website (Shopify),6,63,10391000,5241512,no,
2026-09-08,Tuesday,Instagram,Instagram (DM/WhatsApp),3,3,647000,333000,no,
2026-09-08,Tuesday,Physical store,Bandung store,4,5,945000,548574,no,
2026-09-09,Wednesday,Indonesian marketplace,Shopee,9,13,2403000,1069310,no,
2026-09-09,Wednesday,Indonesian marketplace,Tokopedia,6,6,1151000,462120,no,
2026-09-09,Wednesday,Indonesian marketplace,TikTok Shop,3,3,561000,224415,no,
2026-09-09,Wednesday,Indonesian marketplace,Lazada,2,4,731000,329414,no,
2026-09-09,Wednesday,Indonesian marketplace,Blibli,0,0,0,0,no,
2026-09-09,Wednesday,Amazon,Amazon,1,2,635211,287083,no,
2026-09-09,Wednesday,Website (Shopify),Website (Shopify),8,8,1671000,712366,no,
2026-09-09,Wednesday,Instagram,Instagram (DM/WhatsApp),9,10,2006000,1065014,no,
2026-09-09,Wednesday,Physical store,Bandung store,3,5,945000,551787,no,
2026-09-10,Thursday,Indonesian marketplace,Shopee,4,4,836000,358605,no,
2026-09-10,Thursday,Indonesian marketplace,Tokopedia,4,4,785000,369720,no,
2026-09-10,Thursday,Indonesian marketplace,TikTok Shop,2,2,356000,146865,no,
2026-09-10,Thursday,Indonesian marketplace,Lazada,0,0,0,0,no,
2026-09-10,Thursday,Indonesian marketplace,Blibli,0,0,0,0,no,
2026-09-10,Thursday,Amazon,Amazon,0,0,0,0,no,
2026-09-10,Thursday,Website (Shopify),Website (Shopify),11,18,3500000,1948285,no,
2026-09-10,Thursday,Instagram,Instagram (DM/WhatsApp),1,1,207000,111000,no,
2026-09-10,Thursday,Physical store,Bandung store,2,2,378000,218787,no,
2026-09-11,Friday,Indonesian marketplace,Shopee,5,5,979500,456628,no,
2026-09-11,Friday,Indonesian marketplace,Tokopedia,1,1,209000,95880,no,
2026-09-11,Friday,Indonesian marketplace,TikTok Shop,5,5,993000,404220,no,
2026-09-11,Friday,Indonesian marketplace,Lazada,0,0,0,0,no,
2026-09-11,Friday,Indonesian marketplace,Blibli,0,0,0,0,no,
2026-09-11,Friday,Amazon,Amazon,0,0,0,0,no,
2026-09-11,Friday,Website (Shopify),Website (Shopify),2,3,567000,329031,no,
2026-09-11,Friday,Instagram,Instagram (DM/WhatsApp),4,6,1166000,515345,no,
2026-09-11,Friday,Physical store,Bandung store,5,7,1323000,755911,no,
2026-09-12,Saturday,Indonesian marketplace,Shopee,3,3,538500,253342,no,
2026-09-12,Saturday,Indonesian marketplace,Tokopedia,2,5,985000,479400,no,
2026-09-12,Saturday,Indonesian marketplace,TikTok Shop,0,0,0,0,no,
2026-09-12,Saturday,Indonesian marketplace,Lazada,1,1,189000,81210,no,
2026-09-12,Saturday,Indonesian marketplace,Blibli,0,0,0,0,no,
2026-09-12,Saturday,Amazon,Amazon,2,3,1009785,430624,no,
2026-09-12,Saturday,Website (Shopify),Website (Shopify),6,6,1232000,643892,no,
2026-09-12,Saturday,Instagram,Instagram (DM/WhatsApp),2,2,398500,211138,no,
2026-09-12,Saturday,Physical store,Bandung store,4,4,756000,439464,no,
2026-09-13,Sunday,Indonesian marketplace,Shopee,0,0,0,0,no,
2026-09-13,Sunday,Indonesian marketplace,Tokopedia,1,1,194000,82080,no,
2026-09-13,Sunday,Indonesian marketplace,TikTok Shop,4,4,760000,343140,no,
2026-09-13,Sunday,Indonesian marketplace,Lazada,0,0,0,0,no,
2026-09-13,Sunday,Indonesian marketplace,Blibli,0,0,0,0,no,
2026-09-13,Sunday,Amazon,Amazon,2,3,1009785,430624,no,
2026-09-13,Sunday,Website (Shopify),Website (Shopify),4,5,999500,408800,no,
2026-09-13,Sunday,Instagram,Instagram (DM/WhatsApp),0,0,0,0,no,
2026-09-13,Sunday,Physical store,Bandung store,5,6,1134000,656928,no,
2026-09-14,Monday,Indonesian marketplace,Shopee,4,4,853000,372180,no,
2026-09-14,Monday,Indonesian marketplace,Tokopedia,3,3,554500,138600,no,
2026-09-14,Monday,Indonesian marketplace,TikTok Shop,1,1,209000,85785,no,
2026-09-14,Monday,Indonesian marketplace,Lazada,2,2,415000,189870,no,
2026-09-14,Monday,Indonesian marketplace,Blibli,0,0,0,0,no,
2026-09-14,Monday,Amazon,Amazon,0,0,0,0,no,
2026-09-14,Monday,Website (Shopify),Website (Shopify),4,8,1512000,861368,no,
2026-09-14,Monday,Instagram,Instagram (DM/WhatsApp),2,3,607000,331572,no,
2026-09-14,Monday,Physical store,Bandung store,3,4,756000,432550,no,
2026-09-15,Tuesday,Indonesian marketplace,Shopee,4,4,851000,372180,yes,17909503295997091
2026-09-15,Tuesday,Indonesian marketplace,Tokopedia,0,0,0,0,yes,17909503295997091
2026-09-15,Tuesday,Indonesian marketplace,TikTok Shop,3,3,543000,249120,yes,17909503295997091
2026-09-15,Tuesday,Indonesian marketplace,Lazada,3,3,607000,284805,yes,17909503295997091
2026-09-15,Tuesday,Indonesian marketplace,Blibli,0,0,0,0,yes,17909503295997091
2026-09-15,Tuesday,Amazon,Amazon,1,1,374574,143541,yes,17909503295997091
2026-09-15,Tuesday,Website (Shopify),Website (Shopify),4,5,1073000,600575,yes,17909503295997091
2026-09-15,Tuesday,Instagram,Instagram (DM/WhatsApp),6,6,1669000,904453,yes,17909503295997091
2026-09-15,Tuesday,Physical store,Bandung store,1,2,378000,219354,yes,17909503295997091
2026-09-16,Wednesday,Indonesian marketplace,Shopee,10,11,2173000,989105,no,
2026-09-16,Wednesday,Indonesian marketplace,Tokopedia,2,2,418000,191760,no,
2026-09-16,Wednesday,Indonesian marketplace,TikTok Shop,4,5,955000,428925,no,
2026-09-16,Wednesday,Indonesian marketplace,Lazada,2,2,371000,172485,no,
2026-09-16,Wednesday,Indonesian marketplace,Blibli,0,0,0,0,no,
2026-09-16,Wednesday,Amazon,Amazon,1,1,374574,143541,no,
2026-09-16,Wednesday,Website (Shopify),Website (Shopify),13,16,3566000,1891853,no,
2026-09-16,Wednesday,Instagram,Instagram (DM/WhatsApp),5,4,1066500,550752,no,
2026-09-16,Wednesday,Physical store,Bandung store,6,6,1134000,660141,no,
2026-09-17,Thursday,Indonesian marketplace,Shopee,3,4,1036500,439832,no,
2026-09-17,Thursday,Indonesian marketplace,Tokopedia,3,4,883000,399760,no,
2026-09-17,Thursday,Indonesian marketplace,TikTok Shop,2,2,418000,171570,no,
2026-09-17,Thursday,Indonesian marketplace,Lazada,0,0,0,0,no,
2026-09-17,Thursday,Indonesian marketplace,Blibli,1,1,319000,147080,no,
2026-09-17,Thursday,Amazon,Amazon,3,4,1384359,574165,no,
2026-09-17,Thursday,Website (Shopify),Website (Shopify),10,10,2576500,1286650,no,
2026-09-17,Thursday,Instagram,Instagram (DM/WhatsApp),0,0,0,0,no,
2026-09-17,Thursday,Physical store,Bandung store,2,2,378000,222000,no,
2026-09-18,Friday,Indonesian marketplace,Shopee,4,7,1468000,700865,no,
2026-09-18,Friday,Indonesian marketplace,Tokopedia,4,4,962000,417240,no,
2026-09-18,Friday,Indonesian marketplace,TikTok Shop,1,1,204000,85785,no,
2026-09-18,Friday,Indonesian marketplace,Lazada,2,3,608000,267420,no,
2026-09-18,Friday,Indonesian marketplace,Blibli,0,0,0,0,no,
2026-09-18,Friday,Amazon,Amazon,0,0,0,0,no,
2026-09-18,Friday,Website (Shopify),Website (Shopify),1,1,221000,109453,no,
2026-09-18,Friday,Instagram,Instagram (DM/WhatsApp),1,67,10789000,5538000,no,
2026-09-18,Friday,Physical store,Bandung store,5,7,1543000,869054,no,
2026-09-19,Saturday,Indonesian marketplace,Shopee,4,7,1519000,683670,no,
2026-09-19,Saturday,Indonesian marketplace,Tokopedia,2,2,509000,220880,no,
2026-09-19,Saturday,Indonesian marketplace,TikTok Shop,2,2,398000,45570,no,
2026-09-19,Saturday,Indonesian marketplace,Lazada,0,0,0,0,no,
2026-09-19,Saturday,Indonesian marketplace,Blibli,0,0,0,0,no,
2026-09-19,Saturday,Amazon,Amazon,1,1,374574,143541,no,
2026-09-19,Saturday,Website (Shopify),Website (Shopify),4,5,1252000,400642,no,
2026-09-19,Saturday,Instagram,Instagram (DM/WhatsApp),2,2,491000,256242,no,
2026-09-19,Saturday,Physical store,Bandung store,6,8,1512000,872014,no,
2026-09-20,Sunday,Indonesian marketplace,Shopee,5,6,1202000,541075,no,
2026-09-20,Sunday,Indonesian marketplace,Tokopedia,2,2,398000,191760,no,
2026-09-20,Sunday,Indonesian marketplace,TikTok Shop,2,3,537000,257355,no,
2026-09-20,Sunday,Indonesian marketplace,Lazada,1,3,521500,243172,no,
2026-09-20,Sunday,Indonesian marketplace,Blibli,0,0,0,0,no,
2026-09-20,Sunday,Amazon,Amazon,1,1,374574,143541,no,
2026-09-20,Sunday,Website (Shopify),Website (Shopify),4,4,884000,298788,no,
2026-09-20,Sunday,Instagram,Instagram (DM/WhatsApp),4,5,1138000,475895,no,
2026-09-20,Sunday,Physical store,Bandung store,1,2,378000,222000,no,
2026-09-21,Monday,Indonesian marketplace,Shopee,3,3,612000,279135,no,
2026-09-21,Monday,Indonesian marketplace,Tokopedia,1,1,204000,95880,no,
2026-09-21,Monday,Indonesian marketplace,TikTok Shop,1,1,199000,85785,no,
2026-09-21,Monday,Indonesian marketplace,Lazada,1,1,182000,77550,no,
2026-09-21,Monday,Indonesian marketplace,Blibli,1,1,185000,78400,no,
2026-09-21,Monday,Amazon,Amazon,0,0,0,0,no,
2026-09-21,Monday,Website (Shopify),Website (Shopify),6,6,1501000,764256,no,
2026-09-21,Monday,Instagram,Instagram (DM/WhatsApp),4,4,1084000,560178,no,
2026-09-21,Monday,Physical store,Bandung store,4,4,976000,548023,no,
2026-09-22,Tuesday,Indonesian marketplace,Shopee,3,3,617000,279135,no,
2026-09-22,Tuesday,Indonesian marketplace,Tokopedia,3,3,629000,287640,no,
2026-09-22,Tuesday,Indonesian marketplace,TikTok Shop,2,2,395000,155100,no,
2026-09-22,Tuesday,Indonesian marketplace,Lazada,0,0,0,0,no,
2026-09-22,Tuesday,Indonesian marketplace,Blibli,1,2,371000,-53720,no,
2026-09-22,Tuesday,Amazon,Amazon,2,2,749148,287082,no,
2026-09-22,Tuesday,Website (Shopify),Website (Shopify),3,73,12473000,6664458,no,
2026-09-22,Tuesday,Instagram,Instagram (DM/WhatsApp),2,3,918000,495886,no,
2026-09-22,Tuesday,Physical store,Bandung store,0,0,0,0,no,
2026-09-23,Wednesday,Indonesian marketplace,Shopee,7,12,2404000,978504,yes,17908880999865633
2026-09-23,Wednesday,Indonesian marketplace,Tokopedia,4,5,1103500,504380,yes,17908880999865633
2026-09-23,Wednesday,Indonesian marketplace,TikTok Shop,1,1,191000,85785,yes,17908880999865633
2026-09-23,Wednesday,Indonesian marketplace,Lazada,2,2,413000,189870,yes,17908880999865633
2026-09-23,Wednesday,Indonesian marketplace,Blibli,1,2,408000,191760,yes,17908880999865633
2026-09-23,Wednesday,Amazon,Amazon,2,2,749148,287082,yes,17908880999865633
2026-09-23,Wednesday,Website (Shopify),Website (Shopify),33,36,8704000,4358852,yes,17908880999865633
2026-09-23,Wednesday,Instagram,Instagram (DM/WhatsApp),20,24,5974000,3038756,yes,17908880999865633
2026-09-23,Wednesday,Physical store,Bandung store,3,3,567000,324196,yes,17908880999865633
2026-09-24,Thursday,Indonesian marketplace,Shopee,12,12,2580500,1140298,yes,17901977490176261
2026-09-24,Thursday,Indonesian marketplace,Tokopedia,4,7,1355000,671160,yes,17901977490176261
2026-09-24,Thursday,Indonesian marketplace,TikTok Shop,5,6,1181000,514710,yes,17901977490176261
2026-09-24,Thursday,Indonesian marketplace,Lazada,4,5,966000,457290,yes,17901977490176261
2026-09-24,Thursday,Indonesian marketplace,Blibli,0,0,0,0,yes,17901977490176261
2026-09-24,Thursday,Amazon,Amazon,0,0,0,0,yes,17901977490176261
2026-09-24,Thursday,Website (Shopify),Website (Shopify),37,43,9758000,4654168,yes,17901977490176261
2026-09-24,Thursday,Instagram,Instagram (DM/WhatsApp),37,44,10397000,5340946,yes,17901977490176261
2026-09-24,Thursday,Physical store,Bandung store,7,7,1323000,763093,yes,17901977490176261
2026-09-25,Friday,Indonesian marketplace,Shopee,3,3,707000,301535,no,
2026-09-25,Friday,Indonesian marketplace,Tokopedia,2,4,749500,331540,no,
2026-09-25,Friday,Indonesian marketplace,TikTok Shop,3,3,556000,240885,no,
2026-09-25,Friday,Indonesian marketplace,Lazada,0,0,0,0,no,
2026-09-25,Friday,Indonesian marketplace,Blibli,0,0,0,0,no,
2026-09-25,Friday,Amazon,Amazon,2,2,749148,287082,no,
2026-09-25,Friday,Website (Shopify),Website (Shopify),30,42,8977000,3750017,no,
2026-09-25,Friday,Instagram,Instagram (DM/WhatsApp),23,23,5749000,2841318,no,
2026-09-25,Friday,Physical store,Bandung store,4,6,1354000,783907,no,
2026-09-26,Saturday,Indonesian marketplace,Shopee,5,10,1888500,891082,no,
2026-09-26,Saturday,Indonesian marketplace,Tokopedia,4,6,1295500,405460,no,
2026-09-26,Saturday,Indonesian marketplace,TikTok Shop,1,1,176500,72517,no,
2026-09-26,Saturday,Indonesian marketplace,Lazada,1,1,189000,-41065,no,
2026-09-26,Saturday,Indonesian marketplace,Blibli,0,0,0,0,no,
2026-09-26,Saturday,Amazon,Amazon,3,3,1123722,430623,no,
2026-09-26,Saturday,Website (Shopify),Website (Shopify),18,20,4614500,2412498,no,
2026-09-26,Saturday,Instagram,Instagram (DM/WhatsApp),12,44,8248000,4408196,no,
2026-09-26,Saturday,Physical store,Bandung store,6,6,1354000,769326,no,
2026-09-27,Sunday,Indonesian marketplace,Shopee,5,5,1145000,305200,no,
2026-09-27,Sunday,Indonesian marketplace,Tokopedia,2,1,204000,95880,no,
2026-09-27,Sunday,Indonesian marketplace,TikTok Shop,3,3,577000,232650,no,
2026-09-27,Sunday,Indonesian marketplace,Lazada,1,1,201000,94935,no,
2026-09-27,Sunday,Indonesian marketplace,Blibli,1,4,756000,383520,no,
2026-09-27,Sunday,Amazon,Amazon,1,1,374574,143541,no,
2026-09-27,Sunday,Website (Shopify),Website (Shopify),7,8,1757000,872125,no,
2026-09-27,Sunday,Instagram,Instagram (DM/WhatsApp),5,9,2111000,1174709,no,
2026-09-27,Sunday,Physical store,Bandung store,1,1,189000,109677,no,
