post_id,age,gender,value,share_pct_of_reach,data_source
17902428608945110,13-17,F,95,0.97,modeled_estimate
17902428608945110,13-17,M,83,0.85,modeled_estimate
17902428608945110,13-17,U,2,0.02,modeled_estimate
17902428608945110,18-24,F,1711,17.45,modeled_estimate
17902428608945110,18-24,M,983,10.03,modeled_estimate
17902428608945110,18-24,U,29,0.3,modeled_estimate
17902428608945110,25-34,F,1940,19.79,modeled_estimate
17902428608945110,25-34,M,1241,12.66,modeled_estimate
17902428608945110,25-34,U,31,0.32,modeled_estimate
17902428608945110,35-44,F,992,10.12,modeled_estimate
17902428608945110,35-44,M,731,7.46,modeled_estimate
17902428608945110,35-44,U,16,0.16,modeled_estimate
17902428608945110,45-54,F,440,4.49,modeled_estimate
17902428608945110,45-54,M,402,4.1,modeled_estimate
17902428608945110,45-54,U,9,0.09,modeled_estimate
17902428608945110,55-64,F,181,1.85,modeled_estimate
17902428608945110,55-64,M,210,2.14,modeled_estimate
17902428608945110,55-64,U,4,0.04,modeled_estimate
17902428608945110,65+,F,50,0.51,modeled_estimate
17902428608945110,65+,M,66,0.67,modeled_estimate
17902428608945110,65+,U,1,0.01,modeled_estimate
17901977490176261,13-17,F,69,0.87,modeled_estimate
17901977490176261,13-17,M,37,0.47,modeled_estimate
17901977490176261,13-17,U,1,0.01,modeled_estimate
17901977490176261,18-24,F,1521,19.24,modeled_estimate
17901977490176261,18-24,M,744,9.41,modeled_estimate
17901977490176261,18-24,U,20,0.25,modeled_estimate
17901977490176261,25-34,F,2177,27.54,modeled_estimate
17901977490176261,25-34,M,1054,13.33,modeled_estimate
17901977490176261,25-34,U,30,0.38,modeled_estimate
17901977490176261,35-44,F,822,10.4,modeled_estimate
17901977490176261,35-44,M,473,5.98,modeled_estimate
17901977490176261,35-44,U,14,0.18,modeled_estimate
17901977490176261,45-54,F,270,3.42,modeled_estimate
17901977490176261,45-54,M,173,2.19,modeled_estimate
17901977490176261,45-54,U,4,0.05,modeled_estimate
17901977490176261,55-64,F,79,1.0,modeled_estimate
17901977490176261,55-64,M,72,0.91,modeled_estimate
17901977490176261,55-64,U,2,0.03,modeled_estimate
17901977490176261,65+,F,24,0.3,modeled_estimate
17901977490176261,65+,M,25,0.32,modeled_estimate
17901977490176261,65+,U,1,0.01,modeled_estimate
17908880999865633,13-17,F,102,1.08,modeled_estimate
17908880999865633,13-17,M,63,0.67,modeled_estimate
17908880999865633,13-17,U,2,0.02,modeled_estimate
17908880999865633,18-24,F,1866,19.74,modeled_estimate
17908880999865633,18-24,M,882,9.33,modeled_estimate
17908880999865633,18-24,U,26,0.28,modeled_estimate
17908880999865633,25-34,F,2327,24.62,modeled_estimate
17908880999865633,25-34,M,1271,13.45,modeled_estimate
17908880999865633,25-34,U,35,0.37,modeled_estimate
17908880999865633,35-44,F,934,9.88,modeled_estimate
17908880999865633,35-44,M,534,5.65,modeled_estimate
17908880999865633,35-44,U,14,0.15,modeled_estimate
17908880999865633,45-54,F,308,3.26,modeled_estimate
17908880999865633,45-54,M,211,2.23,modeled_estimate
17908880999865633,45-54,U,5,0.05,modeled_estimate
17908880999865633,55-64,F,106,1.12,modeled_estimate
17908880999865633,55-64,M,87,0.92,modeled_estimate
17908880999865633,55-64,U,2,0.02,modeled_estimate
17908880999865633,65+,F,27,0.29,modeled_estimate
17908880999865633,65+,M,33,0.35,modeled_estimate
17908880999865633,65+,U,1,0.01,modeled_estimate
17902500451939084,13-17,F,13,0.68,modeled_estimate
17902500451939084,13-17,M,10,0.52,modeled_estimate
17902500451939084,13-17,U,0,0.0,modeled_estimate
17902500451939084,18-24,F,382,19.88,modeled_estimate
17902500451939084,18-24,M,191,9.94,modeled_estimate
17902500451939084,18-24,U,5,0.26,modeled_estimate
17902500451939084,25-34,F,403,20.97,modeled_estimate
17902500451939084,25-34,M,281,14.62,modeled_estimate
17902500451939084,25-34,U,8,0.42,modeled_estimate
17902500451939084,35-44,F,177,9.21,modeled_estimate
17902500451939084,35-44,M,136,7.08,modeled_estimate
17902500451939084,35-44,U,3,0.16,modeled_estimate
17902500451939084,45-54,F,69,3.59,modeled_estimate
17902500451939084,45-54,M,63,3.28,modeled_estimate
17902500451939084,45-54,U,1,0.05,modeled_estimate
17902500451939084,55-64,F,22,1.14,modeled_estimate
17902500451939084,55-64,M,26,1.35,modeled_estimate
17902500451939084,55-64,U,0,0.0,modeled_estimate
17902500451939084,65+,F,7,0.36,modeled_estimate
17902500451939084,65+,M,10,0.52,modeled_estimate
17902500451939084,65+,U,0,0.0,modeled_estimate
17903369297646473,13-17,F,40,0.91,modeled_estimate
17903369297646473,13-17,M,39,0.89,modeled_estimate
17903369297646473,13-17,U,1,0.02,modeled_estimate
17903369297646473,18-24,F,722,16.4,modeled_estimate
17903369297646473,18-24,M,413,9.38,modeled_estimate
17903369297646473,18-24,U,11,0.25,modeled_estimate
17903369297646473,25-34,F,980,22.26,modeled_estimate
17903369297646473,25-34,M,529,12.02,modeled_estimate
17903369297646473,25-34,U,14,0.32,modeled_estimate
17903369297646473,35-44,F,474,10.77,modeled_estimate
17903369297646473,35-44,M,311,7.06,modeled_estimate
17903369297646473,35-44,U,7,0.16,modeled_estimate
17903369297646473,45-54,F,194,4.41,modeled_estimate
17903369297646473,45-54,M,174,3.95,modeled_estimate
17903369297646473,45-54,U,4,0.09,modeled_estimate
17903369297646473,55-64,F,83,1.89,modeled_estimate
17903369297646473,55-64,M,83,1.89,modeled_estimate
17903369297646473,55-64,U,2,0.05,modeled_estimate
17903369297646473,65+,F,23,0.52,modeled_estimate
17903369297646473,65+,M,31,0.7,modeled_estimate
17903369297646473,65+,U,0,0.0,modeled_estimate
17906998254854499,13-17,F,54,1.51,modeled_estimate
17906998254854499,13-17,M,41,1.15,modeled_estimate
17906998254854499,13-17,U,1,0.03,modeled_estimate
17906998254854499,18-24,F,1089,30.46,modeled_estimate
17906998254854499,18-24,M,463,12.95,modeled_estimate
17906998254854499,18-24,U,15,0.42,modeled_estimate
17906998254854499,25-34,F,682,19.08,modeled_estimate
17906998254854499,25-34,M,416,11.64,modeled_estimate
17906998254854499,25-34,U,11,0.31,modeled_estimate
17906998254854499,35-44,F,258,7.22,modeled_estimate
17906998254854499,35-44,M,171,4.78,modeled_estimate
17906998254854499,35-44,U,4,0.11,modeled_estimate
17906998254854499,45-54,F,96,2.69,modeled_estimate
17906998254854499,45-54,M,81,2.27,modeled_estimate
17906998254854499,45-54,U,2,0.06,modeled_estimate
17906998254854499,55-64,F,28,0.78,modeled_estimate
17906998254854499,55-64,M,29,0.81,modeled_estimate
17906998254854499,55-64,U,1,0.03,modeled_estimate
17906998254854499,65+,F,9,0.25,modeled_estimate
17906998254854499,65+,M,10,0.28,modeled_estimate
17906998254854499,65+,U,0,0.0,modeled_estimate
17909503295997091,13-17,F,9,0.66,modeled_estimate
17909503295997091,13-17,M,5,0.36,modeled_estimate
17909503295997091,13-17,U,0,0.0,modeled_estimate
17909503295997091,18-24,F,255,18.57,modeled_estimate
17909503295997091,18-24,M,105,7.65,modeled_estimate
17909503295997091,18-24,U,4,0.29,modeled_estimate
17909503295997091,25-34,F,410,29.86,modeled_estimate
17909503295997091,25-34,M,186,13.55,modeled_estimate
17909503295997091,25-34,U,6,0.44,modeled_estimate
17909503295997091,35-44,F,142,10.34,modeled_estimate
17909503295997091,35-44,M,76,5.54,modeled_estimate
17909503295997091,35-44,U,2,0.15,modeled_estimate
17909503295997091,45-54,F,53,3.86,modeled_estimate
17909503295997091,45-54,M,35,2.55,modeled_estimate
17909503295997091,45-54,U,1,0.07,modeled_estimate
17909503295997091,55-64,F,16,1.17,modeled_estimate
17909503295997091,55-64,M,12,0.87,modeled_estimate
17909503295997091,55-64,U,0,0.0,modeled_estimate
17909503295997091,65+,F,4,0.29,modeled_estimate
17909503295997091,65+,M,5,0.36,modeled_estimate
17909503295997091,65+,U,0,0.0,modeled_estimate
17905224068300707,13-17,F,8,0.69,modeled_estimate
17905224068300707,13-17,M,6,0.52,modeled_estimate
17905224068300707,13-17,U,0,0.0,modeled_estimate
17905224068300707,18-24,F,211,18.24,modeled_estimate
17905224068300707,18-24,M,137,11.84,modeled_estimate
17905224068300707,18-24,U,3,0.26,modeled_estimate
17905224068300707,25-34,F,281,24.29,modeled_estimate
17905224068300707,25-34,M,147,12.71,modeled_estimate
17905224068300707,25-34,U,5,0.43,modeled_estimate
17905224068300707,35-44,F,108,9.33,modeled_estimate
17905224068300707,35-44,M,81,7.0,modeled_estimate
17905224068300707,35-44,U,2,0.17,modeled_estimate
17905224068300707,45-54,F,41,3.54,modeled_estimate
17905224068300707,45-54,M,38,3.28,modeled_estimate
17905224068300707,45-54,U,1,0.09,modeled_estimate
17905224068300707,55-64,F,14,1.21,modeled_estimate
17905224068300707,55-64,M,15,1.3,modeled_estimate
17905224068300707,55-64,U,0,0.0,modeled_estimate
17905224068300707,65+,F,4,0.35,modeled_estimate
17905224068300707,65+,M,6,0.52,modeled_estimate
17905224068300707,65+,U,0,0.0,modeled_estimate
17905447142028772,13-17,F,119,1.13,modeled_estimate
17905447142028772,13-17,M,107,1.01,modeled_estimate
17905447142028772,13-17,U,2,0.02,modeled_estimate
17905447142028772,18-24,F,2112,20.01,modeled_estimate
17905447142028772,18-24,M,1244,11.78,modeled_estimate
17905447142028772,18-24,U,36,0.34,modeled_estimate
17905447142028772,25-34,F,2122,20.1,modeled_estimate
17905447142028772,25-34,M,1455,13.78,modeled_estimate
17905447142028772,25-34,U,41,0.39,modeled_estimate
17905447142028772,35-44,F,934,8.85,modeled_estimate
17905447142028772,35-44,M,736,6.97,modeled_estimate
17905447142028772,35-44,U,17,0.16,modeled_estimate
17905447142028772,45-54,F,400,3.79,modeled_estimate
17905447142028772,45-54,M,334,3.16,modeled_estimate
17905447142028772,45-54,U,7,0.07,modeled_estimate
17905447142028772,55-64,F,121,1.15,modeled_estimate
17905447142028772,55-64,M,155,1.47,modeled_estimate
17905447142028772,55-64,U,3,0.03,modeled_estimate
17905447142028772,65+,F,35,0.33,modeled_estimate
17905447142028772,65+,M,58,0.55,modeled_estimate
17905447142028772,65+,U,1,0.01,modeled_estimate
17902783331106906,13-17,F,112,1.01,modeled_estimate
17902783331106906,13-17,M,99,0.89,modeled_estimate
17902783331106906,13-17,U,2,0.02,modeled_estimate
17902783331106906,18-24,F,1875,16.9,modeled_estimate
17902783331106906,18-24,M,966,8.71,modeled_estimate
17902783331106906,18-24,U,30,0.27,modeled_estimate
17902783331106906,25-34,F,2614,23.56,modeled_estimate
17902783331106906,25-34,M,1452,13.09,modeled_estimate
17902783331106906,25-34,U,39,0.35,modeled_estimate
17902783331106906,35-44,F,1155,10.41,modeled_estimate
17902783331106906,35-44,M,752,6.78,modeled_estimate
17902783331106906,35-44,U,17,0.15,modeled_estimate
17902783331106906,45-54,F,528,4.76,modeled_estimate
17902783331106906,45-54,M,464,4.18,modeled_estimate
17902783331106906,45-54,U,10,0.09,modeled_estimate
17902783331106906,55-64,F,213,1.92,modeled_estimate
17902783331106906,55-64,M,224,2.02,modeled_estimate
17902783331106906,55-64,U,5,0.05,modeled_estimate
17902783331106906,65+,F,63,0.57,modeled_estimate
17902783331106906,65+,M,75,0.68,modeled_estimate
17902783331106906,65+,U,1,0.01,modeled_estimate
17905854025471212,13-17,F,27,0.82,modeled_estimate
17905854025471212,13-17,M,18,0.55,modeled_estimate
17905854025471212,13-17,U,0,0.0,modeled_estimate
17905854025471212,18-24,F,644,19.64,modeled_estimate
17905854025471212,18-24,M,298,9.09,modeled_estimate
17905854025471212,18-24,U,9,0.27,modeled_estimate
17905854025471212,25-34,F,834,25.43,modeled_estimate
17905854025471212,25-34,M,436,13.3,modeled_estimate
17905854025471212,25-34,U,12,0.37,modeled_estimate
17905854025471212,35-44,F,328,10.0,modeled_estimate
17905854025471212,35-44,M,182,5.55,modeled_estimate
17905854025471212,35-44,U,5,0.15,modeled_estimate
17905854025471212,45-54,F,111,3.39,modeled_estimate
17905854025471212,45-54,M,73,2.23,modeled_estimate
17905854025471212,45-54,U,2,0.06,modeled_estimate
17905854025471212,55-64,F,35,1.07,modeled_estimate
17905854025471212,55-64,M,28,0.85,modeled_estimate
17905854025471212,55-64,U,1,0.03,modeled_estimate
17905854025471212,65+,F,11,0.34,modeled_estimate
17905854025471212,65+,M,11,0.34,modeled_estimate
17905854025471212,65+,U,0,0.0,modeled_estimate
17908838279664940,13-17,F,8,0.18,modeled_estimate
17908838279664940,13-17,M,13,0.29,modeled_estimate
17908838279664940,13-17,U,0,0.0,modeled_estimate
17908838279664940,18-24,F,350,7.92,modeled_estimate
17908838279664940,18-24,M,367,8.31,modeled_estimate
17908838279664940,18-24,U,8,0.18,modeled_estimate
17908838279664940,25-34,F,862,19.51,modeled_estimate
17908838279664940,25-34,M,924,20.91,modeled_estimate
17908838279664940,25-34,U,20,0.45,modeled_estimate
17908838279664940,35-44,F,462,10.45,modeled_estimate
17908838279664940,35-44,M,580,13.13,modeled_estimate
17908838279664940,35-44,U,12,0.27,modeled_estimate
17908838279664940,45-54,F,146,3.3,modeled_estimate
17908838279664940,45-54,M,312,7.06,modeled_estimate
17908838279664940,45-54,U,5,0.11,modeled_estimate
17908838279664940,55-64,F,51,1.15,modeled_estimate
17908838279664940,55-64,M,100,2.26,modeled_estimate
17908838279664940,55-64,U,2,0.05,modeled_estimate
17908838279664940,65+,F,10,0.23,modeled_estimate
17908838279664940,65+,M,37,0.84,modeled_estimate
17908838279664940,65+,U,0,0.0,modeled_estimate
17906745675922616,13-17,F,52,1.26,modeled_estimate
17906745675922616,13-17,M,47,1.14,modeled_estimate
17906745675922616,13-17,U,1,0.02,modeled_estimate
17906745675922616,18-24,F,946,22.98,modeled_estimate
17906745675922616,18-24,M,601,14.6,modeled_estimate
17906745675922616,18-24,U,15,0.36,modeled_estimate
17906745675922616,25-34,F,798,19.38,modeled_estimate
17906745675922616,25-34,M,570,13.85,modeled_estimate
17906745675922616,25-34,U,13,0.32,modeled_estimate
17906745675922616,35-44,F,330,8.02,modeled_estimate
17906745675922616,35-44,M,250,6.07,modeled_estimate
17906745675922616,35-44,U,5,0.12,modeled_estimate
17906745675922616,45-54,F,120,2.91,modeled_estimate
17906745675922616,45-54,M,114,2.77,modeled_estimate
17906745675922616,45-54,U,2,0.05,modeled_estimate
17906745675922616,55-64,F,44,1.07,modeled_estimate
17906745675922616,55-64,M,49,1.19,modeled_estimate
17906745675922616,55-64,U,1,0.02,modeled_estimate
17906745675922616,65+,F,12,0.29,modeled_estimate
17906745675922616,65+,M,18,0.44,modeled_estimate
17906745675922616,65+,U,0,0.0,modeled_estimate
17909597409818323,13-17,F,42,0.71,modeled_estimate
17909597409818323,13-17,M,37,0.63,modeled_estimate
17909597409818323,13-17,U,1,0.02,modeled_estimate
17909597409818323,18-24,F,918,15.6,modeled_estimate
17909597409818323,18-24,M,551,9.36,modeled_estimate
17909597409818323,18-24,U,15,0.25,modeled_estimate
17909597409818323,25-34,F,1385,23.53,modeled_estimate
17909597409818323,25-34,M,821,13.95,modeled_estimate
17909597409818323,25-34,U,23,0.39,modeled_estimate
17909597409818323,35-44,F,650,11.05,modeled_estimate
17909597409818323,35-44,M,439,7.46,modeled_estimate
17909597409818323,35-44,U,10,0.17,modeled_estimate
17909597409818323,45-54,F,247,4.2,modeled_estimate
17909597409818323,45-54,M,213,3.62,modeled_estimate
17909597409818323,45-54,U,5,0.08,modeled_estimate
17909597409818323,55-64,F,79,1.34,modeled_estimate
17909597409818323,55-64,M,88,1.5,modeled_estimate
17909597409818323,55-64,U,2,0.03,modeled_estimate
17909597409818323,65+,F,21,0.36,modeled_estimate
17909597409818323,65+,M,30,0.51,modeled_estimate
17909597409818323,65+,U,0,0.0,modeled_estimate
17901296159799218,13-17,F,62,0.84,modeled_estimate
17901296159799218,13-17,M,50,0.67,modeled_estimate
17901296159799218,13-17,U,1,0.01,modeled_estimate
17901296159799218,18-24,F,1258,16.97,modeled_estimate
17901296159799218,18-24,M,749,10.1,modeled_estimate
17901296159799218,18-24,U,19,0.26,modeled_estimate
17901296159799218,25-34,F,1658,22.37,modeled_estimate
17901296159799218,25-34,M,1046,14.11,modeled_estimate
17901296159799218,25-34,U,28,0.38,modeled_estimate
17901296159799218,35-44,F,739,9.97,modeled_estimate
17901296159799218,35-44,M,539,7.27,modeled_estimate
17901296159799218,35-44,U,12,0.16,modeled_estimate
17901296159799218,45-54,F,274,3.7,modeled_estimate
17901296159799218,45-54,M,226,3.05,modeled_estimate
17901296159799218,45-54,U,5,0.07,modeled_estimate
17901296159799218,55-64,F,86,1.16,modeled_estimate
17901296159799218,55-64,M,103,1.39,modeled_estimate
17901296159799218,55-64,U,2,0.03,modeled_estimate
17901296159799218,65+,F,24,0.32,modeled_estimate
17901296159799218,65+,M,41,0.55,modeled_estimate
17901296159799218,65+,U,1,0.01,modeled_estimate
17902562330559770,13-17,F,189,0.93,modeled_estimate
17902562330559770,13-17,M,144,0.71,modeled_estimate
17902562330559770,13-17,U,3,0.01,modeled_estimate
17902562330559770,18-24,F,3980,19.52,modeled_estimate
17902562330559770,18-24,M,1861,9.13,modeled_estimate
17902562330559770,18-24,U,51,0.25,modeled_estimate
17902562330559770,25-34,F,5382,26.39,modeled_estimate
17902562330559770,25-34,M,2463,12.08,modeled_estimate
17902562330559770,25-34,U,88,0.43,modeled_estimate
17902562330559770,35-44,F,2006,9.84,modeled_estimate
17902562330559770,35-44,M,1269,6.22,modeled_estimate
17902562330559770,35-44,U,29,0.14,modeled_estimate
17902562330559770,45-54,F,627,3.07,modeled_estimate
17902562330559770,45-54,M,432,2.12,modeled_estimate
17902562330559770,45-54,U,13,0.06,modeled_estimate
17902562330559770,55-64,F,204,1.0,modeled_estimate
17902562330559770,55-64,M,175,0.86,modeled_estimate
17902562330559770,55-64,U,4,0.02,modeled_estimate
17902562330559770,65+,F,63,0.31,modeled_estimate
17902562330559770,65+,M,67,0.33,modeled_estimate
17902562330559770,65+,U,1,0.0,modeled_estimate
17903887245863979,13-17,F,9,0.79,modeled_estimate
17903887245863979,13-17,M,7,0.61,modeled_estimate
17903887245863979,13-17,U,0,0.0,modeled_estimate
17903887245863979,18-24,F,229,20.03,modeled_estimate
17903887245863979,18-24,M,126,11.02,modeled_estimate
17903887245863979,18-24,U,4,0.35,modeled_estimate
17903887245863979,25-34,F,245,21.43,modeled_estimate
17903887245863979,25-34,M,164,14.35,modeled_estimate
17903887245863979,25-34,U,4,0.35,modeled_estimate
17903887245863979,35-44,F,118,10.32,modeled_estimate
17903887245863979,35-44,M,80,7.0,modeled_estimate
17903887245863979,35-44,U,2,0.17,modeled_estimate
17903887245863979,45-54,F,36,3.15,modeled_estimate
17903887245863979,45-54,M,33,2.89,modeled_estimate
17903887245863979,45-54,U,1,0.09,modeled_estimate
17903887245863979,55-64,F,14,1.22,modeled_estimate
17903887245863979,55-64,M,17,1.49,modeled_estimate
17903887245863979,55-64,U,0,0.0,modeled_estimate
17903887245863979,65+,F,3,0.26,modeled_estimate
17903887245863979,65+,M,6,0.52,modeled_estimate
17903887245863979,65+,U,0,0.0,modeled_estimate
17908305184474765,13-17,F,65,1.37,modeled_estimate
17908305184474765,13-17,M,43,0.91,modeled_estimate
17908305184474765,13-17,U,1,0.02,modeled_estimate
17908305184474765,18-24,F,1174,24.79,modeled_estimate
17908305184474765,18-24,M,741,15.65,modeled_estimate
17908305184474765,18-24,U,19,0.4,modeled_estimate
17908305184474765,25-34,F,946,19.97,modeled_estimate
17908305184474765,25-34,M,641,13.53,modeled_estimate
17908305184474765,25-34,U,15,0.32,modeled_estimate
17908305184474765,35-44,F,368,7.77,modeled_estimate
17908305184474765,35-44,M,248,5.24,modeled_estimate
17908305184474765,35-44,U,7,0.15,modeled_estimate
17908305184474765,45-54,F,109,2.3,modeled_estimate
17908305184474765,45-54,M,100,2.11,modeled_estimate
17908305184474765,45-54,U,2,0.04,modeled_estimate
17908305184474765,55-64,F,41,0.87,modeled_estimate
17908305184474765,55-64,M,43,0.91,modeled_estimate
17908305184474765,55-64,U,1,0.02,modeled_estimate
17908305184474765,65+,F,10,0.21,modeled_estimate
17908305184474765,65+,M,14,0.3,modeled_estimate
17908305184474765,65+,U,0,0.0,modeled_estimate
17909171324675683,13-17,F,14,0.71,modeled_estimate
17909171324675683,13-17,M,7,0.36,modeled_estimate
17909171324675683,13-17,U,0,0.0,modeled_estimate
17909171324675683,18-24,F,387,19.63,modeled_estimate
17909171324675683,18-24,M,156,7.91,modeled_estimate
17909171324675683,18-24,U,5,0.25,modeled_estimate
17909171324675683,25-34,F,569,28.87,modeled_estimate
17909171324675683,25-34,M,240,12.18,modeled_estimate
17909171324675683,25-34,U,7,0.36,modeled_estimate
17909171324675683,35-44,F,205,10.4,modeled_estimate
17909171324675683,35-44,M,112,5.68,modeled_estimate
17909171324675683,35-44,U,3,0.15,modeled_estimate
17909171324675683,45-54,F,64,3.25,modeled_estimate
17909171324675683,45-54,M,47,2.38,modeled_estimate
17909171324675683,45-54,U,1,0.05,modeled_estimate
17909171324675683,55-64,F,19,0.96,modeled_estimate
17909171324675683,55-64,M,18,0.91,modeled_estimate
17909171324675683,55-64,U,0,0.0,modeled_estimate
17909171324675683,65+,F,6,0.3,modeled_estimate
17909171324675683,65+,M,7,0.36,modeled_estimate
17909171324675683,65+,U,0,0.0,modeled_estimate
17904060326335275,13-17,F,22,0.63,modeled_estimate
17904060326335275,13-17,M,19,0.55,modeled_estimate
17904060326335275,13-17,U,0,0.0,modeled_estimate
17904060326335275,18-24,F,539,15.56,modeled_estimate
17904060326335275,18-24,M,323,9.32,modeled_estimate
17904060326335275,18-24,U,9,0.26,modeled_estimate
17904060326335275,25-34,F,832,24.01,modeled_estimate
17904060326335275,25-34,M,482,13.91,modeled_estimate
17904060326335275,25-34,U,14,0.4,modeled_estimate
17904060326335275,35-44,F,374,10.79,modeled_estimate
17904060326335275,35-44,M,251,7.24,modeled_estimate
17904060326335275,35-44,U,6,0.17,modeled_estimate
17904060326335275,45-54,F,139,4.01,modeled_estimate
17904060326335275,45-54,M,115,3.32,modeled_estimate
17904060326335275,45-54,U,3,0.09,modeled_estimate
17904060326335275,55-64,F,42,1.21,modeled_estimate
17904060326335275,55-64,M,45,1.3,modeled_estimate
17904060326335275,55-64,U,1,0.03,modeled_estimate
17904060326335275,65+,F,12,0.35,modeled_estimate
17904060326335275,65+,M,19,0.55,modeled_estimate
17904060326335275,65+,U,0,0.0,modeled_estimate
17902418134265098,13-17,F,2039,2.67,modeled_estimate
17902418134265098,13-17,M,1619,2.12,modeled_estimate
17902418134265098,13-17,U,35,0.05,modeled_estimate
17902418134265098,18-24,F,23387,30.6,modeled_estimate
17902418134265098,18-24,M,12165,15.92,modeled_estimate
17902418134265098,18-24,U,359,0.47,modeled_estimate
17902418134265098,25-34,F,13846,18.12,modeled_estimate
17902418134265098,25-34,M,7678,10.05,modeled_estimate
17902418134265098,25-34,U,190,0.25,modeled_estimate
17902418134265098,35-44,F,4048,5.3,modeled_estimate
17902418134265098,35-44,M,3605,4.72,modeled_estimate
17902418134265098,35-44,U,82,0.11,modeled_estimate
17902418134265098,45-54,F,1498,1.96,modeled_estimate
17902418134265098,45-54,M,1343,1.76,modeled_estimate
17902418134265098,45-54,U,28,0.04,modeled_estimate
17902418134265098,55-64,F,452,0.59,modeled_estimate
17902418134265098,55-64,M,546,0.71,modeled_estimate
17902418134265098,55-64,U,9,0.01,modeled_estimate
17902418134265098,65+,F,139,0.18,modeled_estimate
17902418134265098,65+,M,203,0.27,modeled_estimate
17902418134265098,65+,U,3,0.0,modeled_estimate
17904387674666942,13-17,F,2,0.13,modeled_estimate
17904387674666942,13-17,M,3,0.2,modeled_estimate
17904387674666942,13-17,U,0,0.0,modeled_estimate
17904387674666942,18-24,F,117,7.79,modeled_estimate
17904387674666942,18-24,M,114,7.59,modeled_estimate
17904387674666942,18-24,U,3,0.2,modeled_estimate
17904387674666942,25-34,F,272,18.11,modeled_estimate
17904387674666942,25-34,M,297,19.77,modeled_estimate
17904387674666942,25-34,U,6,0.4,modeled_estimate
17904387674666942,35-44,F,165,10.99,modeled_estimate
17904387674666942,35-44,M,222,14.78,modeled_estimate
17904387674666942,35-44,U,4,0.27,modeled_estimate
17904387674666942,45-54,F,50,3.33,modeled_estimate
17904387674666942,45-54,M,101,6.72,modeled_estimate
17904387674666942,45-54,U,2,0.13,modeled_estimate
17904387674666942,55-64,F,16,1.07,modeled_estimate
17904387674666942,55-64,M,35,2.33,modeled_estimate
17904387674666942,55-64,U,0,0.0,modeled_estimate
17904387674666942,65+,F,4,0.27,modeled_estimate
17904387674666942,65+,M,11,0.73,modeled_estimate
17904387674666942,65+,U,0,0.0,modeled_estimate
17907442398233179,13-17,F,21,0.71,modeled_estimate
17907442398233179,13-17,M,17,0.58,modeled_estimate
17907442398233179,13-17,U,1,0.03,modeled_estimate
17907442398233179,18-24,F,500,17.0,modeled_estimate
17907442398233179,18-24,M,269,9.15,modeled_estimate
17907442398233179,18-24,U,8,0.27,modeled_estimate
17907442398233179,25-34,F,600,20.4,modeled_estimate
17907442398233179,25-34,M,379,12.89,modeled_estimate
17907442398233179,25-34,U,10,0.34,modeled_estimate
17907442398233179,35-44,F,320,10.88,modeled_estimate
17907442398233179,35-44,M,232,7.89,modeled_estimate
17907442398233179,35-44,U,5,0.17,modeled_estimate
17907442398233179,45-54,F,148,5.03,modeled_estimate
17907442398233179,45-54,M,129,4.39,modeled_estimate
17907442398233179,45-54,U,3,0.1,modeled_estimate
17907442398233179,55-64,F,53,1.8,modeled_estimate
17907442398233179,55-64,M,60,2.04,modeled_estimate
17907442398233179,55-64,U,1,0.03,modeled_estimate
17907442398233179,65+,F,14,0.48,modeled_estimate
17907442398233179,65+,M,20,0.68,modeled_estimate
17907442398233179,65+,U,0,0.0,modeled_estimate
17902701623909724,13-17,F,16,0.6,modeled_estimate
17902701623909724,13-17,M,14,0.53,modeled_estimate
17902701623909724,13-17,U,0,0.0,modeled_estimate
17902701623909724,18-24,F,469,17.63,modeled_estimate
17902701623909724,18-24,M,248,9.32,modeled_estimate
17902701623909724,18-24,U,7,0.26,modeled_estimate
17902701623909724,25-34,F,602,22.63,modeled_estimate
17902701623909724,25-34,M,351,13.2,modeled_estimate
17902701623909724,25-34,U,11,0.41,modeled_estimate
17902701623909724,35-44,F,298,11.2,modeled_estimate
17902701623909724,35-44,M,204,7.67,modeled_estimate
17902701623909724,35-44,U,5,0.19,modeled_estimate
17902701623909724,45-54,F,111,4.17,modeled_estimate
17902701623909724,45-54,M,108,4.06,modeled_estimate
17902701623909724,45-54,U,2,0.08,modeled_estimate
17902701623909724,55-64,F,37,1.39,modeled_estimate
17902701623909724,55-64,M,45,1.69,modeled_estimate
17902701623909724,55-64,U,1,0.04,modeled_estimate
17902701623909724,65+,F,10,0.38,modeled_estimate
17902701623909724,65+,M,15,0.56,modeled_estimate
17902701623909724,65+,U,0,0.0,modeled_estimate
17903562482994432,13-17,F,39,0.76,modeled_estimate
17903562482994432,13-17,M,26,0.5,modeled_estimate
17903562482994432,13-17,U,1,0.02,modeled_estimate
17903562482994432,18-24,F,979,18.99,modeled_estimate
17903562482994432,18-24,M,412,7.99,modeled_estimate
17903562482994432,18-24,U,15,0.29,modeled_estimate
17903562482994432,25-34,F,1499,29.08,modeled_estimate
17903562482994432,25-34,M,657,12.74,modeled_estimate
17903562482994432,25-34,U,17,0.33,modeled_estimate
17903562482994432,35-44,F,539,10.46,modeled_estimate
17903562482994432,35-44,M,283,5.49,modeled_estimate
17903562482994432,35-44,U,9,0.17,modeled_estimate
17903562482994432,45-54,F,171,3.32,modeled_estimate
17903562482994432,45-54,M,122,2.37,modeled_estimate
17903562482994432,45-54,U,3,0.06,modeled_estimate
17903562482994432,55-64,F,55,1.07,modeled_estimate
17903562482994432,55-64,M,44,0.85,modeled_estimate
17903562482994432,55-64,U,1,0.02,modeled_estimate
17903562482994432,65+,F,15,0.29,modeled_estimate
17903562482994432,65+,M,17,0.33,modeled_estimate
17903562482994432,65+,U,0,0.0,modeled_estimate
17902209188844506,13-17,F,117,0.96,modeled_estimate
17902209188844506,13-17,M,92,0.75,modeled_estimate
17902209188844506,13-17,U,3,0.02,modeled_estimate
17902209188844506,18-24,F,2508,20.56,modeled_estimate
17902209188844506,18-24,M,1297,10.63,modeled_estimate
17902209188844506,18-24,U,37,0.3,modeled_estimate
17902209188844506,25-34,F,2790,22.87,modeled_estimate
17902209188844506,25-34,M,1765,14.47,modeled_estimate
17902209188844506,25-34,U,37,0.3,modeled_estimate
17902209188844506,35-44,F,981,8.04,modeled_estimate
17902209188844506,35-44,M,780,6.39,modeled_estimate
17902209188844506,35-44,U,18,0.15,modeled_estimate
17902209188844506,45-54,F,387,3.17,modeled_estimate
17902209188844506,45-54,M,336,2.75,modeled_estimate
17902209188844506,45-54,U,7,0.06,modeled_estimate
17902209188844506,55-64,F,137,1.12,modeled_estimate
17902209188844506,55-64,M,158,1.3,modeled_estimate
17902209188844506,55-64,U,3,0.02,modeled_estimate
17902209188844506,65+,F,38,0.31,modeled_estimate
17902209188844506,65+,M,56,0.46,modeled_estimate
17902209188844506,65+,U,1,0.01,modeled_estimate
17903086350274091,13-17,F,19,0.78,modeled_estimate
17903086350274091,13-17,M,15,0.62,modeled_estimate
17903086350274091,13-17,U,0,0.0,modeled_estimate
17903086350274091,18-24,F,447,18.36,modeled_estimate
17903086350274091,18-24,M,186,7.64,modeled_estimate
17903086350274091,18-24,U,6,0.25,modeled_estimate
17903086350274091,25-34,F,554,22.76,modeled_estimate
17903086350274091,25-34,M,323,13.27,modeled_estimate
17903086350274091,25-34,U,9,0.37,modeled_estimate
17903086350274091,35-44,F,263,10.81,modeled_estimate
17903086350274091,35-44,M,168,6.9,modeled_estimate
17903086350274091,35-44,U,4,0.16,modeled_estimate
17903086350274091,45-54,F,108,4.44,modeled_estimate
17903086350274091,45-54,M,92,3.78,modeled_estimate
17903086350274091,45-54,U,2,0.08,modeled_estimate
17903086350274091,55-64,F,39,1.6,modeled_estimate
17903086350274091,55-64,M,42,1.73,modeled_estimate
17903086350274091,55-64,U,1,0.04,modeled_estimate
17903086350274091,65+,F,11,0.45,modeled_estimate
17903086350274091,65+,M,15,0.62,modeled_estimate
17903086350274091,65+,U,0,0.0,modeled_estimate
17901372461039642,13-17,F,88,0.82,modeled_estimate
17901372461039642,13-17,M,82,0.76,modeled_estimate
17901372461039642,13-17,U,2,0.02,modeled_estimate
17901372461039642,18-24,F,1827,17.0,modeled_estimate
17901372461039642,18-24,M,1160,10.79,modeled_estimate
17901372461039642,18-24,U,31,0.29,modeled_estimate
17901372461039642,25-34,F,2422,22.54,modeled_estimate
17901372461039642,25-34,M,1368,12.73,modeled_estimate
17901372461039642,25-34,U,37,0.34,modeled_estimate
17901372461039642,35-44,F,966,8.99,modeled_estimate
17901372461039642,35-44,M,814,7.57,modeled_estimate
17901372461039642,35-44,U,18,0.17,modeled_estimate
17901372461039642,45-54,F,424,3.95,modeled_estimate
17901372461039642,45-54,M,377,3.51,modeled_estimate
17901372461039642,45-54,U,8,0.07,modeled_estimate
17901372461039642,55-64,F,139,1.29,modeled_estimate
17901372461039642,55-64,M,159,1.48,modeled_estimate
17901372461039642,55-64,U,3,0.03,modeled_estimate
17901372461039642,65+,F,41,0.38,modeled_estimate
17901372461039642,65+,M,59,0.55,modeled_estimate
17901372461039642,65+,U,1,0.01,modeled_estimate
17908775681335588,13-17,F,88,1.0,modeled_estimate
17908775681335588,13-17,M,58,0.66,modeled_estimate
17908775681335588,13-17,U,1,0.01,modeled_estimate
17908775681335588,18-24,F,1736,19.82,modeled_estimate
17908775681335588,18-24,M,777,8.87,modeled_estimate
17908775681335588,18-24,U,27,0.31,modeled_estimate
17908775681335588,25-34,F,2418,27.61,modeled_estimate
17908775681335588,25-34,M,1049,11.98,modeled_estimate
17908775681335588,25-34,U,34,0.39,modeled_estimate
17908775681335588,35-44,F,780,8.91,modeled_estimate
17908775681335588,35-44,M,473,5.4,modeled_estimate
17908775681335588,35-44,U,14,0.16,modeled_estimate
17908775681335588,45-54,F,303,3.46,modeled_estimate
17908775681335588,45-54,M,211,2.41,modeled_estimate
17908775681335588,45-54,U,5,0.06,modeled_estimate
17908775681335588,55-64,F,94,1.07,modeled_estimate
17908775681335588,55-64,M,78,0.89,modeled_estimate
17908775681335588,55-64,U,2,0.02,modeled_estimate
17908775681335588,65+,F,27,0.31,modeled_estimate
17908775681335588,65+,M,32,0.37,modeled_estimate
17908775681335588,65+,U,1,0.01,modeled_estimate
17901551251058872,13-17,F,109,0.98,modeled_estimate
17901551251058872,13-17,M,82,0.74,modeled_estimate
17901551251058872,13-17,U,2,0.02,modeled_estimate
17901551251058872,18-24,F,1948,17.54,modeled_estimate
17901551251058872,18-24,M,996,8.97,modeled_estimate
17901551251058872,18-24,U,28,0.25,modeled_estimate
17901551251058872,25-34,F,2514,22.64,modeled_estimate
17901551251058872,25-34,M,1376,12.39,modeled_estimate
17901551251058872,25-34,U,37,0.33,modeled_estimate
17901551251058872,35-44,F,1109,9.99,modeled_estimate
17901551251058872,35-44,M,775,6.98,modeled_estimate
17901551251058872,35-44,U,19,0.17,modeled_estimate
17901551251058872,45-54,F,488,4.4,modeled_estimate
17901551251058872,45-54,M,437,3.94,modeled_estimate
17901551251058872,45-54,U,9,0.08,modeled_estimate
17901551251058872,55-64,F,209,1.88,modeled_estimate
17901551251058872,55-64,M,218,1.96,modeled_estimate
17901551251058872,55-64,U,4,0.04,modeled_estimate
17901551251058872,65+,F,52,0.47,modeled_estimate
17901551251058872,65+,M,62,0.56,modeled_estimate
17901551251058872,65+,U,1,0.01,modeled_estimate
