audience_type,timeframe,age,gender,value,share_pct_of_audience,data_source
followers,this_month,13-17,F,113,0.53,api_shaped_synthetic
followers,this_month,13-17,M,92,0.43,api_shaped_synthetic
followers,this_month,13-17,U,2,0.01,api_shaped_synthetic
followers,this_month,18-24,F,3935,18.44,api_shaped_synthetic
followers,this_month,18-24,M,2213,10.37,api_shaped_synthetic
followers,this_month,18-24,U,62,0.29,api_shaped_synthetic
followers,this_month,25-34,F,4828,22.62,api_shaped_synthetic
followers,this_month,25-34,M,2959,13.87,api_shaped_synthetic
followers,this_month,25-34,U,79,0.37,api_shaped_synthetic
followers,this_month,35-44,F,2258,10.58,api_shaped_synthetic
followers,this_month,35-44,M,1636,7.67,api_shaped_synthetic
followers,this_month,35-44,U,39,0.18,api_shaped_synthetic
followers,this_month,45-54,F,853,4.0,api_shaped_synthetic
followers,this_month,45-54,M,786,3.68,api_shaped_synthetic
followers,this_month,45-54,U,17,0.08,api_shaped_synthetic
followers,this_month,55-64,F,289,1.35,api_shaped_synthetic
followers,this_month,55-64,M,326,1.53,api_shaped_synthetic
followers,this_month,55-64,U,6,0.03,api_shaped_synthetic
followers,this_month,65+,F,82,0.38,api_shaped_synthetic
followers,this_month,65+,M,123,0.58,api_shaped_synthetic
followers,this_month,65+,U,2,0.01,api_shaped_synthetic
engaged,this_month,13-17,F,64,0.58,api_shaped_synthetic
engaged,this_month,13-17,M,46,0.42,api_shaped_synthetic
engaged,this_month,13-17,U,1,0.01,api_shaped_synthetic
engaged,this_month,18-24,F,1810,16.45,api_shaped_synthetic
engaged,this_month,18-24,M,892,8.11,api_shaped_synthetic
engaged,this_month,18-24,U,27,0.25,api_shaped_synthetic
engaged,this_month,25-34,F,2903,26.39,api_shaped_synthetic
engaged,this_month,25-34,M,1564,14.22,api_shaped_synthetic
engaged,this_month,25-34,U,45,0.41,api_shaped_synthetic
engaged,this_month,35-44,F,1339,12.17,api_shaped_synthetic
engaged,this_month,35-44,M,857,7.79,api_shaped_synthetic
engaged,this_month,35-44,U,22,0.2,api_shaped_synthetic
engaged,this_month,45-54,F,477,4.34,api_shaped_synthetic
engaged,this_month,45-54,M,390,3.54,api_shaped_synthetic
engaged,this_month,45-54,U,9,0.08,api_shaped_synthetic
engaged,this_month,55-64,F,164,1.49,api_shaped_synthetic
engaged,this_month,55-64,M,165,1.5,api_shaped_synthetic
engaged,this_month,55-64,U,3,0.03,api_shaped_synthetic
engaged,this_month,65+,F,46,0.42,api_shaped_synthetic
engaged,this_month,65+,M,61,0.55,api_shaped_synthetic
engaged,this_month,65+,U,1,0.01,api_shaped_synthetic
engaged,this_week,13-17,F,16,0.54,api_shaped_synthetic
engaged,this_week,13-17,M,12,0.4,api_shaped_synthetic
engaged,this_week,13-17,U,0,0.0,api_shaped_synthetic
engaged,this_week,18-24,F,524,17.64,api_shaped_synthetic
engaged,this_week,18-24,M,258,8.69,api_shaped_synthetic
engaged,this_week,18-24,U,8,0.27,api_shaped_synthetic
engaged,this_week,25-34,F,717,24.14,api_shaped_synthetic
engaged,this_week,25-34,M,386,13.0,api_shaped_synthetic
engaged,this_week,25-34,U,11,0.37,api_shaped_synthetic
engaged,this_week,35-44,F,333,11.21,api_shaped_synthetic
engaged,this_week,35-44,M,212,7.14,api_shaped_synthetic
engaged,this_week,35-44,U,6,0.2,api_shaped_synthetic
engaged,this_week,45-54,F,117,3.94,api_shaped_synthetic
engaged,this_week,45-54,M,96,3.23,api_shaped_synthetic
engaged,this_week,45-54,U,2,0.07,api_shaped_synthetic
engaged,this_week,55-64,F,47,1.58,api_shaped_synthetic
engaged,this_week,55-64,M,46,1.55,api_shaped_synthetic
engaged,this_week,55-64,U,1,0.03,api_shaped_synthetic
engaged,this_week,65+,F,12,0.4,api_shaped_synthetic
engaged,this_week,65+,M,16,0.54,api_shaped_synthetic
engaged,this_week,65+,U,0,0.0,api_shaped_synthetic
reached,this_month,13-17,F,1968,1.52,api_shaped_synthetic
reached,this_month,13-17,M,1744,1.35,api_shaped_synthetic
reached,this_month,13-17,U,38,0.03,api_shaped_synthetic
reached,this_month,18-24,F,27163,20.98,api_shaped_synthetic
reached,this_month,18-24,M,16648,12.86,api_shaped_synthetic
reached,this_month,18-24,U,443,0.34,api_shaped_synthetic
reached,this_month,25-34,F,26698,20.63,api_shaped_synthetic
reached,this_month,25-34,M,17799,13.75,api_shaped_synthetic
reached,this_month,25-34,U,449,0.35,api_shaped_synthetic
reached,this_month,35-44,F,10533,8.14,api_shaped_synthetic
reached,this_month,35-44,M,8276,6.39,api_shaped_synthetic
reached,this_month,35-44,U,190,0.15,api_shaped_synthetic
reached,this_month,45-54,F,4256,3.29,api_shaped_synthetic
reached,this_month,45-54,M,4255,3.29,api_shaped_synthetic
reached,this_month,45-54,U,86,0.07,api_shaped_synthetic
reached,this_month,55-64,F,1668,1.29,api_shaped_synthetic
reached,this_month,55-64,M,2039,1.58,api_shaped_synthetic
reached,this_month,55-64,U,37,0.03,api_shaped_synthetic
reached,this_month,65+,F,470,0.36,api_shaped_synthetic
reached,this_month,65+,M,768,0.59,api_shaped_synthetic
reached,this_month,65+,U,12,0.01,api_shaped_synthetic
reached,this_week,13-17,F,684,1.55,api_shaped_synthetic
reached,this_week,13-17,M,607,1.38,api_shaped_synthetic
reached,this_week,13-17,U,13,0.03,api_shaped_synthetic
reached,this_week,18-24,F,8477,19.26,api_shaped_synthetic
reached,this_week,18-24,M,5196,11.81,api_shaped_synthetic
reached,this_week,18-24,U,138,0.31,api_shaped_synthetic
reached,this_week,25-34,F,8804,20.0,api_shaped_synthetic
reached,this_week,25-34,M,5870,13.34,api_shaped_synthetic
reached,this_week,25-34,U,148,0.34,api_shaped_synthetic
reached,this_week,35-44,F,3744,8.51,api_shaped_synthetic
reached,this_week,35-44,M,2942,6.68,api_shaped_synthetic
reached,this_week,35-44,U,68,0.15,api_shaped_synthetic
reached,this_week,45-54,F,1530,3.48,api_shaped_synthetic
reached,this_week,45-54,M,1530,3.48,api_shaped_synthetic
reached,this_week,45-54,U,31,0.07,api_shaped_synthetic
reached,this_week,55-64,F,521,1.18,api_shaped_synthetic
reached,this_week,55-64,M,636,1.45,api_shaped_synthetic
reached,this_week,55-64,U,12,0.03,api_shaped_synthetic
reached,this_week,65+,F,145,0.33,api_shaped_synthetic
reached,this_week,65+,M,236,0.54,api_shaped_synthetic
reached,this_week,65+,U,4,0.01,api_shaped_synthetic
