order_id,order_datetime_wib,order_date,order_timing,channel_group,platform,sku,product_name,colour_variant,order_type,quantity,unit_price_idr,gross_amount_idr,discount_idr,promo_code,shipping_fee_paid_idr,order_total_idr,original_currency,original_order_total,usd_idr_rate,payment_method,payment_status,courier,customer_id,customer_type,customer_city,customer_province_state,customer_country,status,packed_at_wib,shipped_at_wib,tracking_number,status_updated_at_wib,expected_delivery_date,expected_delivery_weekday,business_days_to_delivery,days_until_delivery,data_as_of_wib
IG-20261007-0001,07/10/26 8:50,07/10/26,yesterday,Instagram,Instagram (DM/WhatsApp),LT-GRN,"Loop Tote, Sea-green",Sea-green,standard,1,189000,189000,0,,32000,221000,IDR,221000,,Bank transfer (manual),paid,JNE,C003001,new,Surabaya,East Java,ID,In-Transit,07/10/26 13:16,08/10/26 9:28,6973500568196814,08/10/26 9:28,15/10/26,Thursday,6,7,08/10/26 12:00
#LT10899,07/10/26 9:09,07/10/26,yesterday,Website (Shopify),Website (Shopify),LT-SND,"Loop Tote, Sand",Sand,standard,1,189000,189000,0,,0,189000,IDR,189000,,Credit card,paid,JNE,C003004,new,Bandung,West Java,ID,In-Transit,07/10/26 11:43,08/10/26 8:24,3172028899677855,08/10/26 8:24,15/10/26,Thursday,6,7,08/10/26 12:00
IG-20261007-0005,07/10/26 9:13,07/10/26,yesterday,Instagram,Instagram (DM/WhatsApp),LT-SND,"Loop Tote, Sand",Sand,standard,2,189000,378000,19000,IGDM5,32000,391000,IDR,391000,,Bank transfer (manual),paid,JNE,C003037,new,Jakarta,DKI Jakarta,ID,In-Transit,07/10/26 12:16,07/10/26 20:17,7810546990621933,07/10/26 20:17,15/10/26,Thursday,6,7,08/10/26 12:00
599250164346283958,07/10/26 9:15,07/10/26,yesterday,Indonesian marketplace,TikTok Shop,LT-SND,"Loop Tote, Sand",Sand,standard,1,179000,179000,0,,35000,214000,IDR,214000,,Bank transfer (VA),paid,AnterAja,C003006,new,Jakarta,DKI Jakarta,ID,In-Transit,07/10/26 12:53,08/10/26 7:32,1.05062E+12,08/10/26 7:32,15/10/26,Thursday,6,7,08/10/26 12:00
#LT10911,07/10/26 9:27,07/10/26,yesterday,Website (Shopify),Website (Shopify),LT-SND,"Loop Tote, Sand",Sand,standard,2,189000,378000,0,,0,378000,IDR,378000,,Credit card,paid,J&T Express,C003032,new,Depok,West Java,ID,In-Transit,07/10/26 12:21,07/10/26 19:34,JP3147858005,07/10/26 19:34,15/10/26,Thursday,6,7,08/10/26 12:00
26100796670537N,07/10/26 10:52,07/10/26,yesterday,Indonesian marketplace,Shopee,LT-GRN,"Loop Tote, Sea-green",Sea-green,standard,1,189000,189000,0,,0,189000,IDR,189000,,ShopeePay,paid,Shopee Xpress / platform courier,C001891,returning,Surabaya,East Java,ID,In-Transit,07/10/26 15:29,08/10/26 7:35,SPXID37946283806,08/10/26 7:35,15/10/26,Thursday,6,7,08/10/26 12:00
#LT10900,07/10/26 12:40,07/10/26,yesterday,Website (Shopify),Website (Shopify),LT-SND,"Loop Tote, Sand",Sand,standard,1,189000,189000,9500,NEWSLETTER5,32000,211500,IDR,211500,,QRIS,paid,J&T Express,C003009,new,Garut,West Java,ID,Packed,07/10/26 18:16,,,07/10/26 18:16,15/10/26,Thursday,6,7,08/10/26 12:00
IG-20261007-0002,07/10/26 13:17,07/10/26,yesterday,Instagram,Instagram (DM/WhatsApp),LT-GFT,Loop Tote Gift Set,Sand,gift_set,1,299000,299000,0,,15000,314000,IDR,314000,,Credit card,paid,JNE,C003003,new,Jakarta,DKI Jakarta,ID,In-Transit,07/10/26 17:25,07/10/26 19:15,2034180312406248,07/10/26 19:15,15/10/26,Thursday,6,7,08/10/26 12:00
5.99634E+14,07/10/26 13:17,07/10/26,yesterday,Indonesian marketplace,Lazada,LT-GRN,"Loop Tote, Sea-green",Sea-green,standard,1,189000,189000,0,,30000,219000,IDR,219000,,Bank transfer (VA),paid,J&T Express,C003030,new,Bandung,West Java,ID,In-Transit,07/10/26 16:19,07/10/26 19:23,JP7848554663,07/10/26 19:23,15/10/26,Thursday,6,7,08/10/26 12:00
26100794475961L,07/10/26 15:11,07/10/26,yesterday,Indonesian marketplace,Shopee,LT-GRN,"Loop Tote, Sea-green",Sea-green,standard,1,189000,189000,0,,30000,219000,IDR,219000,,PayLater,paid,JNE,C003040,new,South Tangerang,Banten,ID,Packed,07/10/26 20:47,,,07/10/26 20:47,15/10/26,Thursday,6,7,08/10/26 12:00
IG-20261007-0004,07/10/26 15:18,07/10/26,yesterday,Instagram,Instagram (DM/WhatsApp),LT-IND,"Loop Tote, Indigo",Indigo,standard,1,189000,189000,0,,18000,207000,IDR,207000,,QRIS,paid,SiCepat,C003035,new,Solo,Central Java,ID,In-Transit,07/10/26 17:54,08/10/26 7:40,009180299266,08/10/26 7:40,15/10/26,Thursday,6,7,08/10/26 12:00
INV/20261007/MPL/562467196,07/10/26 16:24,07/10/26,yesterday,Indonesian marketplace,Tokopedia,LT-IND,"Loop Tote, Indigo",Indigo,standard,1,189000,189000,15000,Platform voucher,12000,186000,IDR,186000,,Alfamart/Indomaret,paid,Shopee Xpress / platform courier,C003005,new,Bandung,West Java,ID,Packed,07/10/26 20:06,,,07/10/26 20:06,15/10/26,Thursday,6,7,08/10/26 12:00
#LT10904,07/10/26 17:45,07/10/26,yesterday,Website (Shopify),Website (Shopify),LT-IND,"Loop Tote, Indigo",Indigo,standard,1,189000,189000,0,,25000,214000,IDR,214000,,Bank transfer (VA),paid,JNE,C003016,new,Bandung,West Java,ID,Packed,07/10/26 22:20,,,07/10/26 22:20,15/10/26,Thursday,6,7,08/10/26 12:00
#LT10907,07/10/26 18:31,07/10/26,yesterday,Website (Shopify),Website (Shopify),LT-SND,"Loop Tote, Sand",Sand,standard,2,189000,378000,0,,0,378000,IDR,378000,,QRIS,paid,JNE,C003023,new,Malang,East Java,ID,Packed,08/10/26 1:24,,,08/10/26 1:24,15/10/26,Thursday,6,7,08/10/26 12:00
IG-20261007-0003,07/10/26 18:57,07/10/26,yesterday,Instagram,Instagram (DM/WhatsApp),LT-IND,"Loop Tote, Indigo",Indigo,standard,1,189000,189000,0,,15000,204000,IDR,204000,,Bank transfer (manual),paid,SiCepat,C003008,new,Jakarta,DKI Jakarta,ID,Packed,07/10/26 22:20,,,07/10/26 22:20,15/10/26,Thursday,6,7,08/10/26 12:00
#LT10901,07/10/26 20:48,07/10/26,yesterday,Website (Shopify),Website (Shopify),LT-GRN,"Loop Tote, Sea-green",Sea-green,standard,1,189000,189000,0,,25000,214000,IDR,214000,,GoPay,paid,SiCepat,C003013,new,Jakarta,DKI Jakarta,ID,Ordered,,,,07/10/26 20:48,15/10/26,Thursday,6,7,08/10/26 12:00
#LT10903,07/10/26 20:51,07/10/26,yesterday,Website (Shopify),Website (Shopify),LT-GRN,"Loop Tote, Sea-green",Sea-green,standard,1,189000,189000,0,,32000,221000,IDR,221000,,GoPay,paid,JNE,C003015,new,Bandung,West Java,ID,Ordered,,,,07/10/26 20:51,15/10/26,Thursday,6,7,08/10/26 12:00
INV/20261007/MPL/466320329,07/10/26 20:54,07/10/26,yesterday,Indonesian marketplace,Tokopedia,LT-GRN,"Loop Tote, Sea-green",Sea-green,standard,1,189000,189000,9500,Platform voucher,20000,199500,IDR,199500,,PayLater,paid,AnterAja,C003020,new,Pekanbaru,Riau,ID,Ordered,,,,07/10/26 20:54,15/10/26,Thursday,6,7,08/10/26 12:00
#LT10908,08/10/26 0:33,08/10/26,today,Website (Shopify),Website (Shopify),LT-IND,"Loop Tote, Indigo",Indigo,standard,1,189000,189000,0,,18000,207000,IDR,207000,,QRIS,paid,JNE,C003024,new,Tasikmalaya,West Java,ID,Packed,08/10/26 7:06,,,08/10/26 7:06,16/10/26,Friday,6,8,08/10/26 12:00
#LT10906,08/10/26 0:50,08/10/26,today,Website (Shopify),Website (Shopify),LT-GFT,Loop Tote Gift Set,Sand,gift_set,1,299000,299000,0,,40000,339000,IDR,339000,,Bank transfer (VA),paid,JNE,C003018,new,Cirebon,West Java,ID,Ordered,,,,08/10/26 0:50,16/10/26,Friday,6,8,08/10/26 12:00
#LT10914,08/10/26 1:22,08/10/26,today,Website (Shopify),Website (Shopify),LT-GRN,"Loop Tote, Sea-green",Sea-green,standard,1,189000,189000,0,,32000,221000,IDR,221000,,Bank transfer (VA),paid,JNE,C003045,new,Denpasar,Bali,ID,Ordered,,,,08/10/26 1:22,16/10/26,Friday,6,8,08/10/26 12:00
BLI-20261008-748830,08/10/26 1:25,08/10/26,today,Indonesian marketplace,Blibli,LT-GRN,"Loop Tote, Sea-green",Sea-green,standard,2,189000,378000,0,,0,378000,IDR,378000,,QRIS,paid,J&T Express,C003027,new,Semarang,Central Java,ID,Ordered,,,,08/10/26 1:25,16/10/26,Friday,6,8,08/10/26 12:00
#LT10905,08/10/26 1:28,08/10/26,today,Website (Shopify),Website (Shopify),LT-IND,"Loop Tote, Indigo",Indigo,standard,1,189000,189000,0,,40000,229000,IDR,229000,,Credit card,paid,SiCepat,C003017,new,Karawang,West Java,ID,Ordered,,,,08/10/26 1:28,16/10/26,Friday,6,8,08/10/26 12:00
IG-20261008-0004,08/10/26 1:30,08/10/26,today,Instagram,Instagram (DM/WhatsApp),LT-GFT,Loop Tote Gift Set,Sea-green,gift_set,1,299000,299000,15000,IGDM5,40000,324000,IDR,324000,,QRIS,paid,J&T Express,C003042,new,Jakarta,DKI Jakarta,ID,Ordered,,,,08/10/26 1:30,16/10/26,Friday,6,8,08/10/26 12:00
26100808704253E,08/10/26 1:34,08/10/26,today,Indonesian marketplace,Shopee,LT-GRN,"Loop Tote, Sea-green",Sea-green,standard,1,189000,189000,15000,Platform voucher,25000,199000,IDR,199000,,ShopeePay,paid,J&T Express,C003028,new,Jakarta,DKI Jakarta,ID,Ordered,,,,08/10/26 1:34,16/10/26,Friday,6,8,08/10/26 12:00
113-9067189-0810638,08/10/26 1:42,08/10/26,today,Amazon,Amazon,LT-IND,"Loop Tote, Indigo",Indigo,standard,1,260637,260637,0,,113937,374574,USD,22.98,16300,Credit card,paid,DHL eCommerce,C003012,new,Singapore,Singapore,SG,Packed,08/10/26 7:06,,,08/10/26 7:06,16/10/26,Friday,6,8,08/10/26 12:00
INV/20261008/MPL/380898825,08/10/26 3:08,08/10/26,today,Indonesian marketplace,Tokopedia,LT-IND,"Loop Tote, Indigo",Indigo,standard,1,189000,189000,0,,30000,219000,IDR,219000,,Bank transfer (VA),paid,AnterAja,C003038,new,Depok,West Java,ID,Packed,08/10/26 7:06,,,08/10/26 7:06,16/10/26,Friday,6,8,08/10/26 12:00
IG-20261008-0001,08/10/26 3:24,08/10/26,today,Instagram,Instagram (DM/WhatsApp),LT-SND,"Loop Tote, Sand",Sand,standard,2,189000,378000,0,,32000,410000,IDR,410000,,QRIS,paid,J&T Express,C000959,returning,Cianjur,West Java,ID,Packed,08/10/26 7:06,,,08/10/26 7:06,16/10/26,Friday,6,8,08/10/26 12:00
113-3154252-8563481,08/10/26 4:49,08/10/26,today,Amazon,Amazon,LT-SND,"Loop Tote, Sand",Sand,standard,1,260637,260637,0,,113937,374574,USD,22.98,16300,Credit card,paid,DHL eCommerce,C003010,new,Seattle,Washington,US,Ordered,,,,08/10/26 4:49,16/10/26,Friday,6,8,08/10/26 12:00
26100885694054R,08/10/26 5:07,08/10/26,today,Indonesian marketplace,Shopee,LT-GFT,Loop Tote Gift Set,Indigo,gift_set,2,299000,598000,0,,20000,618000,IDR,618000,,COD,COD (pay on delivery),AnterAja,C003043,new,Bandung,West Java,ID,Ordered,,,,08/10/26 5:07,16/10/26,Friday,6,8,08/10/26 12:00
#LT10912,08/10/26 5:19,08/10/26,today,Website (Shopify),Website (Shopify),LT-SND,"Loop Tote, Sand",Sand,standard,1,189000,189000,0,,15000,204000,IDR,204000,,Bank transfer (VA),paid,JNE,C003034,new,Depok,West Java,ID,Ordered,,,,08/10/26 5:19,16/10/26,Friday,6,8,08/10/26 12:00
#LT10909,08/10/26 5:49,08/10/26,today,Website (Shopify),Website (Shopify),LT-SND,"Loop Tote, Sand",Sand,standard,1,189000,189000,0,,25000,214000,IDR,214000,,Bank transfer (VA),paid,J&T Express,C002350,returning,Karawang,West Java,ID,Ordered,,,,08/10/26 5:49,16/10/26,Friday,6,8,08/10/26 12:00
IG-20261008-0002,08/10/26 6:01,08/10/26,today,Instagram,Instagram (DM/WhatsApp),LT-IND,"Loop Tote, Indigo",Indigo,standard,1,189000,189000,9500,IGDM5,18000,197500,IDR,197500,,GoPay/OVO,paid,SiCepat,C003022,new,Bandung,West Java,ID,Packed,08/10/26 8:17,,,08/10/26 8:17,16/10/26,Friday,6,8,08/10/26 12:00
#LT10913,08/10/26 7:01,08/10/26,today,Website (Shopify),Website (Shopify),LT-GRN,"Loop Tote, Sea-green",Sea-green,standard,1,189000,189000,0,,0,189000,IDR,189000,,Bank transfer (VA),paid,J&T Express,C003044,new,Bogor,West Java,ID,Packed,08/10/26 9:54,,,08/10/26 9:54,16/10/26,Friday,6,8,08/10/26 12:00
26100870706861J,08/10/26 7:10,08/10/26,today,Indonesian marketplace,Shopee,LT-GFT,Loop Tote Gift Set,Indigo,gift_set,1,299000,299000,0,,35000,334000,IDR,334000,,PayLater,paid,J&T Express,C003036,new,Bogor,West Java,ID,Packed,08/10/26 8:50,,,08/10/26 8:50,16/10/26,Friday,6,8,08/10/26 12:00
IG-20261008-0003,08/10/26 7:21,08/10/26,today,Instagram,Instagram (DM/WhatsApp),LT-SND,"Loop Tote, Sand",Sand,standard,1,189000,189000,0,,15000,204000,IDR,204000,,Bank transfer (manual),paid,JNE,C003039,new,Bandung,West Java,ID,Packed,08/10/26 10:24,,,08/10/26 10:24,16/10/26,Friday,6,8,08/10/26 12:00
#LT10902,08/10/26 9:17,08/10/26,today,Website (Shopify),Website (Shopify),LT-GRN,"Loop Tote, Sea-green",Sea-green,standard,2,189000,378000,0,,0,378000,IDR,378000,,QRIS,paid,J&T Express,C003014,new,Bogor,West Java,ID,Ordered,,,,08/10/26 9:17,16/10/26,Friday,6,8,08/10/26 12:00
583926345750310619,08/10/26 10:39,08/10/26,today,Indonesian marketplace,TikTok Shop,LT-GFT,Loop Tote Gift Set,Indigo,gift_set,1,299000,299000,0,,0,299000,IDR,299000,,PayLater,paid,Shopee Xpress / platform courier,C003029,new,Makassar,South Sulawesi,ID,Ordered,,,,08/10/26 10:39,16/10/26,Friday,6,8,08/10/26 12:00
113-6043885-3664180,09/10/26 8:11,09/10/26,tomorrow (future-dated),Amazon,Amazon,LT-IND,"Loop Tote, Indigo",Indigo,standard,1,260637,260637,0,,113937,374574,USD,22.98,16300,Credit card,paid,DHL eCommerce,C000302,returning,Seattle,Washington,US,Ordered,,,,09/10/26 8:11,19/10/26,Monday,6,11,08/10/26 12:00
#LT10915,09/10/26 11:35,09/10/26,tomorrow (future-dated),Website (Shopify),Website (Shopify),LT-GRN,"Loop Tote, Sea-green",Sea-green,standard,1,189000,189000,0,,40000,229000,IDR,229000,,QRIS,paid,J&T Express,C003046,new,Bandung,West Java,ID,Ordered,,,,09/10/26 11:35,19/10/26,Monday,6,11,08/10/26 12:00
26100946139745R,09/10/26 13:26,09/10/26,tomorrow (future-dated),Indonesian marketplace,Shopee,LT-IND,"Loop Tote, Indigo",Indigo,standard,1,189000,189000,0,,25000,214000,IDR,214000,,ShopeePay,paid,AnterAja,C003007,new,Bekasi,West Java,ID,Ordered,,,,09/10/26 13:26,19/10/26,Monday,6,11,08/10/26 12:00
IG-20261009-0001,09/10/26 13:27,09/10/26,tomorrow (future-dated),Instagram,Instagram (DM/WhatsApp),LT-SND,"Loop Tote, Sand",Sand,standard,1,189000,189000,0,,25000,214000,IDR,214000,,QRIS,paid,JNE,C003002,new,Semarang,Central Java,ID,Ordered,,,,09/10/26 13:27,19/10/26,Monday,6,11,08/10/26 12:00
IG-20261009-0002,09/10/26 13:32,09/10/26,tomorrow (future-dated),Instagram,Instagram (DM/WhatsApp),LT-IND,"Loop Tote, Indigo",Indigo,standard,1,189000,189000,0,,32000,221000,IDR,221000,,Bank transfer (manual),awaiting_confirmation,SiCepat,C003021,new,Jakarta,DKI Jakarta,ID,Ordered,,,,09/10/26 13:32,19/10/26,Monday,6,11,08/10/26 12:00
528789610862835200,09/10/26 13:37,09/10/26,tomorrow (future-dated),Indonesian marketplace,TikTok Shop,LT-SND,"Loop Tote, Sand",Sand,standard,1,179000,179000,0,,25000,204000,IDR,204000,,COD,COD (pay on delivery),SiCepat,C003011,new,Semarang,Central Java,ID,Ordered,,,,09/10/26 13:37,19/10/26,Monday,6,11,08/10/26 12:00
26100982234207V,09/10/26 15:37,09/10/26,tomorrow (future-dated),Indonesian marketplace,Shopee,LT-SND,"Loop Tote, Sand",Sand,standard,1,189000,189000,9500,Platform voucher,30000,209500,IDR,209500,,Bank transfer (VA),paid,Shopee Xpress / platform courier,C003026,new,Bekasi,West Java,ID,Ordered,,,,09/10/26 15:37,19/10/26,Monday,6,11,08/10/26 12:00
#LT10910,09/10/26 16:24,09/10/26,tomorrow (future-dated),Website (Shopify),Website (Shopify),LT-GRN,"Loop Tote, Sea-green",Sea-green,standard,1,189000,189000,0,,18000,207000,IDR,207000,,Bank transfer (VA),paid,J&T Express,C003031,new,Jakarta,DKI Jakarta,ID,Ordered,,,,09/10/26 16:24,19/10/26,Monday,6,11,08/10/26 12:00
26100982612418K,09/10/26 16:44,09/10/26,tomorrow (future-dated),Indonesian marketplace,Shopee,LT-GRN,"Loop Tote, Sea-green",Sea-green,standard,3,189000,567000,56500,Platform voucher,15000,525500,IDR,525500,,ShopeePay,paid,JNE,C003033,new,Jakarta,DKI Jakarta,ID,Ordered,,,,09/10/26 16:44,19/10/26,Monday,6,11,08/10/26 12:00
INV/20261009/MPL/344374360,09/10/26 16:56,09/10/26,tomorrow (future-dated),Indonesian marketplace,Tokopedia,LT-IND,"Loop Tote, Indigo",Indigo,standard,1,189000,189000,19000,Platform voucher,12000,182000,IDR,182000,,Credit card,paid,JNE,C003019,new,Padang,West Sumatra,ID,Ordered,,,,09/10/26 16:56,19/10/26,Monday,6,11,08/10/26 12:00
26100973977242Z,09/10/26 18:06,09/10/26,tomorrow (future-dated),Indonesian marketplace,Shopee,LT-GRN,"Loop Tote, Sea-green",Sea-green,standard,1,189000,189000,0,,35000,224000,IDR,224000,,ShopeePay,paid,SiCepat,C003041,new,Depok,West Java,ID,Ordered,,,,09/10/26 18:06,19/10/26,Monday,6,11,08/10/26 12:00
IG-20261009-0003,09/10/26 20:44,09/10/26,tomorrow (future-dated),Instagram,Instagram (DM/WhatsApp),LT-GRN,"Loop Tote, Sea-green",Sea-green,standard,1,189000,189000,0,,32000,221000,IDR,221000,,Bank transfer (manual),paid,J&T Express,C003025,new,Yogyakarta,DI Yogyakarta,ID,Ordered,,,,09/10/26 20:44,19/10/26,Monday,6,11,08/10/26 12:00