post_id,permalink,timestamp_utc,media_type,content_pillar,post_weekday_wib,post_hour_wib,post_age_days,caption_length_chars,hashtag_count,reach,views,likes,comments,shares,saved,follows,profile_visits,total_interactions,engagement_rate_by_reach_pct,engagement_rate_by_followers_pct,save_rate_pct,share_rate_pct,follows_per_1k_reach,profile_visit_rate_pct,views_per_reach,performance_index_reach_vs_format_median,performance_index_er_vs_format_median,reach_percentile_rank,performance_flag,modeled_follower_reach_pct,modeled_top_age_group,modeled_top_age_group_share_pct,modeled_female_share_pct,modeled_top_city,modeled_top_province_state,modeled_top_region_group,modeled_top_region_group_share_pct,modeled_peak_view_hour_wib,modeled_views_first_24h_pct,modeled_views_first_72h_pct,reel_avg_watch_sec,modeled_reel_completion_pct,reels_skip_rate_pct_api
17902428608945110,https://www.instagram.com/reel/ozIYwzFjUB4/,2026-09-27T01:56:59+0000,VIDEO,picker_stories,Sunday,8,1.7,75,2,9805,16492,607,21,226,63,,,917,9.35,4.3,0.64,2.3,,,1.68,0.91,1.07,77,typical,26.2,25-34,32.8,55.2,"Jakarta, Jakarta",West Java,Greater Jakarta (Jabodetabek),38.0,8,87.5,100.0,8.9,0.7,28.5
17901977490176261,https://www.instagram.com/p/t71KdeGxDmV/,2026-09-24T02:54:46+0000,CAROUSEL_ALBUM,loop_tote,Thursday,9,4.6,88,2,7905,9530,269,11,47,368,27,157,695,8.79,3.26,4.66,0.59,3.4,1.99,1.21,1.79,1.03,67,typical,52.5,25-34,41.3,62.8,"Jakarta, Jakarta",West Java,Greater Jakarta (Jabodetabek),36.4,9,86.1,97.5,,,
17908880999865633,https://www.instagram.com/reel/D5DgLdbgwHC/,2026-09-23T02:13:27+0000,VIDEO,loop_tote,Wednesday,9,5.7,76,2,9452,14828,592,24,241,161,,,1018,10.77,4.77,1.7,2.55,,,1.57,0.88,1.23,73,typical,30.0,25-34,38.4,60.0,"Jakarta, Jakarta",West Java,Greater Jakarta (Jabodetabek),40.3,9,71.4,90.2,6.1,0.1,38.7
17902500451939084,https://www.instagram.com/p/pa-7tgg0ClJ/,2026-09-21T02:15:25+0000,IMAGE,behind_the_scenes,Monday,9,7.7,67,2,1922,2205,70,2,4,10,3,45,86,4.47,0.4,0.52,0.21,1.6,2.34,1.15,1.12,0.74,17,typical,81.8,25-34,36.0,55.8,"Bandung, West Java",West Java,Greater Bandung,42.7,9,93.4,99.1,,,
17903369297646473,https://www.instagram.com/reel/DeAohiy13zf/,2026-09-19T02:46:54+0000,VIDEO,picker_stories,Saturday,9,9.6,85,2,4402,5837,198,11,131,70,,,410,9.31,1.92,1.59,2.98,,,1.33,0.41,1.06,47,underperformer,32.0,25-34,34.6,57.2,"Bandung, West Java",West Java,Greater Jakarta (Jabodetabek),33.8,9,69.9,88.3,4.1,0.0,51.8
17906998254854499,https://www.instagram.com/p/ZsP3y_w8mtZ/,2026-09-17T02:22:22+0000,CAROUSEL_ALBUM,education,Thursday,9,11.7,75,2,3575,4067,157,7,23,119,10,37,306,8.56,1.43,3.33,0.64,2.8,1.03,1.14,0.81,1.0,40,typical,48.9,18-24,43.8,62.0,"Jakarta, Jakarta",West Java,Greater Jakarta (Jabodetabek),41.1,9,85.2,96.5,,,
17909503295997091,https://www.instagram.com/p/dgTzoUoJmrk/,2026-09-15T12:43:42+0000,IMAGE,loop_tote,Tuesday,19,13.2,54,2,1373,1538,47,1,6,18,3,43,72,5.24,0.34,1.31,0.44,2.2,3.13,1.12,0.8,0.87,10,typical,71.7,25-34,43.8,64.7,"Jakarta, Jakarta",West Java,Greater Jakarta (Jabodetabek),38.3,19,93.8,99.5,,,
17905224068300707,https://www.instagram.com/p/QI0rWSEoD8l/,2026-09-13T05:36:37+0000,IMAGE,behind_the_scenes,Sunday,12,15.5,70,2,1157,1291,46,1,2,13,3,25,62,5.36,0.29,1.12,0.17,2.6,2.16,1.12,0.68,0.89,7,typical,73.1,25-34,37.4,57.6,"Bandung, West Java",West Java,Greater Bandung,34.2,12,93.7,99.1,,,
17905447142028772,https://www.instagram.com/p/0h6WVMWQshv/,2026-09-11T13:27:24+0000,CAROUSEL_ALBUM,process_impact,Friday,20,17.2,71,2,10556,13226,550,15,43,211,24,246,819,7.76,3.84,2.0,0.41,2.3,2.33,1.25,2.39,0.91,80,breakout,27.5,25-34,34.3,55.4,"Jakarta, Jakarta",West Java,Greater Jakarta (Jabodetabek),35.9,20,77.6,94.3,,,
17902783331106906,https://www.instagram.com/reel/_U43Vd4ZGcu/,2026-09-09T01:50:54+0000,VIDEO,picker_stories,Wednesday,8,19.7,53,2,11093,23226,449,17,203,109,,,778,7.01,3.65,0.98,1.83,,,2.09,1.03,0.8,87,typical,25.1,25-34,37.0,59.1,"Bandung, West Java",West Java,Greater Jakarta (Jabodetabek),29.2,8,70.1,88.4,7.4,1.4,33.1
17905854025471212,https://www.instagram.com/p/0qchmsSstf_/,2026-09-07T12:52:39+0000,CAROUSEL_ALBUM,loop_tote,Monday,19,21.2,56,2,3279,3694,151,6,25,165,14,115,347,10.58,1.63,5.03,0.76,4.3,3.51,1.13,0.74,1.24,33,typical,48.0,25-34,39.1,60.7,"Jakarta, Jakarta",West Java,Greater Jakarta (Jabodetabek),41.0,19,85.4,96.6,,,
17908838279664940,https://www.instagram.com/p/jmledSFy6QA/,2026-09-05T05:33:39+0000,CAROUSEL_ALBUM,b2b_partners,Saturday,12,23.5,80,2,4419,5571,211,7,42,125,20,120,385,8.71,1.8,2.83,0.95,4.5,2.72,1.26,1.0,1.02,50,typical,59.6,25-34,40.9,42.7,"Jakarta, Jakarta",West Java,Greater Jakarta (Jabodetabek),41.7,12,85.5,96.6,,,
17906745675922616,https://www.instagram.com/p/juy8dUK5PlU/,2026-09-02T13:33:27+0000,IMAGE,behind_the_scenes,Wednesday,20,26.2,69,2,4117,5024,188,6,20,54,7,117,268,6.51,1.26,1.31,0.49,1.7,2.84,1.22,2.4,1.08,43,breakout,41.9,18-24,37.9,55.9,"Bandung, West Java",West Java,Greater Bandung,36.6,20,86.6,97.5,,,
17909597409818323,https://www.instagram.com/p/23vVAiG_q4D/,2026-09-01T13:50:23+0000,CAROUSEL_ALBUM,process_impact,Tuesday,20,27.2,67,2,5885,7351,270,11,41,232,24,153,554,9.41,2.6,3.94,0.7,4.1,2.6,1.25,1.33,1.1,60,typical,48.7,25-34,37.9,56.8,"Jakarta, Jakarta",West Java,Greater Jakarta (Jabodetabek),36.6,20,84.9,96.4,,,
17901296159799218,https://www.instagram.com/reel/VbAJx0M5OHF/,2026-08-30T01:04:49+0000,VIDEO,process_impact,Sunday,8,29.7,87,2,7413,10311,455,20,173,55,,,703,9.48,3.29,0.74,2.33,,,1.39,0.69,1.08,63,typical,31.4,25-34,36.9,55.3,"Jakarta, Jakarta",West Java,Greater Jakarta (Jabodetabek),37.0,8,70.1,88.4,7.2,0.4,33.9
17902562330559770,https://www.instagram.com/reel/RZVl8WhmWVu/,2026-08-28T02:06:31+0000,VIDEO,loop_tote,Friday,9,31.7,87,3,20392,30263,883,37,420,396,,,1736,8.51,8.13,1.94,2.06,,,1.48,1.9,0.97,97,typical,27.1,25-34,38.9,61.1,"Jakarta, Jakarta",West Java,Greater Jakarta (Jabodetabek),39.6,9,69.9,88.3,4.0,0.1,53.0
17903887245863979,https://www.instagram.com/p/zztnHSAbiU5/,2026-08-26T05:52:52+0000,IMAGE,behind_the_scenes,Wednesday,12,33.5,75,2,1143,1237,56,2,7,10,1,32,75,6.56,0.35,0.87,0.61,0.9,2.8,1.08,0.67,1.09,3,typical,74.4,25-34,36.1,57.2,"Bandung, West Java",West Java,Greater Bandung,30.8,12,93.8,99.4,,,
17908305184474765,https://www.instagram.com/p/y8qSj3vav0x/,2026-08-23T05:36:13+0000,CAROUSEL_ALBUM,education,Sunday,12,36.5,79,2,4736,5632,168,4,52,115,14,83,339,7.16,1.59,2.43,1.1,3.0,1.75,1.19,1.07,0.84,53,typical,56.8,18-24,40.8,57.3,"Jakarta, Jakarta",West Java,Greater Jakarta (Jabodetabek),35.5,12,85.6,96.6,,,
17909171324675683,https://www.instagram.com/p/JZHUbZMMHYl/,2026-08-22T13:41:45+0000,IMAGE,loop_tote,Saturday,20,37.2,91,2,1971,2142,67,3,13,39,2,77,122,6.19,0.57,1.98,0.66,1.0,3.91,1.09,1.15,1.03,20,typical,72.2,25-34,41.4,64.1,"Jakarta, Jakarta",West Java,Greater Jakarta (Jabodetabek),39.1,20,93.4,99.0,,,
17904060326335275,https://www.instagram.com/p/b3kOubP2dTa/,2026-08-19T05:58:56+0000,CAROUSEL_ALBUM,process_impact,Wednesday,12,40.5,63,2,3465,4031,180,6,20,80,10,84,286,8.25,1.34,2.31,0.58,2.9,2.42,1.16,0.78,0.96,37,typical,55.7,25-34,38.3,56.6,"Bandung, West Java",West Java,Greater Jakarta (Jabodetabek),27.5,12,85.6,96.7,,,
17902418134265098,https://www.instagram.com/reel/nguVeLhjs3J/,2026-08-18T01:42:20+0000,VIDEO,education,Tuesday,8,41.7,94,2,76416,167628,4622,178,1282,624,,,6706,8.78,31.42,0.82,1.68,,,2.19,7.11,1.0,100,breakout,13.8,18-24,47.0,59.4,"Jakarta, Jakarta",West Java,Greater Jakarta (Jabodetabek),40.8,8,63.2,85.2,6.5,2.3,36.4
17904387674666942,https://www.instagram.com/p/Je2QBqFaK2Y/,2026-08-15T12:14:08+0000,IMAGE,b2b_partners,Saturday,19,44.2,103,2,1502,1684,65,3,9,14,4,27,91,6.06,0.43,0.93,0.6,2.7,1.8,1.12,0.88,1.0,13,typical,81.1,25-34,38.3,41.7,"Jakarta, Jakarta",West Java,Greater Jakarta (Jabodetabek),42.5,19,93.8,99.4,,,
17907442398233179,https://www.instagram.com/p/Xv7ggcc-Tv_/,2026-08-14T13:03:02+0000,CAROUSEL_ALBUM,picker_stories,Friday,20,45.2,70,2,2941,3647,98,2,11,118,7,35,229,7.79,1.07,4.01,0.37,2.4,1.19,1.24,0.67,0.91,30,typical,54.6,25-34,33.6,56.3,"Jakarta, Jakarta",West Java,Greater Jakarta (Jabodetabek),35.0,20,84.9,96.5,,,
17902701623909724,https://www.instagram.com/p/1vtgVkI34D3/,2026-08-12T12:54:48+0000,IMAGE,process_impact,Wednesday,19,47.2,69,2,2660,3440,126,4,17,13,4,43,160,6.02,0.75,0.49,0.64,1.5,1.62,1.29,1.55,1.0,27,typical,64.3,25-34,36.2,58.0,"Jakarta, Jakarta",West Java,Greater Jakarta (Jabodetabek),34.8,19,93.8,99.0,,,
17903562482994432,https://www.instagram.com/p/HRcaN7gGpm0/,2026-08-10T13:17:43+0000,CAROUSEL_ALBUM,loop_tote,Monday,20,49.2,70,2,5155,6615,249,5,40,278,16,127,572,11.1,2.68,5.39,0.78,3.1,2.46,1.28,1.17,1.3,57,typical,50.1,25-34,42.2,64.0,"Jakarta, Jakarta",West Java,Greater Jakarta (Jabodetabek),37.8,20,84.9,96.5,,,
17902209188844506,https://www.instagram.com/reel/poEEmCvXylM/,2026-08-07T02:46:33+0000,VIDEO,behind_the_scenes,Friday,9,52.6,67,2,12199,20213,757,38,309,233,,,1337,10.96,6.27,1.91,2.53,,,1.66,1.14,1.25,93,typical,35.9,25-34,37.6,57.0,"Bandung, West Java",West Java,Greater Jakarta (Jabodetabek),33.0,9,69.9,88.3,5.9,0.1,40.0
17903086350274091,https://www.instagram.com/p/A2xAiZCsAnz/,2026-08-05T13:03:26+0000,CAROUSEL_ALBUM,picker_stories,Wednesday,20,54.2,91,2,2434,3374,125,7,23,52,10,56,207,8.5,0.97,2.14,0.94,4.1,2.3,1.39,0.55,0.99,23,underperformer,47.3,25-34,36.4,59.2,"Jakarta, Jakarta",West Java,Greater Jakarta (Jabodetabek),35.7,20,84.9,96.4,,,
17901372461039642,https://www.instagram.com/reel/gVjFaZe5vti/,2026-08-04T12:57:43+0000,VIDEO,process_impact,Tuesday,19,55.2,92,2,10746,17755,377,14,266,211,,,868,8.08,4.07,1.96,2.48,,,1.65,1.0,0.92,83,typical,28.3,25-34,35.6,55.0,"Jakarta, Jakarta",West Java,Greater Jakarta (Jabodetabek),37.2,19,69.8,88.2,8.9,8.5,26.5
17908775681335588,https://www.instagram.com/reel/BODV9P0OEml/,2026-08-01T01:42:30+0000,VIDEO,loop_tote,Saturday,8,58.7,113,3,8757,14770,355,10,260,99,,,724,8.27,3.39,1.13,2.97,,,1.69,0.81,0.94,70,typical,34.8,25-34,40.0,62.2,"Jakarta, Jakarta",West Java,Greater Jakarta (Jabodetabek),40.8,8,70.1,88.4,4.1,0.0,51.9
17901551251058872,https://www.instagram.com/reel/OlB6yPykBeT/,2026-07-30T01:40:41+0000,VIDEO,picker_stories,Thursday,8,60.7,136,2,11103,20829,418,20,263,131,,,832,7.49,3.9,1.18,2.37,,,1.88,1.03,0.85,90,typical,25.7,25-34,35.4,57.9,"Jakarta, Jakarta",West Java,Greater Jakarta (Jabodetabek),34.6,8,70.1,88.4,9.3,22.3,22.1
