post_id,dimension,bucket,views,share_pct_of_views,data_source
17902428608945110,hour_of_day_wib,0,203,1.23,modeled_estimate
17902428608945110,hour_of_day_wib,1,140,0.85,modeled_estimate
17902428608945110,hour_of_day_wib,2,106,0.64,modeled_estimate
17902428608945110,hour_of_day_wib,3,87,0.53,modeled_estimate
17902428608945110,hour_of_day_wib,4,86,0.52,modeled_estimate
17902428608945110,hour_of_day_wib,5,103,0.62,modeled_estimate
17902428608945110,hour_of_day_wib,6,149,0.9,modeled_estimate
17902428608945110,hour_of_day_wib,7,190,1.15,modeled_estimate
17902428608945110,hour_of_day_wib,8,1950,11.82,modeled_estimate
17902428608945110,hour_of_day_wib,9,1486,9.01,modeled_estimate
17902428608945110,hour_of_day_wib,10,1255,7.61,modeled_estimate
17902428608945110,hour_of_day_wib,11,1199,7.27,modeled_estimate
17902428608945110,hour_of_day_wib,12,1397,8.47,modeled_estimate
17902428608945110,hour_of_day_wib,13,1204,7.3,modeled_estimate
17902428608945110,hour_of_day_wib,14,881,5.34,modeled_estimate
17902428608945110,hour_of_day_wib,15,751,4.55,modeled_estimate
17902428608945110,hour_of_day_wib,16,724,4.39,modeled_estimate
17902428608945110,hour_of_day_wib,17,737,4.47,modeled_estimate
17902428608945110,hour_of_day_wib,18,744,4.51,modeled_estimate
17902428608945110,hour_of_day_wib,19,778,4.72,modeled_estimate
17902428608945110,hour_of_day_wib,20,743,4.51,modeled_estimate
17902428608945110,hour_of_day_wib,21,674,4.09,modeled_estimate
17902428608945110,hour_of_day_wib,22,531,3.22,modeled_estimate
17902428608945110,hour_of_day_wib,23,374,2.27,modeled_estimate
17902428608945110,hours_since_publish,0-1h,1763,10.69,modeled_estimate
17902428608945110,hours_since_publish,1-3h,2458,14.9,modeled_estimate
17902428608945110,hours_since_publish,3-6h,3351,20.32,modeled_estimate
17902428608945110,hours_since_publish,6-24h,6855,41.57,modeled_estimate
17902428608945110,hours_since_publish,24-48h,2065,12.52,modeled_estimate
17902428608945110,hours_since_publish,48-72h,0,0.0,modeled_estimate
17902428608945110,hours_since_publish,72h-7d,0,0.0,modeled_estimate
17902428608945110,weekday_wib,Sunday,13363,81.03,modeled_estimate
17902428608945110,weekday_wib,Monday,3129,18.97,modeled_estimate
17901977490176261,hour_of_day_wib,0,133,1.4,modeled_estimate
17901977490176261,hour_of_day_wib,1,91,0.95,modeled_estimate
17901977490176261,hour_of_day_wib,2,70,0.73,modeled_estimate
17901977490176261,hour_of_day_wib,3,55,0.58,modeled_estimate
17901977490176261,hour_of_day_wib,4,55,0.58,modeled_estimate
17901977490176261,hour_of_day_wib,5,65,0.68,modeled_estimate
17901977490176261,hour_of_day_wib,6,93,0.98,modeled_estimate
17901977490176261,hour_of_day_wib,7,119,1.25,modeled_estimate
17901977490176261,hour_of_day_wib,8,116,1.22,modeled_estimate
17901977490176261,hour_of_day_wib,9,1084,11.37,modeled_estimate
17901977490176261,hour_of_day_wib,10,897,9.41,modeled_estimate
17901977490176261,hour_of_day_wib,11,838,8.79,modeled_estimate
17901977490176261,hour_of_day_wib,12,957,10.04,modeled_estimate
17901977490176261,hour_of_day_wib,13,806,8.46,modeled_estimate
17901977490176261,hour_of_day_wib,14,576,6.04,modeled_estimate
17901977490176261,hour_of_day_wib,15,481,5.05,modeled_estimate
17901977490176261,hour_of_day_wib,16,453,4.75,modeled_estimate
17901977490176261,hour_of_day_wib,17,450,4.72,modeled_estimate
17901977490176261,hour_of_day_wib,18,445,4.67,modeled_estimate
17901977490176261,hour_of_day_wib,19,454,4.76,modeled_estimate
17901977490176261,hour_of_day_wib,20,426,4.47,modeled_estimate
17901977490176261,hour_of_day_wib,21,376,3.95,modeled_estimate
17901977490176261,hour_of_day_wib,22,290,3.04,modeled_estimate
17901977490176261,hour_of_day_wib,23,200,2.1,modeled_estimate
17901977490176261,hours_since_publish,0-1h,993,10.42,modeled_estimate
17901977490176261,hours_since_publish,1-3h,1573,16.51,modeled_estimate
17901977490176261,hours_since_publish,3-6h,2081,21.84,modeled_estimate
17901977490176261,hours_since_publish,6-24h,3560,37.36,modeled_estimate
17901977490176261,hours_since_publish,24-48h,780,8.18,modeled_estimate
17901977490176261,hours_since_publish,48-72h,307,3.22,modeled_estimate
17901977490176261,hours_since_publish,72h-7d,236,2.48,modeled_estimate
17901977490176261,weekday_wib,Thursday,7630,80.06,modeled_estimate
17901977490176261,weekday_wib,Friday,1232,12.93,modeled_estimate
17901977490176261,weekday_wib,Saturday,370,3.88,modeled_estimate
17901977490176261,weekday_wib,Sunday,193,2.03,modeled_estimate
17901977490176261,weekday_wib,Monday,105,1.1,modeled_estimate
17908880999865633,hour_of_day_wib,0,269,1.81,modeled_estimate
17908880999865633,hour_of_day_wib,1,189,1.27,modeled_estimate
17908880999865633,hour_of_day_wib,2,148,1.0,modeled_estimate
17908880999865633,hour_of_day_wib,3,124,0.84,modeled_estimate
17908880999865633,hour_of_day_wib,4,126,0.85,modeled_estimate
17908880999865633,hour_of_day_wib,5,154,1.04,modeled_estimate
17908880999865633,hour_of_day_wib,6,228,1.54,modeled_estimate
17908880999865633,hour_of_day_wib,7,296,2.0,modeled_estimate
17908880999865633,hour_of_day_wib,8,299,2.02,modeled_estimate
17908880999865633,hour_of_day_wib,9,1357,9.15,modeled_estimate
17908880999865633,hour_of_day_wib,10,1156,7.8,modeled_estimate
17908880999865633,hour_of_day_wib,11,1113,7.51,modeled_estimate
17908880999865633,hour_of_day_wib,12,1308,8.82,modeled_estimate
17908880999865633,hour_of_day_wib,13,1137,7.67,modeled_estimate
17908880999865633,hour_of_day_wib,14,840,5.66,modeled_estimate
17908880999865633,hour_of_day_wib,15,724,4.88,modeled_estimate
17908880999865633,hour_of_day_wib,16,706,4.76,modeled_estimate
17908880999865633,hour_of_day_wib,17,726,4.9,modeled_estimate
17908880999865633,hour_of_day_wib,18,741,5.0,modeled_estimate
17908880999865633,hour_of_day_wib,19,784,5.29,modeled_estimate
17908880999865633,hour_of_day_wib,20,758,5.11,modeled_estimate
17908880999865633,hour_of_day_wib,21,695,4.69,modeled_estimate
17908880999865633,hour_of_day_wib,22,555,3.74,modeled_estimate
17908880999865633,hour_of_day_wib,23,395,2.66,modeled_estimate
17908880999865633,hours_since_publish,0-1h,1114,7.51,modeled_estimate
17908880999865633,hours_since_publish,1-3h,1820,12.27,modeled_estimate
17908880999865633,hours_since_publish,3-6h,2532,17.08,modeled_estimate
17908880999865633,hours_since_publish,6-24h,5128,34.58,modeled_estimate
17908880999865633,hours_since_publish,24-48h,1797,12.12,modeled_estimate
17908880999865633,hours_since_publish,48-72h,991,6.68,modeled_estimate
17908880999865633,hours_since_publish,72h-7d,1446,9.75,modeled_estimate
17908880999865633,weekday_wib,Wednesday,9594,64.7,modeled_estimate
17908880999865633,weekday_wib,Thursday,2457,16.57,modeled_estimate
17908880999865633,weekday_wib,Friday,1108,7.47,modeled_estimate
17908880999865633,weekday_wib,Saturday,755,5.09,modeled_estimate
17908880999865633,weekday_wib,Sunday,533,3.59,modeled_estimate
17908880999865633,weekday_wib,Monday,381,2.57,modeled_estimate
17902500451939084,hour_of_day_wib,0,19,0.86,modeled_estimate
17902500451939084,hour_of_day_wib,1,12,0.54,modeled_estimate
17902500451939084,hour_of_day_wib,2,9,0.41,modeled_estimate
17902500451939084,hour_of_day_wib,3,8,0.36,modeled_estimate
17902500451939084,hour_of_day_wib,4,7,0.32,modeled_estimate
17902500451939084,hour_of_day_wib,5,8,0.36,modeled_estimate
17902500451939084,hour_of_day_wib,6,11,0.5,modeled_estimate
17902500451939084,hour_of_day_wib,7,14,0.63,modeled_estimate
17902500451939084,hour_of_day_wib,8,13,0.59,modeled_estimate
17902500451939084,hour_of_day_wib,9,346,15.69,modeled_estimate
17902500451939084,hour_of_day_wib,10,269,12.2,modeled_estimate
17902500451939084,hour_of_day_wib,11,237,10.75,modeled_estimate
17902500451939084,hour_of_day_wib,12,254,11.52,modeled_estimate
17902500451939084,hour_of_day_wib,13,202,9.16,modeled_estimate
17902500451939084,hour_of_day_wib,14,136,6.17,modeled_estimate
17902500451939084,hour_of_day_wib,15,107,4.85,modeled_estimate
17902500451939084,hour_of_day_wib,16,95,4.31,modeled_estimate
17902500451939084,hour_of_day_wib,17,89,4.04,modeled_estimate
17902500451939084,hour_of_day_wib,18,84,3.81,modeled_estimate
17902500451939084,hour_of_day_wib,19,80,3.63,modeled_estimate
17902500451939084,hour_of_day_wib,20,71,3.22,modeled_estimate
17902500451939084,hour_of_day_wib,21,60,2.72,modeled_estimate
17902500451939084,hour_of_day_wib,22,45,2.04,modeled_estimate
17902500451939084,hour_of_day_wib,23,29,1.32,modeled_estimate
17902500451939084,hours_since_publish,0-1h,336,15.24,modeled_estimate
17902500451939084,hours_since_publish,1-3h,488,22.13,modeled_estimate
17902500451939084,hours_since_publish,3-6h,563,25.53,modeled_estimate
17902500451939084,hours_since_publish,6-24h,672,30.48,modeled_estimate
17902500451939084,hours_since_publish,24-48h,89,4.04,modeled_estimate
17902500451939084,hours_since_publish,48-72h,38,1.72,modeled_estimate
17902500451939084,hours_since_publish,72h-7d,19,0.86,modeled_estimate
17902500451939084,weekday_wib,Monday,1982,89.89,modeled_estimate
17902500451939084,weekday_wib,Tuesday,153,6.94,modeled_estimate
17902500451939084,weekday_wib,Wednesday,42,1.9,modeled_estimate
17902500451939084,weekday_wib,Thursday,24,1.09,modeled_estimate
17902500451939084,weekday_wib,Friday,4,0.18,modeled_estimate
17902500451939084,weekday_wib,Saturday,0,0.0,modeled_estimate
17902500451939084,weekday_wib,Sunday,0,0.0,modeled_estimate
17903369297646473,hour_of_day_wib,0,110,1.88,modeled_estimate
17903369297646473,hour_of_day_wib,1,79,1.35,modeled_estimate
17903369297646473,hour_of_day_wib,2,60,1.03,modeled_estimate
17903369297646473,hour_of_day_wib,3,52,0.89,modeled_estimate
17903369297646473,hour_of_day_wib,4,52,0.89,modeled_estimate
17903369297646473,hour_of_day_wib,5,64,1.1,modeled_estimate
17903369297646473,hour_of_day_wib,6,95,1.63,modeled_estimate
17903369297646473,hour_of_day_wib,7,124,2.12,modeled_estimate
17903369297646473,hour_of_day_wib,8,125,2.14,modeled_estimate
17903369297646473,hour_of_day_wib,9,528,9.05,modeled_estimate
17903369297646473,hour_of_day_wib,10,449,7.69,modeled_estimate
17903369297646473,hour_of_day_wib,11,434,7.44,modeled_estimate
17903369297646473,hour_of_day_wib,12,510,8.74,modeled_estimate
17903369297646473,hour_of_day_wib,13,443,7.59,modeled_estimate
17903369297646473,hour_of_day_wib,14,328,5.62,modeled_estimate
17903369297646473,hour_of_day_wib,15,282,4.83,modeled_estimate
17903369297646473,hour_of_day_wib,16,276,4.73,modeled_estimate
17903369297646473,hour_of_day_wib,17,285,4.88,modeled_estimate
17903369297646473,hour_of_day_wib,18,289,4.95,modeled_estimate
17903369297646473,hour_of_day_wib,19,308,5.28,modeled_estimate
17903369297646473,hour_of_day_wib,20,298,5.11,modeled_estimate
17903369297646473,hour_of_day_wib,21,273,4.68,modeled_estimate
17903369297646473,hour_of_day_wib,22,218,3.73,modeled_estimate
17903369297646473,hour_of_day_wib,23,155,2.66,modeled_estimate
17903369297646473,hours_since_publish,0-1h,429,7.35,modeled_estimate
17903369297646473,hours_since_publish,1-3h,701,12.01,modeled_estimate
17903369297646473,hours_since_publish,3-6h,975,16.7,modeled_estimate
17903369297646473,hours_since_publish,6-24h,1977,33.87,modeled_estimate
17903369297646473,hours_since_publish,24-48h,693,11.87,modeled_estimate
17903369297646473,hours_since_publish,48-72h,381,6.53,modeled_estimate
17903369297646473,hours_since_publish,72h-7d,681,11.67,modeled_estimate
17903369297646473,weekday_wib,Saturday,3717,63.68,modeled_estimate
17903369297646473,weekday_wib,Sunday,949,16.26,modeled_estimate
17903369297646473,weekday_wib,Monday,426,7.3,modeled_estimate
17903369297646473,weekday_wib,Tuesday,288,4.93,modeled_estimate
17903369297646473,weekday_wib,Wednesday,205,3.51,modeled_estimate
17903369297646473,weekday_wib,Thursday,147,2.52,modeled_estimate
17903369297646473,weekday_wib,Friday,105,1.8,modeled_estimate
17906998254854499,hour_of_day_wib,0,58,1.43,modeled_estimate
17906998254854499,hour_of_day_wib,1,39,0.96,modeled_estimate
17906998254854499,hour_of_day_wib,2,30,0.74,modeled_estimate
17906998254854499,hour_of_day_wib,3,25,0.61,modeled_estimate
17906998254854499,hour_of_day_wib,4,25,0.61,modeled_estimate
17906998254854499,hour_of_day_wib,5,27,0.66,modeled_estimate
17906998254854499,hour_of_day_wib,6,42,1.03,modeled_estimate
17906998254854499,hour_of_day_wib,7,51,1.25,modeled_estimate
17906998254854499,hour_of_day_wib,8,52,1.28,modeled_estimate
17906998254854499,hour_of_day_wib,9,461,11.34,modeled_estimate
17906998254854499,hour_of_day_wib,10,382,9.39,modeled_estimate
17906998254854499,hour_of_day_wib,11,357,8.78,modeled_estimate
17906998254854499,hour_of_day_wib,12,407,10.01,modeled_estimate
17906998254854499,hour_of_day_wib,13,341,8.38,modeled_estimate
17906998254854499,hour_of_day_wib,14,244,6.0,modeled_estimate
17906998254854499,hour_of_day_wib,15,205,5.04,modeled_estimate
17906998254854499,hour_of_day_wib,16,193,4.75,modeled_estimate
17906998254854499,hour_of_day_wib,17,192,4.72,modeled_estimate
17906998254854499,hour_of_day_wib,18,190,4.67,modeled_estimate
17906998254854499,hour_of_day_wib,19,194,4.77,modeled_estimate
17906998254854499,hour_of_day_wib,20,181,4.45,modeled_estimate
17906998254854499,hour_of_day_wib,21,161,3.96,modeled_estimate
17906998254854499,hour_of_day_wib,22,124,3.05,modeled_estimate
17906998254854499,hour_of_day_wib,23,86,2.11,modeled_estimate
17906998254854499,hours_since_publish,0-1h,420,10.33,modeled_estimate
17906998254854499,hours_since_publish,1-3h,665,16.35,modeled_estimate
17906998254854499,hours_since_publish,3-6h,878,21.59,modeled_estimate
17906998254854499,hours_since_publish,6-24h,1504,36.98,modeled_estimate
17906998254854499,hours_since_publish,24-48h,329,8.09,modeled_estimate
17906998254854499,hours_since_publish,48-72h,130,3.2,modeled_estimate
17906998254854499,hours_since_publish,72h-7d,141,3.47,modeled_estimate
17906998254854499,weekday_wib,Thursday,3223,79.25,modeled_estimate
17906998254854499,weekday_wib,Friday,520,12.79,modeled_estimate
17906998254854499,weekday_wib,Saturday,158,3.88,modeled_estimate
17906998254854499,weekday_wib,Sunday,80,1.97,modeled_estimate
17906998254854499,weekday_wib,Monday,44,1.08,modeled_estimate
17906998254854499,weekday_wib,Tuesday,24,0.59,modeled_estimate
17906998254854499,weekday_wib,Wednesday,18,0.44,modeled_estimate
17909503295997091,hour_of_day_wib,0,65,4.23,modeled_estimate
17909503295997091,hour_of_day_wib,1,41,2.67,modeled_estimate
17909503295997091,hour_of_day_wib,2,28,1.82,modeled_estimate
17909503295997091,hour_of_day_wib,3,20,1.3,modeled_estimate
17909503295997091,hour_of_day_wib,4,19,1.24,modeled_estimate
17909503295997091,hour_of_day_wib,5,20,1.3,modeled_estimate
17909503295997091,hour_of_day_wib,6,27,1.76,modeled_estimate
17909503295997091,hour_of_day_wib,7,31,2.02,modeled_estimate
17909503295997091,hour_of_day_wib,8,28,1.82,modeled_estimate
17909503295997091,hour_of_day_wib,9,21,1.37,modeled_estimate
17909503295997091,hour_of_day_wib,10,17,1.11,modeled_estimate
17909503295997091,hour_of_day_wib,11,16,1.04,modeled_estimate
17909503295997091,hour_of_day_wib,12,18,1.17,modeled_estimate
17909503295997091,hour_of_day_wib,13,15,0.98,modeled_estimate
17909503295997091,hour_of_day_wib,14,12,0.78,modeled_estimate
17909503295997091,hour_of_day_wib,15,10,0.65,modeled_estimate
17909503295997091,hour_of_day_wib,16,10,0.65,modeled_estimate
17909503295997091,hour_of_day_wib,17,10,0.65,modeled_estimate
17909503295997091,hour_of_day_wib,18,10,0.65,modeled_estimate
17909503295997091,hour_of_day_wib,19,332,21.59,modeled_estimate
17909503295997091,hour_of_day_wib,20,285,18.53,modeled_estimate
17909503295997091,hour_of_day_wib,21,233,15.15,modeled_estimate
17909503295997091,hour_of_day_wib,22,166,10.79,modeled_estimate
17909503295997091,hour_of_day_wib,23,104,6.76,modeled_estimate
17909503295997091,hours_since_publish,0-1h,322,20.94,modeled_estimate
17909503295997091,hours_since_publish,1-3h,500,32.51,modeled_estimate
17909503295997091,hours_since_publish,3-6h,319,20.74,modeled_estimate
17909503295997091,hours_since_publish,6-24h,301,19.57,modeled_estimate
17909503295997091,hours_since_publish,24-48h,61,3.97,modeled_estimate
17909503295997091,hours_since_publish,48-72h,27,1.76,modeled_estimate
17909503295997091,hours_since_publish,72h-7d,8,0.52,modeled_estimate
17909503295997091,weekday_wib,Tuesday,1079,70.16,modeled_estimate
17909503295997091,weekday_wib,Wednesday,390,25.36,modeled_estimate
17909503295997091,weekday_wib,Thursday,43,2.8,modeled_estimate
17909503295997091,weekday_wib,Friday,23,1.5,modeled_estimate
17909503295997091,weekday_wib,Saturday,3,0.2,modeled_estimate
17909503295997091,weekday_wib,Sunday,0,0.0,modeled_estimate
17909503295997091,weekday_wib,Monday,0,0.0,modeled_estimate
17905224068300707,hour_of_day_wib,0,16,1.24,modeled_estimate
17905224068300707,hour_of_day_wib,1,10,0.77,modeled_estimate
17905224068300707,hour_of_day_wib,2,7,0.54,modeled_estimate
17905224068300707,hour_of_day_wib,3,6,0.46,modeled_estimate
17905224068300707,hour_of_day_wib,4,5,0.39,modeled_estimate
17905224068300707,hour_of_day_wib,5,6,0.46,modeled_estimate
17905224068300707,hour_of_day_wib,6,9,0.7,modeled_estimate
17905224068300707,hour_of_day_wib,7,11,0.85,modeled_estimate
17905224068300707,hour_of_day_wib,8,10,0.77,modeled_estimate
17905224068300707,hour_of_day_wib,9,7,0.54,modeled_estimate
17905224068300707,hour_of_day_wib,10,7,0.54,modeled_estimate
17905224068300707,hour_of_day_wib,11,6,0.46,modeled_estimate
17905224068300707,hour_of_day_wib,12,249,19.29,modeled_estimate
17905224068300707,hour_of_day_wib,13,196,15.18,modeled_estimate
17905224068300707,hour_of_day_wib,14,132,10.22,modeled_estimate
17905224068300707,hour_of_day_wib,15,103,7.98,modeled_estimate
17905224068300707,hour_of_day_wib,16,91,7.05,modeled_estimate
17905224068300707,hour_of_day_wib,17,85,6.58,modeled_estimate
17905224068300707,hour_of_day_wib,18,78,6.04,modeled_estimate
17905224068300707,hour_of_day_wib,19,74,5.73,modeled_estimate
17905224068300707,hour_of_day_wib,20,65,5.03,modeled_estimate
17905224068300707,hour_of_day_wib,21,54,4.18,modeled_estimate
17905224068300707,hour_of_day_wib,22,39,3.02,modeled_estimate
17905224068300707,hour_of_day_wib,23,25,1.94,modeled_estimate
17905224068300707,hours_since_publish,0-1h,242,18.75,modeled_estimate
17905224068300707,hours_since_publish,1-3h,317,24.55,modeled_estimate
17905224068300707,hours_since_publish,3-6h,264,20.45,modeled_estimate
17905224068300707,hours_since_publish,6-24h,387,29.98,modeled_estimate
17905224068300707,hours_since_publish,24-48h,51,3.95,modeled_estimate
17905224068300707,hours_since_publish,48-72h,19,1.47,modeled_estimate
17905224068300707,hours_since_publish,72h-7d,11,0.85,modeled_estimate
17905224068300707,weekday_wib,Sunday,1131,87.61,modeled_estimate
17905224068300707,weekday_wib,Monday,116,8.99,modeled_estimate
17905224068300707,weekday_wib,Tuesday,26,2.01,modeled_estimate
17905224068300707,weekday_wib,Wednesday,18,1.39,modeled_estimate
17905224068300707,weekday_wib,Thursday,0,0.0,modeled_estimate
17905224068300707,weekday_wib,Friday,0,0.0,modeled_estimate
17905224068300707,weekday_wib,Saturday,0,0.0,modeled_estimate
17905447142028772,hour_of_day_wib,0,639,4.83,modeled_estimate
17905447142028772,hour_of_day_wib,1,431,3.26,modeled_estimate
17905447142028772,hour_of_day_wib,2,317,2.4,modeled_estimate
17905447142028772,hour_of_day_wib,3,256,1.94,modeled_estimate
17905447142028772,hour_of_day_wib,4,246,1.86,modeled_estimate
17905447142028772,hour_of_day_wib,5,288,2.18,modeled_estimate
17905447142028772,hour_of_day_wib,6,409,3.09,modeled_estimate
17905447142028772,hour_of_day_wib,7,506,3.83,modeled_estimate
17905447142028772,hour_of_day_wib,8,491,3.71,modeled_estimate
17905447142028772,hour_of_day_wib,9,383,2.9,modeled_estimate
17905447142028772,hour_of_day_wib,10,334,2.53,modeled_estimate
17905447142028772,hour_of_day_wib,11,329,2.49,modeled_estimate
17905447142028772,hour_of_day_wib,12,398,3.01,modeled_estimate
17905447142028772,hour_of_day_wib,13,354,2.68,modeled_estimate
17905447142028772,hour_of_day_wib,14,269,2.03,modeled_estimate
17905447142028772,hour_of_day_wib,15,238,1.8,modeled_estimate
17905447142028772,hour_of_day_wib,16,238,1.8,modeled_estimate
17905447142028772,hour_of_day_wib,17,251,1.9,modeled_estimate
17905447142028772,hour_of_day_wib,18,264,2.0,modeled_estimate
17905447142028772,hour_of_day_wib,19,285,2.15,modeled_estimate
17905447142028772,hour_of_day_wib,20,2106,15.92,modeled_estimate
17905447142028772,hour_of_day_wib,21,1842,13.93,modeled_estimate
17905447142028772,hour_of_day_wib,22,1400,10.59,modeled_estimate
17905447142028772,hour_of_day_wib,23,952,7.2,modeled_estimate
17905447142028772,hours_since_publish,0-1h,1826,13.81,modeled_estimate
17905447142028772,hours_since_publish,1-3h,2763,20.89,modeled_estimate
17905447142028772,hours_since_publish,3-6h,1670,12.63,modeled_estimate
17905447142028772,hours_since_publish,6-24h,4001,30.25,modeled_estimate
17905447142028772,hours_since_publish,24-48h,1512,11.43,modeled_estimate
17905447142028772,hours_since_publish,48-72h,696,5.26,modeled_estimate
17905447142028772,hours_since_publish,72h-7d,758,5.73,modeled_estimate
17905447142028772,weekday_wib,Friday,5427,41.03,modeled_estimate
17905447142028772,weekday_wib,Saturday,5381,40.69,modeled_estimate
17905447142028772,weekday_wib,Sunday,1205,9.11,modeled_estimate
17905447142028772,weekday_wib,Monday,604,4.57,modeled_estimate
17905447142028772,weekday_wib,Tuesday,330,2.5,modeled_estimate
17905447142028772,weekday_wib,Wednesday,181,1.37,modeled_estimate
17905447142028772,weekday_wib,Thursday,98,0.74,modeled_estimate
17902783331106906,hour_of_day_wib,0,410,1.77,modeled_estimate
17902783331106906,hour_of_day_wib,1,293,1.26,modeled_estimate
17902783331106906,hour_of_day_wib,2,227,0.98,modeled_estimate
17902783331106906,hour_of_day_wib,3,194,0.84,modeled_estimate
17902783331106906,hour_of_day_wib,4,195,0.84,modeled_estimate
17902783331106906,hour_of_day_wib,5,239,1.03,modeled_estimate
17902783331106906,hour_of_day_wib,6,358,1.54,modeled_estimate
17902783331106906,hour_of_day_wib,7,468,2.01,modeled_estimate
17902783331106906,hour_of_day_wib,8,2448,10.54,modeled_estimate
17902783331106906,hour_of_day_wib,9,1882,8.1,modeled_estimate
17902783331106906,hour_of_day_wib,10,1607,6.92,modeled_estimate
17902783331106906,hour_of_day_wib,11,1552,6.68,modeled_estimate
17902783331106906,hour_of_day_wib,12,1832,7.89,modeled_estimate
17902783331106906,hour_of_day_wib,13,1597,6.88,modeled_estimate
17902783331106906,hour_of_day_wib,14,1186,5.11,modeled_estimate
17902783331106906,hour_of_day_wib,15,1025,4.41,modeled_estimate
17902783331106906,hour_of_day_wib,16,1003,4.32,modeled_estimate
17902783331106906,hour_of_day_wib,17,1036,4.46,modeled_estimate
17902783331106906,hour_of_day_wib,18,1060,4.56,modeled_estimate
17902783331106906,hour_of_day_wib,19,1126,4.85,modeled_estimate
17902783331106906,hour_of_day_wib,20,1095,4.71,modeled_estimate
17902783331106906,hour_of_day_wib,21,1007,4.34,modeled_estimate
17902783331106906,hour_of_day_wib,22,807,3.47,modeled_estimate
17902783331106906,hour_of_day_wib,23,579,2.49,modeled_estimate
17902783331106906,hours_since_publish,0-1h,1990,8.57,modeled_estimate
17902783331106906,hours_since_publish,1-3h,2773,11.94,modeled_estimate
17902783331106906,hours_since_publish,3-6h,3781,16.28,modeled_estimate
17902783331106906,hours_since_publish,6-24h,7736,33.31,modeled_estimate
17902783331106906,hours_since_publish,24-48h,2742,11.81,modeled_estimate
17902783331106906,hours_since_publish,48-72h,1510,6.5,modeled_estimate
17902783331106906,hours_since_publish,72h-7d,2694,11.6,modeled_estimate
17902783331106906,weekday_wib,Wednesday,15148,65.22,modeled_estimate
17902783331106906,weekday_wib,Thursday,3529,15.19,modeled_estimate
17902783331106906,weekday_wib,Friday,1650,7.1,modeled_estimate
17902783331106906,weekday_wib,Saturday,1129,4.86,modeled_estimate
17902783331106906,weekday_wib,Sunday,798,3.44,modeled_estimate
17902783331106906,weekday_wib,Monday,567,2.44,modeled_estimate
17902783331106906,weekday_wib,Tuesday,405,1.74,modeled_estimate
17905854025471212,hour_of_day_wib,0,159,4.3,modeled_estimate
17905854025471212,hour_of_day_wib,1,107,2.9,modeled_estimate
17905854025471212,hour_of_day_wib,2,76,2.06,modeled_estimate
17905854025471212,hour_of_day_wib,3,61,1.65,modeled_estimate
17905854025471212,hour_of_day_wib,4,58,1.57,modeled_estimate
17905854025471212,hour_of_day_wib,5,66,1.79,modeled_estimate
17905854025471212,hour_of_day_wib,6,93,2.52,modeled_estimate
17905854025471212,hour_of_day_wib,7,115,3.11,modeled_estimate
17905854025471212,hour_of_day_wib,8,110,2.98,modeled_estimate
17905854025471212,hour_of_day_wib,9,85,2.3,modeled_estimate
17905854025471212,hour_of_day_wib,10,71,1.92,modeled_estimate
17905854025471212,hour_of_day_wib,11,68,1.84,modeled_estimate
17905854025471212,hour_of_day_wib,12,83,2.25,modeled_estimate
17905854025471212,hour_of_day_wib,13,72,1.95,modeled_estimate
17905854025471212,hour_of_day_wib,14,54,1.46,modeled_estimate
17905854025471212,hour_of_day_wib,15,47,1.27,modeled_estimate
17905854025471212,hour_of_day_wib,16,47,1.27,modeled_estimate
17905854025471212,hour_of_day_wib,17,47,1.27,modeled_estimate
17905854025471212,hour_of_day_wib,18,50,1.35,modeled_estimate
17905854025471212,hour_of_day_wib,19,600,16.24,modeled_estimate
17905854025471212,hour_of_day_wib,20,550,14.89,modeled_estimate
17905854025471212,hour_of_day_wib,21,475,12.86,modeled_estimate
17905854025471212,hour_of_day_wib,22,358,9.69,modeled_estimate
17905854025471212,hour_of_day_wib,23,242,6.55,modeled_estimate
17905854025471212,hours_since_publish,0-1h,546,14.78,modeled_estimate
17905854025471212,hours_since_publish,1-3h,924,25.01,modeled_estimate
17905854025471212,hours_since_publish,3-6h,672,18.19,modeled_estimate
17905854025471212,hours_since_publish,6-24h,1011,27.37,modeled_estimate
17905854025471212,hours_since_publish,24-48h,296,8.01,modeled_estimate
17905854025471212,hours_since_publish,48-72h,118,3.19,modeled_estimate
17905854025471212,hours_since_publish,72h-7d,127,3.44,modeled_estimate
17905854025471212,weekday_wib,Monday,2005,54.28,modeled_estimate
17905854025471212,weekday_wib,Tuesday,1284,34.76,modeled_estimate
17905854025471212,weekday_wib,Wednesday,206,5.58,modeled_estimate
17905854025471212,weekday_wib,Thursday,97,2.63,modeled_estimate
17905854025471212,weekday_wib,Friday,52,1.41,modeled_estimate
17905854025471212,weekday_wib,Saturday,30,0.81,modeled_estimate
17905854025471212,weekday_wib,Sunday,20,0.54,modeled_estimate
17908838279664940,hour_of_day_wib,0,104,1.87,modeled_estimate
17908838279664940,hour_of_day_wib,1,71,1.27,modeled_estimate
17908838279664940,hour_of_day_wib,2,52,0.93,modeled_estimate
17908838279664940,hour_of_day_wib,3,42,0.75,modeled_estimate
17908838279664940,hour_of_day_wib,4,41,0.74,modeled_estimate
17908838279664940,hour_of_day_wib,5,49,0.88,modeled_estimate
17908838279664940,hour_of_day_wib,6,69,1.24,modeled_estimate
17908838279664940,hour_of_day_wib,7,87,1.56,modeled_estimate
17908838279664940,hour_of_day_wib,8,86,1.54,modeled_estimate
17908838279664940,hour_of_day_wib,9,68,1.22,modeled_estimate
17908838279664940,hour_of_day_wib,10,59,1.06,modeled_estimate
17908838279664940,hour_of_day_wib,11,58,1.04,modeled_estimate
17908838279664940,hour_of_day_wib,12,793,14.23,modeled_estimate
17908838279664940,hour_of_day_wib,13,664,11.92,modeled_estimate
17908838279664940,hour_of_day_wib,14,473,8.49,modeled_estimate
17908838279664940,hour_of_day_wib,15,391,7.02,modeled_estimate
17908838279664940,hour_of_day_wib,16,369,6.62,modeled_estimate
17908838279664940,hour_of_day_wib,17,365,6.55,modeled_estimate
17908838279664940,hour_of_day_wib,18,357,6.41,modeled_estimate
17908838279664940,hour_of_day_wib,19,362,6.5,modeled_estimate
17908838279664940,hour_of_day_wib,20,335,6.01,modeled_estimate
17908838279664940,hour_of_day_wib,21,295,5.3,modeled_estimate
17908838279664940,hour_of_day_wib,22,226,4.06,modeled_estimate
17908838279664940,hour_of_day_wib,23,155,2.78,modeled_estimate
17908838279664940,hours_since_publish,0-1h,722,12.96,modeled_estimate
17908838279664940,hours_since_publish,1-3h,1026,18.42,modeled_estimate
17908838279664940,hours_since_publish,3-6h,994,17.84,modeled_estimate
17908838279664940,hours_since_publish,6-24h,2022,36.3,modeled_estimate
17908838279664940,hours_since_publish,24-48h,443,7.95,modeled_estimate
17908838279664940,hours_since_publish,48-72h,174,3.12,modeled_estimate
17908838279664940,hours_since_publish,72h-7d,190,3.41,modeled_estimate
17908838279664940,weekday_wib,Saturday,4205,75.48,modeled_estimate
17908838279664940,weekday_wib,Sunday,896,16.08,modeled_estimate
17908838279664940,weekday_wib,Monday,228,4.09,modeled_estimate
17908838279664940,weekday_wib,Tuesday,119,2.14,modeled_estimate
17908838279664940,weekday_wib,Wednesday,66,1.18,modeled_estimate
17908838279664940,weekday_wib,Thursday,36,0.65,modeled_estimate
17908838279664940,weekday_wib,Friday,21,0.38,modeled_estimate
17906745675922616,hour_of_day_wib,0,256,5.1,modeled_estimate
17906745675922616,hour_of_day_wib,1,163,3.24,modeled_estimate
17906745675922616,hour_of_day_wib,2,116,2.31,modeled_estimate
17906745675922616,hour_of_day_wib,3,88,1.75,modeled_estimate
17906745675922616,hour_of_day_wib,4,80,1.59,modeled_estimate
17906745675922616,hour_of_day_wib,5,91,1.81,modeled_estimate
17906745675922616,hour_of_day_wib,6,124,2.47,modeled_estimate
17906745675922616,hour_of_day_wib,7,148,2.95,modeled_estimate
17906745675922616,hour_of_day_wib,8,139,2.77,modeled_estimate
17906745675922616,hour_of_day_wib,9,105,2.09,modeled_estimate
17906745675922616,hour_of_day_wib,10,89,1.77,modeled_estimate
17906745675922616,hour_of_day_wib,11,86,1.71,modeled_estimate
17906745675922616,hour_of_day_wib,12,102,2.03,modeled_estimate
17906745675922616,hour_of_day_wib,13,89,1.77,modeled_estimate
17906745675922616,hour_of_day_wib,14,65,1.29,modeled_estimate
17906745675922616,hour_of_day_wib,15,57,1.13,modeled_estimate
17906745675922616,hour_of_day_wib,16,57,1.13,modeled_estimate
17906745675922616,hour_of_day_wib,17,61,1.21,modeled_estimate
17906745675922616,hour_of_day_wib,18,63,1.25,modeled_estimate
17906745675922616,hour_of_day_wib,19,68,1.35,modeled_estimate
17906745675922616,hour_of_day_wib,20,1066,21.22,modeled_estimate
17906745675922616,hour_of_day_wib,21,877,17.46,modeled_estimate
17906745675922616,hour_of_day_wib,22,629,12.52,modeled_estimate
17906745675922616,hour_of_day_wib,23,405,8.06,modeled_estimate
17906745675922616,hours_since_publish,0-1h,999,19.88,modeled_estimate
17906745675922616,hours_since_publish,1-3h,1394,27.75,modeled_estimate
17906745675922616,hours_since_publish,3-6h,742,14.77,modeled_estimate
17906745675922616,hours_since_publish,6-24h,1214,24.16,modeled_estimate
17906745675922616,hours_since_publish,24-48h,387,7.7,modeled_estimate
17906745675922616,hours_since_publish,48-72h,163,3.24,modeled_estimate
17906745675922616,hours_since_publish,72h-7d,125,2.49,modeled_estimate
17906745675922616,weekday_wib,Wednesday,2760,54.94,modeled_estimate
17906745675922616,weekday_wib,Thursday,1718,34.2,modeled_estimate
17906745675922616,weekday_wib,Friday,308,6.13,modeled_estimate
17906745675922616,weekday_wib,Saturday,135,2.69,modeled_estimate
17906745675922616,weekday_wib,Sunday,61,1.21,modeled_estimate
17906745675922616,weekday_wib,Monday,27,0.54,modeled_estimate
17906745675922616,weekday_wib,Tuesday,15,0.3,modeled_estimate
17909597409818323,hour_of_day_wib,0,376,5.11,modeled_estimate
17909597409818323,hour_of_day_wib,1,249,3.39,modeled_estimate
17909597409818323,hour_of_day_wib,2,182,2.48,modeled_estimate
17909597409818323,hour_of_day_wib,3,142,1.93,modeled_estimate
17909597409818323,hour_of_day_wib,4,135,1.84,modeled_estimate
17909597409818323,hour_of_day_wib,5,157,2.14,modeled_estimate
17909597409818323,hour_of_day_wib,6,219,2.98,modeled_estimate
17909597409818323,hour_of_day_wib,7,265,3.6,modeled_estimate
17909597409818323,hour_of_day_wib,8,251,3.41,modeled_estimate
17909597409818323,hour_of_day_wib,9,193,2.63,modeled_estimate
17909597409818323,hour_of_day_wib,10,164,2.23,modeled_estimate
17909597409818323,hour_of_day_wib,11,160,2.18,modeled_estimate
17909597409818323,hour_of_day_wib,12,187,2.54,modeled_estimate
17909597409818323,hour_of_day_wib,13,164,2.23,modeled_estimate
17909597409818323,hour_of_day_wib,14,123,1.67,modeled_estimate
17909597409818323,hour_of_day_wib,15,105,1.43,modeled_estimate
17909597409818323,hour_of_day_wib,16,103,1.4,modeled_estimate
17909597409818323,hour_of_day_wib,17,108,1.47,modeled_estimate
17909597409818323,hour_of_day_wib,18,112,1.52,modeled_estimate
17909597409818323,hour_of_day_wib,19,120,1.63,modeled_estimate
17909597409818323,hour_of_day_wib,20,1300,17.68,modeled_estimate
17909597409818323,hour_of_day_wib,21,1124,15.29,modeled_estimate
17909597409818323,hour_of_day_wib,22,845,11.5,modeled_estimate
17909597409818323,hour_of_day_wib,23,567,7.71,modeled_estimate
17909597409818323,hours_since_publish,0-1h,1185,16.12,modeled_estimate
17909597409818323,hours_since_publish,1-3h,1777,24.17,modeled_estimate
17909597409818323,hours_since_publish,3-6h,1056,14.37,modeled_estimate
17909597409818323,hours_since_publish,6-24h,2225,30.27,modeled_estimate
17909597409818323,hours_since_publish,24-48h,603,8.2,modeled_estimate
17909597409818323,hours_since_publish,48-72h,243,3.31,modeled_estimate
17909597409818323,hours_since_publish,72h-7d,262,3.56,modeled_estimate
17909597409818323,weekday_wib,Tuesday,3485,47.41,modeled_estimate
17909597409818323,weekday_wib,Wednesday,3000,40.81,modeled_estimate
17909597409818323,weekday_wib,Thursday,447,6.08,modeled_estimate
17909597409818323,weekday_wib,Friday,210,2.86,modeled_estimate
17909597409818323,weekday_wib,Saturday,112,1.52,modeled_estimate
17909597409818323,weekday_wib,Sunday,63,0.86,modeled_estimate
17909597409818323,weekday_wib,Monday,34,0.46,modeled_estimate
17901296159799218,hour_of_day_wib,0,182,1.77,modeled_estimate
17901296159799218,hour_of_day_wib,1,130,1.26,modeled_estimate
17901296159799218,hour_of_day_wib,2,101,0.98,modeled_estimate
17901296159799218,hour_of_day_wib,3,86,0.83,modeled_estimate
17901296159799218,hour_of_day_wib,4,87,0.84,modeled_estimate
17901296159799218,hour_of_day_wib,5,107,1.04,modeled_estimate
17901296159799218,hour_of_day_wib,6,160,1.55,modeled_estimate
17901296159799218,hour_of_day_wib,7,207,2.01,modeled_estimate
17901296159799218,hour_of_day_wib,8,1087,10.54,modeled_estimate
17901296159799218,hour_of_day_wib,9,835,8.1,modeled_estimate
17901296159799218,hour_of_day_wib,10,714,6.92,modeled_estimate
17901296159799218,hour_of_day_wib,11,689,6.68,modeled_estimate
17901296159799218,hour_of_day_wib,12,813,7.88,modeled_estimate
17901296159799218,hour_of_day_wib,13,708,6.87,modeled_estimate
17901296159799218,hour_of_day_wib,14,526,5.1,modeled_estimate
17901296159799218,hour_of_day_wib,15,455,4.41,modeled_estimate
17901296159799218,hour_of_day_wib,16,444,4.31,modeled_estimate
17901296159799218,hour_of_day_wib,17,459,4.45,modeled_estimate
17901296159799218,hour_of_day_wib,18,471,4.57,modeled_estimate
17901296159799218,hour_of_day_wib,19,502,4.87,modeled_estimate
17901296159799218,hour_of_day_wib,20,486,4.71,modeled_estimate
17901296159799218,hour_of_day_wib,21,448,4.34,modeled_estimate
17901296159799218,hour_of_day_wib,22,357,3.46,modeled_estimate
17901296159799218,hour_of_day_wib,23,257,2.49,modeled_estimate
17901296159799218,hours_since_publish,0-1h,883,8.56,modeled_estimate
17901296159799218,hours_since_publish,1-3h,1231,11.94,modeled_estimate
17901296159799218,hours_since_publish,3-6h,1678,16.27,modeled_estimate
17901296159799218,hours_since_publish,6-24h,3436,33.32,modeled_estimate
17901296159799218,hours_since_publish,24-48h,1218,11.81,modeled_estimate
17901296159799218,hours_since_publish,48-72h,669,6.49,modeled_estimate
17901296159799218,hours_since_publish,72h-7d,1196,11.6,modeled_estimate
17901296159799218,weekday_wib,Sunday,6725,65.22,modeled_estimate
17901296159799218,weekday_wib,Monday,1568,15.21,modeled_estimate
17901296159799218,weekday_wib,Tuesday,731,7.09,modeled_estimate
17901296159799218,weekday_wib,Wednesday,502,4.87,modeled_estimate
17901296159799218,weekday_wib,Thursday,356,3.45,modeled_estimate
17901296159799218,weekday_wib,Friday,251,2.43,modeled_estimate
17901296159799218,weekday_wib,Saturday,178,1.73,modeled_estimate
17902562330559770,hour_of_day_wib,0,572,1.89,modeled_estimate
17902562330559770,hour_of_day_wib,1,404,1.33,modeled_estimate
17902562330559770,hour_of_day_wib,2,314,1.04,modeled_estimate
17902562330559770,hour_of_day_wib,3,265,0.88,modeled_estimate
17902562330559770,hour_of_day_wib,4,269,0.89,modeled_estimate
17902562330559770,hour_of_day_wib,5,330,1.09,modeled_estimate
17902562330559770,hour_of_day_wib,6,491,1.62,modeled_estimate
17902562330559770,hour_of_day_wib,7,640,2.11,modeled_estimate
17902562330559770,hour_of_day_wib,8,647,2.14,modeled_estimate
17902562330559770,hour_of_day_wib,9,2735,9.04,modeled_estimate
17902562330559770,hour_of_day_wib,10,2331,7.7,modeled_estimate
17902562330559770,hour_of_day_wib,11,2246,7.42,modeled_estimate
17902562330559770,hour_of_day_wib,12,2642,8.73,modeled_estimate
17902562330559770,hour_of_day_wib,13,2299,7.6,modeled_estimate
17902562330559770,hour_of_day_wib,14,1701,5.62,modeled_estimate
17902562330559770,hour_of_day_wib,15,1468,4.85,modeled_estimate
17902562330559770,hour_of_day_wib,16,1432,4.73,modeled_estimate
17902562330559770,hour_of_day_wib,17,1474,4.87,modeled_estimate
17902562330559770,hour_of_day_wib,18,1504,4.97,modeled_estimate
17902562330559770,hour_of_day_wib,19,1594,5.27,modeled_estimate
17902562330559770,hour_of_day_wib,20,1545,5.11,modeled_estimate
17902562330559770,hour_of_day_wib,21,1418,4.69,modeled_estimate
17902562330559770,hour_of_day_wib,22,1133,3.74,modeled_estimate
17902562330559770,hour_of_day_wib,23,809,2.67,modeled_estimate
17902562330559770,hours_since_publish,0-1h,2224,7.35,modeled_estimate
17902562330559770,hours_since_publish,1-3h,3635,12.01,modeled_estimate
17902562330559770,hours_since_publish,3-6h,5057,16.71,modeled_estimate
17902562330559770,hours_since_publish,6-24h,10247,33.86,modeled_estimate
17902562330559770,hours_since_publish,24-48h,3586,11.85,modeled_estimate
17902562330559770,hours_since_publish,48-72h,1979,6.54,modeled_estimate
17902562330559770,hours_since_publish,72h-7d,3535,11.68,modeled_estimate
17902562330559770,weekday_wib,Friday,19274,63.69,modeled_estimate
17902562330559770,weekday_wib,Saturday,4910,16.22,modeled_estimate
17902562330559770,weekday_wib,Sunday,2212,7.31,modeled_estimate
17902562330559770,weekday_wib,Monday,1507,4.98,modeled_estimate
17902562330559770,weekday_wib,Tuesday,1068,3.53,modeled_estimate
17902562330559770,weekday_wib,Wednesday,753,2.49,modeled_estimate
17902562330559770,weekday_wib,Thursday,539,1.78,modeled_estimate
17903887245863979,hour_of_day_wib,0,16,1.29,modeled_estimate
17903887245863979,hour_of_day_wib,1,10,0.81,modeled_estimate
17903887245863979,hour_of_day_wib,2,7,0.57,modeled_estimate
17903887245863979,hour_of_day_wib,3,6,0.49,modeled_estimate
17903887245863979,hour_of_day_wib,4,5,0.4,modeled_estimate
17903887245863979,hour_of_day_wib,5,6,0.49,modeled_estimate
17903887245863979,hour_of_day_wib,6,8,0.65,modeled_estimate
17903887245863979,hour_of_day_wib,7,9,0.73,modeled_estimate
17903887245863979,hour_of_day_wib,8,10,0.81,modeled_estimate
17903887245863979,hour_of_day_wib,9,7,0.57,modeled_estimate
17903887245863979,hour_of_day_wib,10,6,0.49,modeled_estimate
17903887245863979,hour_of_day_wib,11,6,0.49,modeled_estimate
17903887245863979,hour_of_day_wib,12,239,19.32,modeled_estimate
17903887245863979,hour_of_day_wib,13,188,15.2,modeled_estimate
17903887245863979,hour_of_day_wib,14,126,10.19,modeled_estimate
17903887245863979,hour_of_day_wib,15,98,7.92,modeled_estimate
17903887245863979,hour_of_day_wib,16,87,7.03,modeled_estimate
17903887245863979,hour_of_day_wib,17,81,6.55,modeled_estimate
17903887245863979,hour_of_day_wib,18,75,6.06,modeled_estimate
17903887245863979,hour_of_day_wib,19,71,5.74,modeled_estimate
17903887245863979,hour_of_day_wib,20,62,5.01,modeled_estimate
17903887245863979,hour_of_day_wib,21,52,4.2,modeled_estimate
17903887245863979,hour_of_day_wib,22,37,2.99,modeled_estimate
17903887245863979,hour_of_day_wib,23,25,2.02,modeled_estimate
17903887245863979,hours_since_publish,0-1h,232,18.76,modeled_estimate
17903887245863979,hours_since_publish,1-3h,303,24.49,modeled_estimate
17903887245863979,hours_since_publish,3-6h,253,20.45,modeled_estimate
17903887245863979,hours_since_publish,6-24h,372,30.07,modeled_estimate
17903887245863979,hours_since_publish,24-48h,50,4.04,modeled_estimate
17903887245863979,hours_since_publish,48-72h,19,1.54,modeled_estimate
17903887245863979,hours_since_publish,72h-7d,8,0.65,modeled_estimate
17903887245863979,weekday_wib,Wednesday,1084,87.63,modeled_estimate
17903887245863979,weekday_wib,Thursday,113,9.14,modeled_estimate
17903887245863979,weekday_wib,Friday,25,2.02,modeled_estimate
17903887245863979,weekday_wib,Saturday,15,1.21,modeled_estimate
17903887245863979,weekday_wib,Sunday,0,0.0,modeled_estimate
17903887245863979,weekday_wib,Monday,0,0.0,modeled_estimate
17903887245863979,weekday_wib,Tuesday,0,0.0,modeled_estimate
17908305184474765,hour_of_day_wib,0,105,1.86,modeled_estimate
17908305184474765,hour_of_day_wib,1,72,1.28,modeled_estimate
17908305184474765,hour_of_day_wib,2,53,0.94,modeled_estimate
17908305184474765,hour_of_day_wib,3,43,0.76,modeled_estimate
17908305184474765,hour_of_day_wib,4,41,0.73,modeled_estimate
17908305184474765,hour_of_day_wib,5,50,0.89,modeled_estimate
17908305184474765,hour_of_day_wib,6,70,1.24,modeled_estimate
17908305184474765,hour_of_day_wib,7,89,1.58,modeled_estimate
17908305184474765,hour_of_day_wib,8,86,1.53,modeled_estimate
17908305184474765,hour_of_day_wib,9,68,1.21,modeled_estimate
17908305184474765,hour_of_day_wib,10,59,1.05,modeled_estimate
17908305184474765,hour_of_day_wib,11,58,1.03,modeled_estimate
17908305184474765,hour_of_day_wib,12,801,14.22,modeled_estimate
17908305184474765,hour_of_day_wib,13,671,11.91,modeled_estimate
17908305184474765,hour_of_day_wib,14,478,8.49,modeled_estimate
17908305184474765,hour_of_day_wib,15,395,7.01,modeled_estimate
17908305184474765,hour_of_day_wib,16,373,6.62,modeled_estimate
17908305184474765,hour_of_day_wib,17,369,6.55,modeled_estimate
17908305184474765,hour_of_day_wib,18,360,6.39,modeled_estimate
17908305184474765,hour_of_day_wib,19,366,6.5,modeled_estimate
17908305184474765,hour_of_day_wib,20,340,6.04,modeled_estimate
17908305184474765,hour_of_day_wib,21,299,5.31,modeled_estimate
17908305184474765,hour_of_day_wib,22,229,4.07,modeled_estimate
17908305184474765,hour_of_day_wib,23,157,2.79,modeled_estimate
17908305184474765,hours_since_publish,0-1h,730,12.96,modeled_estimate
17908305184474765,hours_since_publish,1-3h,1038,18.43,modeled_estimate
17908305184474765,hours_since_publish,3-6h,1005,17.84,modeled_estimate
17908305184474765,hours_since_publish,6-24h,2046,36.33,modeled_estimate
17908305184474765,hours_since_publish,24-48h,447,7.94,modeled_estimate
17908305184474765,hours_since_publish,48-72h,177,3.14,modeled_estimate
17908305184474765,hours_since_publish,72h-7d,189,3.36,modeled_estimate
17908305184474765,weekday_wib,Sunday,4251,75.48,modeled_estimate
17908305184474765,weekday_wib,Monday,908,16.12,modeled_estimate
17908305184474765,weekday_wib,Tuesday,230,4.08,modeled_estimate
17908305184474765,weekday_wib,Wednesday,120,2.13,modeled_estimate
17908305184474765,weekday_wib,Thursday,66,1.17,modeled_estimate
17908305184474765,weekday_wib,Friday,36,0.64,modeled_estimate
17908305184474765,weekday_wib,Saturday,21,0.37,modeled_estimate
17909171324675683,hour_of_day_wib,0,116,5.42,modeled_estimate
17909171324675683,hour_of_day_wib,1,72,3.36,modeled_estimate
17909171324675683,hour_of_day_wib,2,49,2.29,modeled_estimate
17909171324675683,hour_of_day_wib,3,37,1.73,modeled_estimate
17909171324675683,hour_of_day_wib,4,33,1.54,modeled_estimate
17909171324675683,hour_of_day_wib,5,35,1.63,modeled_estimate
17909171324675683,hour_of_day_wib,6,47,2.19,modeled_estimate
17909171324675683,hour_of_day_wib,7,55,2.57,modeled_estimate
17909171324675683,hour_of_day_wib,8,50,2.33,modeled_estimate
17909171324675683,hour_of_day_wib,9,36,1.68,modeled_estimate
17909171324675683,hour_of_day_wib,10,29,1.35,modeled_estimate
17909171324675683,hour_of_day_wib,11,27,1.26,modeled_estimate
17909171324675683,hour_of_day_wib,12,31,1.45,modeled_estimate
17909171324675683,hour_of_day_wib,13,25,1.17,modeled_estimate
17909171324675683,hour_of_day_wib,14,19,0.89,modeled_estimate
17909171324675683,hour_of_day_wib,15,15,0.7,modeled_estimate
17909171324675683,hour_of_day_wib,16,15,0.7,modeled_estimate
17909171324675683,hour_of_day_wib,17,16,0.75,modeled_estimate
17909171324675683,hour_of_day_wib,18,16,0.75,modeled_estimate
17909171324675683,hour_of_day_wib,19,16,0.75,modeled_estimate
17909171324675683,hour_of_day_wib,20,510,23.81,modeled_estimate
17909171324675683,hour_of_day_wib,21,415,19.37,modeled_estimate
17909171324675683,hour_of_day_wib,22,293,13.68,modeled_estimate
17909171324675683,hour_of_day_wib,23,185,8.64,modeled_estimate
17909171324675683,hours_since_publish,0-1h,495,23.11,modeled_estimate
17909171324675683,hours_since_publish,1-3h,683,31.89,modeled_estimate
17909171324675683,hours_since_publish,3-6h,355,16.57,modeled_estimate
17909171324675683,hours_since_publish,6-24h,467,21.8,modeled_estimate
17909171324675683,hours_since_publish,24-48h,88,4.11,modeled_estimate
17909171324675683,hours_since_publish,48-72h,33,1.54,modeled_estimate
17909171324675683,hours_since_publish,72h-7d,21,0.98,modeled_estimate
17909171324675683,weekday_wib,Saturday,1355,63.26,modeled_estimate
17909171324675683,weekday_wib,Sunday,676,31.56,modeled_estimate
17909171324675683,weekday_wib,Monday,67,3.13,modeled_estimate
17909171324675683,weekday_wib,Tuesday,27,1.26,modeled_estimate
17909171324675683,weekday_wib,Wednesday,17,0.79,modeled_estimate
17909171324675683,weekday_wib,Thursday,0,0.0,modeled_estimate
17909171324675683,weekday_wib,Friday,0,0.0,modeled_estimate
17904060326335275,hour_of_day_wib,0,76,1.89,modeled_estimate
17904060326335275,hour_of_day_wib,1,51,1.27,modeled_estimate
17904060326335275,hour_of_day_wib,2,37,0.92,modeled_estimate
17904060326335275,hour_of_day_wib,3,31,0.77,modeled_estimate
17904060326335275,hour_of_day_wib,4,30,0.74,modeled_estimate
17904060326335275,hour_of_day_wib,5,35,0.87,modeled_estimate
17904060326335275,hour_of_day_wib,6,51,1.27,modeled_estimate
17904060326335275,hour_of_day_wib,7,63,1.56,modeled_estimate
17904060326335275,hour_of_day_wib,8,62,1.54,modeled_estimate
17904060326335275,hour_of_day_wib,9,48,1.19,modeled_estimate
17904060326335275,hour_of_day_wib,10,43,1.07,modeled_estimate
17904060326335275,hour_of_day_wib,11,42,1.04,modeled_estimate
17904060326335275,hour_of_day_wib,12,573,14.21,modeled_estimate
17904060326335275,hour_of_day_wib,13,480,11.91,modeled_estimate
17904060326335275,hour_of_day_wib,14,344,8.53,modeled_estimate
17904060326335275,hour_of_day_wib,15,284,7.05,modeled_estimate
17904060326335275,hour_of_day_wib,16,266,6.6,modeled_estimate
17904060326335275,hour_of_day_wib,17,265,6.57,modeled_estimate
17904060326335275,hour_of_day_wib,18,258,6.4,modeled_estimate
17904060326335275,hour_of_day_wib,19,261,6.47,modeled_estimate
17904060326335275,hour_of_day_wib,20,243,6.03,modeled_estimate
17904060326335275,hour_of_day_wib,21,213,5.28,modeled_estimate
17904060326335275,hour_of_day_wib,22,164,4.07,modeled_estimate
17904060326335275,hour_of_day_wib,23,111,2.75,modeled_estimate
17904060326335275,hours_since_publish,0-1h,522,12.95,modeled_estimate
17904060326335275,hours_since_publish,1-3h,743,18.43,modeled_estimate
17904060326335275,hours_since_publish,3-6h,719,17.84,modeled_estimate
17904060326335275,hours_since_publish,6-24h,1465,36.34,modeled_estimate
17904060326335275,hours_since_publish,24-48h,321,7.96,modeled_estimate
17904060326335275,hours_since_publish,48-72h,128,3.18,modeled_estimate
17904060326335275,hours_since_publish,72h-7d,133,3.3,modeled_estimate
17904060326335275,weekday_wib,Wednesday,3040,75.42,modeled_estimate
17904060326335275,weekday_wib,Thursday,651,16.15,modeled_estimate
17904060326335275,weekday_wib,Friday,166,4.12,modeled_estimate
17904060326335275,weekday_wib,Saturday,87,2.16,modeled_estimate
17904060326335275,weekday_wib,Sunday,45,1.12,modeled_estimate
17904060326335275,weekday_wib,Monday,24,0.6,modeled_estimate
17904060326335275,weekday_wib,Tuesday,18,0.45,modeled_estimate
17902418134265098,hour_of_day_wib,0,3263,1.95,modeled_estimate
17902418134265098,hour_of_day_wib,1,2342,1.4,modeled_estimate
17902418134265098,hour_of_day_wib,2,1846,1.1,modeled_estimate
17902418134265098,hour_of_day_wib,3,1581,0.94,modeled_estimate
17902418134265098,hour_of_day_wib,4,1616,0.96,modeled_estimate
17902418134265098,hour_of_day_wib,5,2005,1.2,modeled_estimate
17902418134265098,hour_of_day_wib,6,3015,1.8,modeled_estimate
17902418134265098,hour_of_day_wib,7,3963,2.36,modeled_estimate
17902418134265098,hour_of_day_wib,8,16238,9.69,modeled_estimate
17902418134265098,hour_of_day_wib,9,12611,7.52,modeled_estimate
17902418134265098,hour_of_day_wib,10,10874,6.49,modeled_estimate
17902418134265098,hour_of_day_wib,11,10616,6.33,modeled_estimate
17902418134265098,hour_of_day_wib,12,12657,7.55,modeled_estimate
17902418134265098,hour_of_day_wib,13,11166,6.66,modeled_estimate
17902418134265098,hour_of_day_wib,14,8376,5.0,modeled_estimate
17902418134265098,hour_of_day_wib,15,7331,4.37,modeled_estimate
17902418134265098,hour_of_day_wib,16,7263,4.33,modeled_estimate
17902418134265098,hour_of_day_wib,17,7593,4.53,modeled_estimate
17902418134265098,hour_of_day_wib,18,7875,4.7,modeled_estimate
17902418134265098,hour_of_day_wib,19,8470,5.05,modeled_estimate
17902418134265098,hour_of_day_wib,20,8327,4.97,modeled_estimate
17902418134265098,hour_of_day_wib,21,7756,4.63,modeled_estimate
17902418134265098,hour_of_day_wib,22,6285,3.75,modeled_estimate
17902418134265098,hour_of_day_wib,23,4559,2.72,modeled_estimate
17902418134265098,hours_since_publish,0-1h,12334,7.36,modeled_estimate
17902418134265098,hours_since_publish,1-3h,17315,10.33,modeled_estimate
17902418134265098,hours_since_publish,3-6h,23960,14.29,modeled_estimate
17902418134265098,hours_since_publish,6-24h,52365,31.24,modeled_estimate
17902418134265098,hours_since_publish,24-48h,23072,13.76,modeled_estimate
17902418134265098,hours_since_publish,48-72h,13780,8.22,modeled_estimate
17902418134265098,hours_since_publish,72h-7d,24802,14.8,modeled_estimate
17902418134265098,weekday_wib,Tuesday,97736,58.31,modeled_estimate
17902418134265098,weekday_wib,Wednesday,28236,16.84,modeled_estimate
17902418134265098,weekday_wib,Thursday,14984,8.94,modeled_estimate
17902418134265098,weekday_wib,Friday,10385,6.2,modeled_estimate
17902418134265098,weekday_wib,Saturday,7359,4.39,modeled_estimate
17902418134265098,weekday_wib,Sunday,5221,3.11,modeled_estimate
17902418134265098,weekday_wib,Monday,3707,2.21,modeled_estimate
17904387674666942,hour_of_day_wib,0,71,4.22,modeled_estimate
17904387674666942,hour_of_day_wib,1,45,2.67,modeled_estimate
17904387674666942,hour_of_day_wib,2,31,1.84,modeled_estimate
17904387674666942,hour_of_day_wib,3,23,1.37,modeled_estimate
17904387674666942,hour_of_day_wib,4,21,1.25,modeled_estimate
17904387674666942,hour_of_day_wib,5,22,1.31,modeled_estimate
17904387674666942,hour_of_day_wib,6,29,1.72,modeled_estimate
17904387674666942,hour_of_day_wib,7,35,2.08,modeled_estimate
17904387674666942,hour_of_day_wib,8,32,1.9,modeled_estimate
17904387674666942,hour_of_day_wib,9,22,1.31,modeled_estimate
17904387674666942,hour_of_day_wib,10,19,1.13,modeled_estimate
17904387674666942,hour_of_day_wib,11,17,1.01,modeled_estimate
17904387674666942,hour_of_day_wib,12,21,1.25,modeled_estimate
17904387674666942,hour_of_day_wib,13,17,1.01,modeled_estimate
17904387674666942,hour_of_day_wib,14,12,0.71,modeled_estimate
17904387674666942,hour_of_day_wib,15,11,0.65,modeled_estimate
17904387674666942,hour_of_day_wib,16,10,0.59,modeled_estimate
17904387674666942,hour_of_day_wib,17,10,0.59,modeled_estimate
17904387674666942,hour_of_day_wib,18,10,0.59,modeled_estimate
17904387674666942,hour_of_day_wib,19,363,21.56,modeled_estimate
17904387674666942,hour_of_day_wib,20,313,18.59,modeled_estimate
17904387674666942,hour_of_day_wib,21,254,15.08,modeled_estimate
17904387674666942,hour_of_day_wib,22,181,10.75,modeled_estimate
17904387674666942,hour_of_day_wib,23,115,6.83,modeled_estimate
17904387674666942,hours_since_publish,0-1h,353,20.96,modeled_estimate
17904387674666942,hours_since_publish,1-3h,547,32.48,modeled_estimate
17904387674666942,hours_since_publish,3-6h,349,20.72,modeled_estimate
17904387674666942,hours_since_publish,6-24h,330,19.6,modeled_estimate
17904387674666942,hours_since_publish,24-48h,67,3.98,modeled_estimate
17904387674666942,hours_since_publish,48-72h,28,1.66,modeled_estimate
17904387674666942,hours_since_publish,72h-7d,10,0.59,modeled_estimate
17904387674666942,weekday_wib,Saturday,1182,70.19,modeled_estimate
17904387674666942,weekday_wib,Sunday,426,25.3,modeled_estimate
17904387674666942,weekday_wib,Monday,47,2.79,modeled_estimate
17904387674666942,weekday_wib,Tuesday,24,1.43,modeled_estimate
17904387674666942,weekday_wib,Wednesday,5,0.3,modeled_estimate
17904387674666942,weekday_wib,Thursday,0,0.0,modeled_estimate
17904387674666942,weekday_wib,Friday,0,0.0,modeled_estimate
17907442398233179,hour_of_day_wib,0,186,5.1,modeled_estimate
17907442398233179,hour_of_day_wib,1,124,3.4,modeled_estimate
17907442398233179,hour_of_day_wib,2,90,2.47,modeled_estimate
17907442398233179,hour_of_day_wib,3,71,1.95,modeled_estimate
17907442398233179,hour_of_day_wib,4,67,1.84,modeled_estimate
17907442398233179,hour_of_day_wib,5,78,2.14,modeled_estimate
17907442398233179,hour_of_day_wib,6,107,2.93,modeled_estimate
17907442398233179,hour_of_day_wib,7,132,3.62,modeled_estimate
17907442398233179,hour_of_day_wib,8,125,3.43,modeled_estimate
17907442398233179,hour_of_day_wib,9,96,2.63,modeled_estimate
17907442398233179,hour_of_day_wib,10,81,2.22,modeled_estimate
17907442398233179,hour_of_day_wib,11,80,2.19,modeled_estimate
17907442398233179,hour_of_day_wib,12,94,2.58,modeled_estimate
17907442398233179,hour_of_day_wib,13,82,2.25,modeled_estimate
17907442398233179,hour_of_day_wib,14,60,1.65,modeled_estimate
17907442398233179,hour_of_day_wib,15,52,1.43,modeled_estimate
17907442398233179,hour_of_day_wib,16,51,1.4,modeled_estimate
17907442398233179,hour_of_day_wib,17,53,1.45,modeled_estimate
17907442398233179,hour_of_day_wib,18,55,1.51,modeled_estimate
17907442398233179,hour_of_day_wib,19,59,1.62,modeled_estimate
17907442398233179,hour_of_day_wib,20,645,17.69,modeled_estimate
17907442398233179,hour_of_day_wib,21,558,15.3,modeled_estimate
17907442398233179,hour_of_day_wib,22,419,11.49,modeled_estimate
17907442398233179,hour_of_day_wib,23,282,7.73,modeled_estimate
17907442398233179,hours_since_publish,0-1h,588,16.12,modeled_estimate
17907442398233179,hours_since_publish,1-3h,882,24.18,modeled_estimate
17907442398233179,hours_since_publish,3-6h,524,14.37,modeled_estimate
17907442398233179,hours_since_publish,6-24h,1104,30.27,modeled_estimate
17907442398233179,hours_since_publish,24-48h,303,8.31,modeled_estimate
17907442398233179,hours_since_publish,48-72h,118,3.24,modeled_estimate
17907442398233179,hours_since_publish,72h-7d,128,3.51,modeled_estimate
17907442398233179,weekday_wib,Friday,1726,47.33,modeled_estimate
17907442398233179,weekday_wib,Saturday,1489,40.83,modeled_estimate
17907442398233179,weekday_wib,Sunday,225,6.17,modeled_estimate
17907442398233179,weekday_wib,Monday,101,2.77,modeled_estimate
17907442398233179,weekday_wib,Tuesday,55,1.51,modeled_estimate
17907442398233179,weekday_wib,Wednesday,31,0.85,modeled_estimate
17907442398233179,weekday_wib,Thursday,20,0.55,modeled_estimate
17902701623909724,hour_of_day_wib,0,146,4.24,modeled_estimate
17902701623909724,hour_of_day_wib,1,91,2.65,modeled_estimate
17902701623909724,hour_of_day_wib,2,63,1.83,modeled_estimate
17902701623909724,hour_of_day_wib,3,46,1.34,modeled_estimate
17902701623909724,hour_of_day_wib,4,41,1.19,modeled_estimate
17902701623909724,hour_of_day_wib,5,46,1.34,modeled_estimate
17902701623909724,hour_of_day_wib,6,61,1.77,modeled_estimate
17902701623909724,hour_of_day_wib,7,70,2.03,modeled_estimate
17902701623909724,hour_of_day_wib,8,64,1.86,modeled_estimate
17902701623909724,hour_of_day_wib,9,46,1.34,modeled_estimate
17902701623909724,hour_of_day_wib,10,39,1.13,modeled_estimate
17902701623909724,hour_of_day_wib,11,36,1.05,modeled_estimate
17902701623909724,hour_of_day_wib,12,40,1.16,modeled_estimate
17902701623909724,hour_of_day_wib,13,35,1.02,modeled_estimate
17902701623909724,hour_of_day_wib,14,26,0.76,modeled_estimate
17902701623909724,hour_of_day_wib,15,21,0.61,modeled_estimate
17902701623909724,hour_of_day_wib,16,21,0.61,modeled_estimate
17902701623909724,hour_of_day_wib,17,22,0.64,modeled_estimate
17902701623909724,hour_of_day_wib,18,22,0.64,modeled_estimate
17902701623909724,hour_of_day_wib,19,742,21.57,modeled_estimate
17902701623909724,hour_of_day_wib,20,639,18.58,modeled_estimate
17902701623909724,hour_of_day_wib,21,521,15.15,modeled_estimate
17902701623909724,hour_of_day_wib,22,368,10.7,modeled_estimate
17902701623909724,hour_of_day_wib,23,234,6.8,modeled_estimate
17902701623909724,hours_since_publish,0-1h,720,20.93,modeled_estimate
17902701623909724,hours_since_publish,1-3h,1119,32.53,modeled_estimate
17902701623909724,hours_since_publish,3-6h,712,20.7,modeled_estimate
17902701623909724,hours_since_publish,6-24h,674,19.59,modeled_estimate
17902701623909724,hours_since_publish,24-48h,132,3.84,modeled_estimate
17902701623909724,hours_since_publish,48-72h,50,1.45,modeled_estimate
17902701623909724,hours_since_publish,72h-7d,33,0.96,modeled_estimate
17902701623909724,weekday_wib,Wednesday,2413,70.15,modeled_estimate
17902701623909724,weekday_wib,Thursday,871,25.32,modeled_estimate
17902701623909724,weekday_wib,Friday,91,2.65,modeled_estimate
17902701623909724,weekday_wib,Saturday,41,1.19,modeled_estimate
17902701623909724,weekday_wib,Sunday,22,0.64,modeled_estimate
17902701623909724,weekday_wib,Monday,2,0.06,modeled_estimate
17902701623909724,weekday_wib,Tuesday,0,0.0,modeled_estimate
17903562482994432,hour_of_day_wib,0,338,5.11,modeled_estimate
17903562482994432,hour_of_day_wib,1,224,3.39,modeled_estimate
17903562482994432,hour_of_day_wib,2,163,2.46,modeled_estimate
17903562482994432,hour_of_day_wib,3,129,1.95,modeled_estimate
17903562482994432,hour_of_day_wib,4,121,1.83,modeled_estimate
17903562482994432,hour_of_day_wib,5,139,2.1,modeled_estimate
17903562482994432,hour_of_day_wib,6,195,2.95,modeled_estimate
17903562482994432,hour_of_day_wib,7,239,3.61,modeled_estimate
17903562482994432,hour_of_day_wib,8,227,3.43,modeled_estimate
17903562482994432,hour_of_day_wib,9,174,2.63,modeled_estimate
17903562482994432,hour_of_day_wib,10,147,2.22,modeled_estimate
17903562482994432,hour_of_day_wib,11,143,2.16,modeled_estimate
17903562482994432,hour_of_day_wib,12,170,2.57,modeled_estimate
17903562482994432,hour_of_day_wib,13,148,2.24,modeled_estimate
17903562482994432,hour_of_day_wib,14,110,1.66,modeled_estimate
17903562482994432,hour_of_day_wib,15,95,1.44,modeled_estimate
17903562482994432,hour_of_day_wib,16,94,1.42,modeled_estimate
17903562482994432,hour_of_day_wib,17,97,1.47,modeled_estimate
17903562482994432,hour_of_day_wib,18,101,1.53,modeled_estimate
17903562482994432,hour_of_day_wib,19,108,1.63,modeled_estimate
17903562482994432,hour_of_day_wib,20,1171,17.7,modeled_estimate
17903562482994432,hour_of_day_wib,21,1012,15.3,modeled_estimate
17903562482994432,hour_of_day_wib,22,759,11.47,modeled_estimate
17903562482994432,hour_of_day_wib,23,511,7.72,modeled_estimate
17903562482994432,hours_since_publish,0-1h,1067,16.13,modeled_estimate
17903562482994432,hours_since_publish,1-3h,1599,24.17,modeled_estimate
17903562482994432,hours_since_publish,3-6h,950,14.36,modeled_estimate
17903562482994432,hours_since_publish,6-24h,2003,30.28,modeled_estimate
17903562482994432,hours_since_publish,24-48h,545,8.24,modeled_estimate
17903562482994432,hours_since_publish,48-72h,219,3.31,modeled_estimate
17903562482994432,hours_since_publish,72h-7d,232,3.51,modeled_estimate
17903562482994432,weekday_wib,Monday,3136,47.41,modeled_estimate
17903562482994432,weekday_wib,Tuesday,2701,40.83,modeled_estimate
17903562482994432,weekday_wib,Wednesday,405,6.12,modeled_estimate
17903562482994432,weekday_wib,Thursday,189,2.86,modeled_estimate
17903562482994432,weekday_wib,Friday,100,1.51,modeled_estimate
17903562482994432,weekday_wib,Saturday,53,0.8,modeled_estimate
17903562482994432,weekday_wib,Sunday,31,0.47,modeled_estimate
17902209188844506,hour_of_day_wib,0,381,1.88,modeled_estimate
17902209188844506,hour_of_day_wib,1,271,1.34,modeled_estimate
17902209188844506,hour_of_day_wib,2,211,1.04,modeled_estimate
17902209188844506,hour_of_day_wib,3,179,0.89,modeled_estimate
17902209188844506,hour_of_day_wib,4,179,0.89,modeled_estimate
17902209188844506,hour_of_day_wib,5,221,1.09,modeled_estimate
17902209188844506,hour_of_day_wib,6,329,1.63,modeled_estimate
17902209188844506,hour_of_day_wib,7,426,2.11,modeled_estimate
17902209188844506,hour_of_day_wib,8,431,2.13,modeled_estimate
17902209188844506,hour_of_day_wib,9,1828,9.04,modeled_estimate
17902209188844506,hour_of_day_wib,10,1556,7.7,modeled_estimate
17902209188844506,hour_of_day_wib,11,1499,7.42,modeled_estimate
17902209188844506,hour_of_day_wib,12,1764,8.73,modeled_estimate
17902209188844506,hour_of_day_wib,13,1536,7.6,modeled_estimate
17902209188844506,hour_of_day_wib,14,1134,5.61,modeled_estimate
17902209188844506,hour_of_day_wib,15,980,4.85,modeled_estimate
17902209188844506,hour_of_day_wib,16,956,4.73,modeled_estimate
17902209188844506,hour_of_day_wib,17,984,4.87,modeled_estimate
17902209188844506,hour_of_day_wib,18,1006,4.98,modeled_estimate
17902209188844506,hour_of_day_wib,19,1066,5.27,modeled_estimate
17902209188844506,hour_of_day_wib,20,1032,5.11,modeled_estimate
17902209188844506,hour_of_day_wib,21,946,4.68,modeled_estimate
17902209188844506,hour_of_day_wib,22,756,3.74,modeled_estimate
17902209188844506,hour_of_day_wib,23,542,2.68,modeled_estimate
17902209188844506,hours_since_publish,0-1h,1486,7.35,modeled_estimate
17902209188844506,hours_since_publish,1-3h,2427,12.01,modeled_estimate
17902209188844506,hours_since_publish,3-6h,3377,16.71,modeled_estimate
17902209188844506,hours_since_publish,6-24h,6845,33.86,modeled_estimate
17902209188844506,hours_since_publish,24-48h,2399,11.87,modeled_estimate
17902209188844506,hours_since_publish,48-72h,1319,6.53,modeled_estimate
17902209188844506,hours_since_publish,72h-7d,2360,11.68,modeled_estimate
17902209188844506,weekday_wib,Friday,12872,63.68,modeled_estimate
17902209188844506,weekday_wib,Saturday,3283,16.24,modeled_estimate
17902209188844506,weekday_wib,Sunday,1477,7.31,modeled_estimate
17902209188844506,weekday_wib,Monday,1003,4.96,modeled_estimate
17902209188844506,weekday_wib,Tuesday,712,3.52,modeled_estimate
17902209188844506,weekday_wib,Wednesday,506,2.5,modeled_estimate
17902209188844506,weekday_wib,Thursday,360,1.78,modeled_estimate
17903086350274091,hour_of_day_wib,0,172,5.1,modeled_estimate
17903086350274091,hour_of_day_wib,1,115,3.41,modeled_estimate
17903086350274091,hour_of_day_wib,2,82,2.43,modeled_estimate
17903086350274091,hour_of_day_wib,3,66,1.96,modeled_estimate
17903086350274091,hour_of_day_wib,4,62,1.84,modeled_estimate
17903086350274091,hour_of_day_wib,5,71,2.1,modeled_estimate
17903086350274091,hour_of_day_wib,6,99,2.93,modeled_estimate
17903086350274091,hour_of_day_wib,7,123,3.65,modeled_estimate
17903086350274091,hour_of_day_wib,8,116,3.44,modeled_estimate
17903086350274091,hour_of_day_wib,9,88,2.61,modeled_estimate
17903086350274091,hour_of_day_wib,10,75,2.22,modeled_estimate
17903086350274091,hour_of_day_wib,11,72,2.13,modeled_estimate
17903086350274091,hour_of_day_wib,12,87,2.58,modeled_estimate
17903086350274091,hour_of_day_wib,13,76,2.25,modeled_estimate
17903086350274091,hour_of_day_wib,14,56,1.66,modeled_estimate
17903086350274091,hour_of_day_wib,15,49,1.45,modeled_estimate
17903086350274091,hour_of_day_wib,16,47,1.39,modeled_estimate
17903086350274091,hour_of_day_wib,17,49,1.45,modeled_estimate
17903086350274091,hour_of_day_wib,18,50,1.48,modeled_estimate
17903086350274091,hour_of_day_wib,19,55,1.63,modeled_estimate
17903086350274091,hour_of_day_wib,20,598,17.72,modeled_estimate
17903086350274091,hour_of_day_wib,21,516,15.29,modeled_estimate
17903086350274091,hour_of_day_wib,22,388,11.5,modeled_estimate
17903086350274091,hour_of_day_wib,23,262,7.77,modeled_estimate
17903086350274091,hours_since_publish,0-1h,544,16.12,modeled_estimate
17903086350274091,hours_since_publish,1-3h,815,24.16,modeled_estimate
17903086350274091,hours_since_publish,3-6h,484,14.34,modeled_estimate
17903086350274091,hours_since_publish,6-24h,1023,30.32,modeled_estimate
17903086350274091,hours_since_publish,24-48h,277,8.21,modeled_estimate
17903086350274091,hours_since_publish,48-72h,111,3.29,modeled_estimate
17903086350274091,hours_since_publish,72h-7d,120,3.56,modeled_estimate
17903086350274091,weekday_wib,Wednesday,1594,47.24,modeled_estimate
17903086350274091,weekday_wib,Thursday,1379,40.87,modeled_estimate
17903086350274091,weekday_wib,Friday,206,6.11,modeled_estimate
17903086350274091,weekday_wib,Saturday,95,2.82,modeled_estimate
17903086350274091,weekday_wib,Sunday,51,1.51,modeled_estimate
17903086350274091,weekday_wib,Monday,29,0.86,modeled_estimate
17903086350274091,weekday_wib,Tuesday,20,0.59,modeled_estimate
17901372461039642,hour_of_day_wib,0,720,4.06,modeled_estimate
17901372461039642,hour_of_day_wib,1,494,2.78,modeled_estimate
17901372461039642,hour_of_day_wib,2,373,2.1,modeled_estimate
17901372461039642,hour_of_day_wib,3,306,1.72,modeled_estimate
17901372461039642,hour_of_day_wib,4,299,1.68,modeled_estimate
17901372461039642,hour_of_day_wib,5,358,2.02,modeled_estimate
17901372461039642,hour_of_day_wib,6,518,2.92,modeled_estimate
17901372461039642,hour_of_day_wib,7,655,3.69,modeled_estimate
17901372461039642,hour_of_day_wib,8,645,3.63,modeled_estimate
17901372461039642,hour_of_day_wib,9,516,2.91,modeled_estimate
17901372461039642,hour_of_day_wib,10,456,2.57,modeled_estimate
17901372461039642,hour_of_day_wib,11,457,2.57,modeled_estimate
17901372461039642,hour_of_day_wib,12,560,3.15,modeled_estimate
17901372461039642,hour_of_day_wib,13,508,2.86,modeled_estimate
17901372461039642,hour_of_day_wib,14,391,2.2,modeled_estimate
17901372461039642,hour_of_day_wib,15,352,1.98,modeled_estimate
17901372461039642,hour_of_day_wib,16,357,2.01,modeled_estimate
17901372461039642,hour_of_day_wib,17,383,2.16,modeled_estimate
17901372461039642,hour_of_day_wib,18,406,2.29,modeled_estimate
17901372461039642,hour_of_day_wib,19,2314,13.03,modeled_estimate
17901372461039642,hour_of_day_wib,20,2181,12.28,modeled_estimate
17901372461039642,hour_of_day_wib,21,1947,10.97,modeled_estimate
17901372461039642,hour_of_day_wib,22,1509,8.5,modeled_estimate
17901372461039642,hour_of_day_wib,23,1050,5.91,modeled_estimate
17901372461039642,hours_since_publish,0-1h,1880,10.59,modeled_estimate
17901372461039642,hours_since_publish,1-3h,3279,18.47,modeled_estimate
17901372461039642,hours_since_publish,3-6h,2501,14.09,modeled_estimate
17901372461039642,hours_since_publish,6-24h,4725,26.61,modeled_estimate
17901372461039642,hours_since_publish,24-48h,2114,11.91,modeled_estimate
17901372461039642,hours_since_publish,48-72h,1169,6.58,modeled_estimate
17901372461039642,hours_since_publish,72h-7d,2087,11.75,modeled_estimate
17901372461039642,weekday_wib,Tuesday,7324,41.25,modeled_estimate
17901372461039642,weekday_wib,Wednesday,6092,34.31,modeled_estimate
17901372461039642,weekday_wib,Thursday,1661,9.36,modeled_estimate
17901372461039642,weekday_wib,Friday,1048,5.9,modeled_estimate
17901372461039642,weekday_wib,Saturday,737,4.15,modeled_estimate
17901372461039642,weekday_wib,Sunday,521,2.93,modeled_estimate
17901372461039642,weekday_wib,Monday,372,2.1,modeled_estimate
17908775681335588,hour_of_day_wib,0,260,1.76,modeled_estimate
17908775681335588,hour_of_day_wib,1,185,1.25,modeled_estimate
17908775681335588,hour_of_day_wib,2,145,0.98,modeled_estimate
17908775681335588,hour_of_day_wib,3,123,0.83,modeled_estimate
17908775681335588,hour_of_day_wib,4,124,0.84,modeled_estimate
17908775681335588,hour_of_day_wib,5,152,1.03,modeled_estimate
17908775681335588,hour_of_day_wib,6,228,1.54,modeled_estimate
17908775681335588,hour_of_day_wib,7,296,2.0,modeled_estimate
17908775681335588,hour_of_day_wib,8,1555,10.53,modeled_estimate
17908775681335588,hour_of_day_wib,9,1199,8.12,modeled_estimate
17908775681335588,hour_of_day_wib,10,1022,6.92,modeled_estimate
17908775681335588,hour_of_day_wib,11,987,6.68,modeled_estimate
17908775681335588,hour_of_day_wib,12,1164,7.88,modeled_estimate
17908775681335588,hour_of_day_wib,13,1016,6.88,modeled_estimate
17908775681335588,hour_of_day_wib,14,753,5.1,modeled_estimate
17908775681335588,hour_of_day_wib,15,651,4.41,modeled_estimate
17908775681335588,hour_of_day_wib,16,637,4.31,modeled_estimate
17908775681335588,hour_of_day_wib,17,658,4.45,modeled_estimate
17908775681335588,hour_of_day_wib,18,675,4.57,modeled_estimate
17908775681335588,hour_of_day_wib,19,717,4.85,modeled_estimate
17908775681335588,hour_of_day_wib,20,698,4.73,modeled_estimate
17908775681335588,hour_of_day_wib,21,641,4.34,modeled_estimate
17908775681335588,hour_of_day_wib,22,514,3.48,modeled_estimate
17908775681335588,hour_of_day_wib,23,370,2.51,modeled_estimate
17908775681335588,hours_since_publish,0-1h,1265,8.56,modeled_estimate
17908775681335588,hours_since_publish,1-3h,1764,11.94,modeled_estimate
17908775681335588,hours_since_publish,3-6h,2404,16.28,modeled_estimate
17908775681335588,hours_since_publish,6-24h,4921,33.32,modeled_estimate
17908775681335588,hours_since_publish,24-48h,1744,11.81,modeled_estimate
17908775681335588,hours_since_publish,48-72h,957,6.48,modeled_estimate
17908775681335588,hours_since_publish,72h-7d,1715,11.61,modeled_estimate
17908775681335588,weekday_wib,Saturday,9634,65.23,modeled_estimate
17908775681335588,weekday_wib,Sunday,2245,15.2,modeled_estimate
17908775681335588,weekday_wib,Monday,1048,7.1,modeled_estimate
17908775681335588,weekday_wib,Tuesday,717,4.85,modeled_estimate
17908775681335588,weekday_wib,Wednesday,508,3.44,modeled_estimate
17908775681335588,weekday_wib,Thursday,361,2.44,modeled_estimate
17908775681335588,weekday_wib,Friday,257,1.74,modeled_estimate
17901551251058872,hour_of_day_wib,0,366,1.76,modeled_estimate
17901551251058872,hour_of_day_wib,1,262,1.26,modeled_estimate
17901551251058872,hour_of_day_wib,2,204,0.98,modeled_estimate
17901551251058872,hour_of_day_wib,3,173,0.83,modeled_estimate
17901551251058872,hour_of_day_wib,4,174,0.84,modeled_estimate
17901551251058872,hour_of_day_wib,5,215,1.03,modeled_estimate
17901551251058872,hour_of_day_wib,6,321,1.54,modeled_estimate
17901551251058872,hour_of_day_wib,7,418,2.01,modeled_estimate
17901551251058872,hour_of_day_wib,8,2195,10.54,modeled_estimate
17901551251058872,hour_of_day_wib,9,1688,8.1,modeled_estimate
17901551251058872,hour_of_day_wib,10,1441,6.92,modeled_estimate
17901551251058872,hour_of_day_wib,11,1393,6.69,modeled_estimate
17901551251058872,hour_of_day_wib,12,1643,7.89,modeled_estimate
17901551251058872,hour_of_day_wib,13,1432,6.88,modeled_estimate
17901551251058872,hour_of_day_wib,14,1062,5.1,modeled_estimate
17901551251058872,hour_of_day_wib,15,919,4.41,modeled_estimate
17901551251058872,hour_of_day_wib,16,899,4.32,modeled_estimate
17901551251058872,hour_of_day_wib,17,929,4.46,modeled_estimate
17901551251058872,hour_of_day_wib,18,952,4.57,modeled_estimate
17901551251058872,hour_of_day_wib,19,1011,4.85,modeled_estimate
17901551251058872,hour_of_day_wib,20,983,4.72,modeled_estimate
17901551251058872,hour_of_day_wib,21,904,4.34,modeled_estimate
17901551251058872,hour_of_day_wib,22,725,3.48,modeled_estimate
17901551251058872,hour_of_day_wib,23,520,2.5,modeled_estimate
17901551251058872,hours_since_publish,0-1h,1784,8.56,modeled_estimate
17901551251058872,hours_since_publish,1-3h,2487,11.94,modeled_estimate
17901551251058872,hours_since_publish,3-6h,3390,16.28,modeled_estimate
17901551251058872,hours_since_publish,6-24h,6938,33.31,modeled_estimate
17901551251058872,hours_since_publish,24-48h,2463,11.82,modeled_estimate
17901551251058872,hours_since_publish,48-72h,1351,6.49,modeled_estimate
17901551251058872,hours_since_publish,72h-7d,2416,11.6,modeled_estimate
17901551251058872,weekday_wib,Thursday,13584,65.22,modeled_estimate
17901551251058872,weekday_wib,Friday,3167,15.2,modeled_estimate
17901551251058872,weekday_wib,Saturday,1480,7.11,modeled_estimate
17901551251058872,weekday_wib,Sunday,1013,4.86,modeled_estimate
17901551251058872,weekday_wib,Monday,716,3.44,modeled_estimate
17901551251058872,weekday_wib,Tuesday,508,2.44,modeled_estimate
17901551251058872,weekday_wib,Wednesday,361,1.73,modeled_estimate
