id,timestamp,media_type,media_product_type,content_pillar,permalink,caption,reach,views,likes,comments,shares,saved,total_interactions,follows,profile_visits,ig_reels_avg_watch_time,ig_reels_video_view_total_time,engagement_rate_by_reach_pct,reels_skip_rate
17902428608945110,2026-09-27T01:56:59+0000,VIDEO,REELS,picker_stories,https://www.instagram.com/reel/ozIYwzFjUB4/,Voices from the hub: why fair pay changes everything. #fairtrade #community,9805,16492,607,21,226,63,917,,,8887,146564404,9.35,28.5
17901977490176261,2026-09-24T02:54:46+0000,CAROUSEL_ALBUM,FEED,loop_tote,https://www.instagram.com/p/t71KdeGxDmV/,Scan the QR on your tote to see where your 14 bottles came from. #traceability #LoopTote,7905,9530,269,11,47,368,695,27,157,,,8.79,
17908880999865633,2026-09-23T02:13:27+0000,VIDEO,REELS,loop_tote,https://www.instagram.com/reel/D5DgLdbgwHC/,"The Loop Tote just passed 10,000 bags sold 🎉 Thank you! #LoopTote #milestone",9452,14828,592,24,241,161,1018,,,6119,90732532,10.77,38.7
17902500451939084,2026-09-21T02:15:25+0000,IMAGE,FEED,behind_the_scenes,https://www.instagram.com/p/pa-7tgg0ClJ/,Visit day: students tour our Bandung plant. #education #greenschool,1922,2205,70,2,4,10,86,3,45,,,4.47,
17903369297646473,2026-09-19T02:46:54+0000,VIDEO,REELS,picker_stories,https://www.instagram.com/reel/DeAohiy13zf/,"Meet Pak Asep: 12 years collecting, now a hub team leader. #wastepickers #inspiration",4402,5837,198,11,131,70,410,,,4108,23978396,9.31,51.8
17906998254854499,2026-09-17T02:22:22+0000,CAROUSEL_ALBUM,FEED,education,https://www.instagram.com/p/ZsP3y_w8mtZ/,Myth vs fact: is recycled plastic safe for packaging? #recycledplastic #FAQ,3575,4067,157,7,23,119,306,10,37,,,8.56,
17909503295997091,2026-09-15T12:43:42+0000,IMAGE,FEED,loop_tote,https://www.instagram.com/p/dgTzoUoJmrk/,Unboxing the Loop Tote gift set 🎁 #LoopTote #giftideas,1373,1538,47,1,6,18,72,3,43,,,5.24,
17905224068300707,2026-09-13T05:36:37+0000,IMAGE,FEED,behind_the_scenes,https://www.instagram.com/p/QI0rWSEoD8l/,"We're hiring: hub operations supervisor, West Java. #hiring #greenjobs",1157,1291,46,1,2,13,62,3,25,,,5.36,
17905447142028772,2026-09-11T13:27:24+0000,CAROUSEL_ALBUM,FEED,process_impact,https://www.instagram.com/p/0h6WVMWQshv/,The numbers behind 1 tonne of recycled PET. #impactdata #sustainability,10556,13226,550,15,43,211,819,24,246,,,7.76,
17902783331106906,2026-09-09T01:50:54+0000,VIDEO,REELS,picker_stories,https://www.instagram.com/reel/_U43Vd4ZGcu/,A day at Hub 3 in Tasikmalaya. #hublife #wastepickers,11093,23226,449,17,203,109,778,,,7369,171152394,7.01,33.1
17905854025471212,2026-09-07T12:52:39+0000,CAROUSEL_ALBUM,FEED,loop_tote,https://www.instagram.com/p/0qchmsSstf_/,"Loop Tote care guide: wash, dry, repeat. #LoopTote #care",3279,3694,151,6,25,165,347,14,115,,,10.58,
17908838279664940,2026-09-05T05:33:39+0000,CAROUSEL_ALBUM,FEED,b2b_partners,https://www.instagram.com/p/jmledSFy6QA/,What FMCG brands ask us most about recycled content. #recycledcontent #packaging,4419,5571,211,7,42,125,385,20,120,,,8.71,
17906745675922616,2026-09-02T13:33:27+0000,IMAGE,FEED,behind_the_scenes,https://www.instagram.com/p/juy8dUK5PlU/,Community clean-up day along the Cikapundung river. #cleanup #bandung,4117,5024,188,6,20,54,268,7,117,,,6.51,
17909597409818323,2026-09-01T13:50:23+0000,CAROUSEL_ALBUM,FEED,process_impact,https://www.instagram.com/p/23vVAiG_q4D/,Pickers' children scholarship fund: 2026 update. #education #impact,5885,7351,270,11,41,232,554,24,153,,,9.41,
17901296159799218,2026-08-30T01:04:49+0000,VIDEO,REELS,process_impact,https://www.instagram.com/reel/VbAJx0M5OHF/,Pelletising explained: from washed flake to resin pellet. #recycledresin #manufacturing,7413,10311,455,20,173,55,703,,,7232,74569152,9.48,33.9
17902562330559770,2026-08-28T02:06:31+0000,VIDEO,REELS,loop_tote,https://www.instagram.com/reel/RZVl8WhmWVu/,Loop Tote x local batik artist: limited edition drop 🎨 #LoopTote #batik #limitededition,20392,30263,883,37,420,396,1736,,,3975,120295425,8.51,53.0
17903887245863979,2026-08-26T05:52:52+0000,IMAGE,FEED,behind_the_scenes,https://www.instagram.com/p/zztnHSAbiU5/,"Team spotlight: meet Dimas, our quality lab lead. #teamspotlight #greenjobs",1143,1237,56,2,7,10,75,1,32,,,6.56,
17908305184474765,2026-08-23T05:36:13+0000,CAROUSEL_ALBUM,FEED,education,https://www.instagram.com/p/y8qSj3vav0x/,Sorting 101: which plastics we can (and can't) take. #sortingguide #plasticfree,4736,5632,168,4,52,115,339,14,83,,,7.16,
17909171324675683,2026-08-22T13:41:45+0000,IMAGE,FEED,loop_tote,https://www.instagram.com/p/JZHUbZMMHYl/,How many bottles are in one Loop Tote? Guess before you swipe! (Answer: 14) #LoopTote #quiz,1971,2142,67,3,13,39,122,2,77,,,6.19,
17904060326335275,2026-08-19T05:58:56+0000,CAROUSEL_ALBUM,FEED,process_impact,https://www.instagram.com/p/b3kOubP2dTa/,Hub 7 in Garut: opening day highlights. #communityhub #WestJava,3465,4031,180,6,20,80,286,10,84,,,8.25,
17902418134265098,2026-08-18T01:42:20+0000,VIDEO,REELS,education,https://www.instagram.com/reel/nguVeLhjs3J/,What happens to a bottle after you drop it off? A 60-second journey. #PETrecycling #howitworks,76416,167628,4622,178,1282,624,6706,,,6474,1085223672,8.78,36.4
17904387674666942,2026-08-15T12:14:08+0000,IMAGE,FEED,b2b_partners,https://www.instagram.com/p/Je2QBqFaK2Y/,New partnership: our recycled resin is heading into FMCG packaging lines. #circulareconomy #partnership,1502,1684,65,3,9,14,91,4,27,,,6.06,
17907442398233179,2026-08-14T13:03:02+0000,CAROUSEL_ALBUM,FEED,picker_stories,https://www.instagram.com/p/Xv7ggcc-Tv_/,"Why we say 'waste pickers', never 'scavengers'. #dignity #wastepickers",2941,3647,98,2,11,118,229,7,35,,,7.79,
17902701623909724,2026-08-12T12:54:48+0000,IMAGE,FEED,process_impact,https://www.instagram.com/p/1vtgVkI34D3/,"3,500 registered pickers. Every kilo traceable. #traceability #impact",2660,3440,126,4,17,13,160,4,43,,,6.02,
17903562482994432,2026-08-10T13:17:43+0000,CAROUSEL_ALBUM,FEED,loop_tote,https://www.instagram.com/p/HRcaN7gGpm0/,Loop Tote styling: 5 ways to carry yours. #LoopTote #sustainableliving,5155,6615,249,5,40,278,572,16,127,,,11.1,
17902209188844506,2026-08-07T02:46:33+0000,VIDEO,REELS,behind_the_scenes,https://www.instagram.com/reel/poEEmCvXylM/,Inside our Bandung washing line at 6am. #behindthescenes #recycling,12199,20213,757,38,309,233,1337,,,5861,118468393,10.96,40.0
17903086350274091,2026-08-05T13:03:26+0000,CAROUSEL_ALBUM,FEED,picker_stories,https://www.instagram.com/p/A2xAiZCsAnz/,"Fair-trade rates, paid the same day. Here's how hub payments work. #fairtrade #wastepickers",2434,3374,125,7,23,52,207,10,56,,,8.5,
17901372461039642,2026-08-04T12:57:43+0000,VIDEO,REELS,process_impact,https://www.instagram.com/reel/gVjFaZe5vti/,From bale to pellet: how we turn sorted PET into recycled resin. #recycling #circulareconomy,10746,17755,377,14,266,211,868,,,8920,158374600,8.08,26.5
17908775681335588,2026-08-01T01:42:30+0000,VIDEO,REELS,loop_tote,https://www.instagram.com/reel/BODV9P0OEml/,14 bottles. 1 bag. Meet the Loop Tote ♻️ Now available in 3 colours. #LoopTote #recycledfashion #sustainablestyle,8757,14770,355,10,260,99,724,,,4092,60438840,8.27,51.9
17901551251058872,2026-07-30T01:40:41+0000,VIDEO,REELS,picker_stories,https://www.instagram.com/reel/OlB6yPykBeT/,"Meet Ibu Sari, a waste picker in Cimahi and a LoopCycle partner since 2018. Her story, in her own words. #wastepickers #socialenterprise",11103,20829,418,20,263,131,832,,,9316,194042964,7.49,22.1
