ticket_id,created_at_wib,channel,requester_type,requester_id,subject,description,category,priority,status,assigned_team,assigned_agent,related_order_id,platform,hub,b2b_account,first_response_at,first_response_minutes,resolved_at,resolution_hours,sla_first_response_min,sla_resolution_hours,sla_breached,reopen_count,escalation_level,root_cause,resolution_summary,compensation_type,compensation_idr,csat_score,tags,related_call_id
LC-T-100036,2026-06-03 15:13:49,Phone,B2B customer,PT Cahaya Plastindo,20 t order not dispatched,Our 20-tonne order was due on 01 Jun and has not been dispatched. Our line will stop on Monday without it.,B2B late delivery,Normal,Closed,B2B Account Management,Hendra,,,,PT Cahaya Plastindo,2026-06-03 21:20:49,367,2026-06-06 21:33:15,78.3,480,72,Yes,0,L1,Extruder downtime pushed the dispatch by three days,"Delivery rescheduled and a price credit applied. A price credit of Rp 4,200,000 was applied.",Price credit,4200000,3,b2b;delivery,LC-C-200015
LC-T-100006,2026-06-11 06:44:09,WhatsApp,Picker,PKR-08-4850,Cannot receive payment: e-wallet mismatch,The hub says my e-wallet account does not match my registered name so I cannot get paid.,Hub onboarding (e-wallet),Normal,Closed,Finance,Reza,,"Hub 8, Sukabumi",Sukabumi,,2026-06-11 09:43:09,179,2026-06-12 16:18:24,33.6,480,72,No,0,L1,E-wallet account name did not match the registered name,Account details corrected and test payment sent.,None,0,,picker;e-wallet,
LC-T-100031,2026-06-19 13:13:34,Phone,Consumer,C000135,Parcel arrived damaged,Parcel arrived wet and the mailer was torn. I would like a replacement for order 26061441028577B.,Damaged packaging,Normal,Closed,Logistics,Dian,26061441028577B,Shopee,,,2026-06-19 15:07:34,114,2026-06-21 15:59:48,50.8,480,72,No,0,L1,Thin mailer bag tore in transit,"Replacement bag shipped in a reinforced box. A Rp 25,000 voucher was added.",Replacement + voucher,25000,5,packaging;damage,LC-C-200013
LC-T-100034,2026-06-21 08:49:29,Marketplace chat,Consumer,C000205,QR tag does not scan,The QR tag inside my tote (order 26061976114795C) will not scan. I want to see my hub.,Product info / QR,Normal,Solved,Customer Care,Teguh,26061976114795C,Shopee,,,2026-06-21 10:29:29,100,2026-06-23 00:42:26,39.9,480,72,No,0,L1,QR tag printed with low contrast and placed under the lining,Direct link to the traceability page sent and QR print contrast fixed for new batches.,None,0,5,qr;traceability,
LC-T-100001,2026-06-25 13:23:06,Phone,Picker,PKR-04-6500,Still no picker ID card,I registered three weeks ago but still do not have my picker ID card.,Picker ID / registration,Normal,Closed,Hub Operations,Wati,,"Hub 4, Bogor",Bogor,,2026-06-25 15:30:06,127,2026-06-27 22:11:15,56.8,480,72,No,0,L1,ID card batch delayed at the print vendor,Temporary digital ID issued while the card is printed.,None,0,3,picker;registration,LC-C-200001
LC-T-100029,2026-06-28 09:34:50,WhatsApp,Consumer,C000023,Stitching coming loose,The stitching on one handle of my Sea-green tote has come loose after 3 weeks (order BLI-20260603-653432).,Product quality,Normal,Solved,Quality,Hadi,BLI-20260603-653432,Blibli,,,2026-06-28 13:04:50,210,2026-07-03 06:06:03,116.5,480,72,Yes,0,L1,Handle stitching defect traced to one production batch,"Replacement issued and batch flagged to QA for inspection. A Rp 25,000 voucher was added.",Replacement + voucher,25000,,quality;stitching,
LC-T-100005,2026-07-04 09:19:25,Phone,Picker,PKR-06-3538,Bottles downgraded without explanation,My bottles were downgraded today without anyone showing me why. Last week the same quality got a better rate.,Rate / grade dispute,High,Solved,Hub Operations,Wati,,"Hub 6, Cirebon",Cirebon,,2026-07-04 09:50:25,31,2026-07-06 15:30:02,54.2,240,48,Yes,0,L1,Grade downgrade applied without showing the picker the sample,Sample re-graded in front of the picker and the rate corrected.,None,0,,picker;grading,LC-C-200003
LC-T-100028,2026-07-11 16:37:54,Web form,Consumer,C000398,Order cancelled without notice,My order #LT10094 was cancelled without any message from the seller. I had already paid.,Order cancelled,Normal,Pending,Customer Care,Teguh,#LT10094,Website (Shopify),,,2026-07-11 19:00:54,143,,,480,72,No,0,L1,Under investigation,,Pending,0,,cancellation;stock-sync,
LC-T-100030,2026-07-12 13:42:22,Phone,Consumer,C000044,Parcel arrived damaged,The parcel for 26070820394028D arrived with the outer bag torn and the tote is dirty. Photos attached.,Damaged packaging,Normal,Solved,Logistics,Dian,26070820394028D,Shopee,,,2026-07-12 17:21:22,219,2026-07-14 15:06:34,49.4,480,72,No,0,L2,Thin mailer bag tore in transit,"Replacement bag shipped in a reinforced box. A Rp 25,000 voucher was added.",Replacement + voucher,25000,3,packaging;damage,LC-C-200012
LC-T-100010,2026-07-23 15:46:27,Phone,Consumer,C000492,Order not delivered after 8 days,It has been 8 days since I ordered the Sea-green Loop Tote (26071720544158C). The courier status is stuck at the sorting hub.,Delivery delay,Normal,Closed,Logistics,Dian,26071720544158C,Shopee,,,2026-07-23 16:30:27,44,2026-07-27 10:27:06,90.7,480,72,Yes,2,L1,Courier hub congestion on the Shopee route,"Courier chased and parcel expedited. A Rp 30,000 voucher was offered.",Shipping refund / voucher,30000,3,delivery;delay,LC-C-200006
LC-T-100015,2026-07-30 13:50:45,Phone,Consumer,C000634,Charged twice / payment pending,I was charged twice for order #LT10166 but only received one confirmation.,Payment issue,High,Closed,Finance,Reza,#LT10166,Website (Shopify),,,2026-07-30 14:25:45,35,2026-08-01 05:33:09,39.7,240,48,No,0,L1,Gateway created a duplicate authorisation that was not auto-reversed,"Duplicate charge reversed with the gateway. Duplicate charge of Rp 221,000 reversed.",Refund (duplicate),221000,5,payment;duplicate-charge,LC-C-200007
LC-T-100019,2026-08-08 17:16:28,Marketplace chat,Consumer,C000667,Return and refund request,I would like to return order 26080135766877D and get a refund. The bag is not what I expected.,Refund / return,High,Solved,Customer Care,Teguh,26080135766877D,Shopee,,,2026-08-08 18:24:28,68,2026-08-09 18:56:46,25.7,240,48,No,0,L1,Return approved after customer evidence,"Return approved and refund processed. Refund of Rp 768,000 issued.",Refund,768000,,refund;return,
LC-T-100024,2026-08-10 08:19:26,Phone,Picker,PKR-12-5467,Payment for delivery not received,Payment for my last delivery is still pending. I need it to pay school fees.,Picker payment delay,Normal,Closed,Finance,Maya,,"Hub 12, Cianjur",Cianjur,,2026-08-10 10:11:26,112,2026-08-11 10:18:59,26.0,480,72,No,1,L1,Bank transfer batch missed the cut-off before the weekend,"Payment released manually and the cut-off time communicated to hubs. Payment of Rp 168,000 released.",Payment released,168000,5,picker;payment,LC-C-200010
LC-T-100022,2026-08-13 10:10:35,Web form,Consumer,C000938,Order cancelled without notice,My order #LT10270 was cancelled without any message from the seller. I had already paid.,Order cancelled,Low,Closed,Customer Care,Rani,#LT10270,Website (Shopify),,,2026-08-18 07:37:35,7047,2026-08-14 14:15:25,28.1,1440,120,Yes,0,L2,Stock sync lag between the store and the marketplace,Order reinstated with priority shipping.,None,0,2,cancellation;stock-sync,
LC-T-100035,2026-08-13 14:48:59,Instagram DM,Consumer,C000907,Wrong colour received,"The wrong variation arrived for order IG-20260811-0002. I need the Sea-green one, not this.",Wrong item sent,Normal,Solved,Customer Care,Sari,IG-20260811-0002,Instagram (DM/WhatsApp),,,2026-08-13 18:20:59,212,2026-08-15 11:17:55,44.5,480,72,No,1,L2,Colour mix-up at the packing station,"Correct colour shipped and the wrong bag left with the customer. A Rp 25,000 voucher was added.",Replacement + voucher,25000,4,wrong-item;fulfilment,
LC-T-100016,2026-08-14 11:49:27,Instagram DM,Consumer,C000438,No reply to payment proof on Instagram,I sent my bank transfer proof on Instagram DM two days ago for order IG-20260812-0001 and nobody has replied.,Unanswered message,Normal,Closed,Customer Care,Sari,IG-20260812-0001,Instagram (DM/WhatsApp),,,2026-08-14 18:32:27,403,2026-08-15 02:34:00,14.7,480,72,No,0,L2,No agent covering Instagram DMs after hours,Payment proof matched and order shipped.,None,0,3,instagram;response-time,
LC-T-100021,2026-08-14 16:51:21,WhatsApp,Consumer,C000841,Parcel arrived damaged,Parcel arrived wet and the mailer was torn. I would like a replacement for order 26080772369730D.,Damaged packaging,Normal,Solved,Logistics,Yusuf,26080772369730D,Shopee,,,2026-08-14 17:59:21,68,2026-08-16 06:49:14,38.0,480,72,No,0,L1,Thin mailer bag tore in transit,"Replacement bag shipped in a reinforced box. A Rp 25,000 voucher was added.",Replacement + voucher,25000,4,packaging;damage,
LC-T-100018,2026-08-17 12:10:55,Phone,Consumer,C000885,Order not delivered after 8 days,My order #LT10247 from Website (Shopify) has not arrived after 8 days and tracking has not moved. Please help.,Delivery delay,Normal,Solved,Logistics,Yusuf,#LT10247,Website (Shopify),,,2026-08-17 14:35:55,145,2026-08-21 11:56:47,95.8,480,72,Yes,0,L1,Courier hub congestion on the Website (Shopify) route,"Courier chased and parcel expedited. A Rp 30,000 voucher was offered.",Shipping refund / voucher,30000,,delivery;delay,LC-C-200008
LC-T-100009,2026-08-17 16:32:16,Web form,Corporate buyer,B00962,Bulk order is 4 units short,We ordered 80 totes for an event (order #LT10280) but only 76 arrived. We need the rest before the event.,Bulk order shortfall,High,Solved,Customer Care,Melati,#LT10280,Website (Shopify),,,2026-08-17 17:36:16,64,2026-08-19 17:15:51,48.7,240,48,Yes,0,L1,Count error at the packing station for a 80-unit order,Missing bags couriered with express shipping.,None,0,3,bulk;corporate,
LC-T-100014,2026-08-19 11:39:23,Email,B2B customer,PT Mitra Flexi Pack,Contamination in lot RP-2608-036,Contamination found in lot RP-2608-036 during incoming inspection. Please advise on a replacement.,Resin quality,Urgent,Closed,Quality,Hadi,,,,PT Mitra Flexi Pack,2026-08-19 12:02:23,23,2026-08-22 22:21:36,82.7,60,24,Yes,2,L2,PVC label fragments passed sorting at one hub and reached the pellets,"Lot recalled, replaced at no charge and sorting checks added at the hub. A credit note of Rp 18,500,000 was issued.",Replacement + credit note,18500000,4,b2b;contamination;recall,
LC-T-100002,2026-08-24 12:11:03,Email,Consumer,C001070,Order not delivered after 8 days,It has been 8 days since I ordered the Indigo Loop Tote (#LT10311). The courier status is stuck at the sorting hub.,Delivery delay,Normal,Solved,Logistics,Yusuf,#LT10311,Website (Shopify),,,2026-08-24 17:13:03,302,2026-08-27 19:56:06,79.8,480,72,Yes,0,L1,Courier hub congestion on the Website (Shopify) route,"Courier chased and parcel expedited. A Rp 50,000 voucher was offered.",Shipping refund / voucher,50000,,delivery;delay,
LC-T-100027,2026-08-27 14:15:18,Phone,Consumer,C000274,Order not delivered after 8 days,It has been 8 days since I ordered the Indigo Loop Tote (BLI-20260821-250724). The courier status is stuck at the sorting hub.,Delivery delay,Low,Pending,Logistics,Yusuf,BLI-20260821-250724,Blibli,,,2026-08-28 06:17:18,962,,,1440,120,No,0,L1,Under investigation,,Pending,0,,delivery;delay,LC-C-200011
LC-T-100032,2026-08-30 16:00:10,WhatsApp,Consumer,C000873,Unexpected customs fees and long delay,Customs charged me extra import fees for order 113-3264477-1144406 and the parcel took 18 days. Nobody warned me.,Customs / import,Normal,Closed,Logistics,Dian,113-3264477-1144406,Amazon,,,2026-08-30 21:50:10,350,2026-09-04 12:23:07,116.4,480,72,Yes,0,L1,Import duty applied by the destination country,Explained duty rules and shared the customs paperwork.,None,0,,customs;international,
LC-T-100013,2026-09-01 13:31:30,Email,B2B customer,PT Bumi Pack Industri,Pellet colour varies between lots,Pellet colour differs noticeably between lots RP-2608-024 and the previous one. Our brand colour tolerance is tight.,Colour variation,Low,Pending,Quality,Hadi,,,,PT Bumi Pack Industri,2026-09-01 21:39:30,488,,,1440,120,No,0,L1,Under investigation,,Pending,0,,b2b;colour,
LC-T-100003,2026-09-04 09:15:19,Web form,Consumer,CASE-WEB-7442,Could not complete checkout during batik drop,The website crashed three times during the batik drop and I could not complete payment.,Checkout / website,High,Closed,Web/IT,Arif,,,,,2026-09-04 12:41:19,206,2026-09-07 04:34:00,67.3,240,48,Yes,0,L1,Website traffic spike during the batik drop exceeded capacity,"Order confirmed manually and apology voucher issued. A Rp 30,000 voucher was issued.",Apology voucher,30000,3,website;batik-drop,
LC-T-100026,2026-09-04 10:27:35,Instagram DM,Consumer,C001748,Could not complete checkout during batik drop,I paid for my batik tote (IG-20260904-0103) but never received an order confirmation email.,Checkout / website,Normal,Closed,Web/IT,Arif,IG-20260904-0103,Instagram (DM/WhatsApp),,,2026-09-04 14:52:35,265,2026-09-05 01:04:09,14.6,480,72,No,1,L2,Website traffic spike during the batik drop exceeded capacity,"Order confirmed manually and apology voucher issued. A Rp 30,000 voucher was issued.",Apology voucher,30000,4,website;batik-drop,
LC-T-100020,2026-09-04 13:33:51,Web form,Consumer,C001328,Wrong colour received,I ordered the Sand tote but received a different colour (order INV/20260830/MPL/433681582).,Wrong item sent,Normal,Closed,Customer Care,Melati,INV/20260830/MPL/433681582,Tokopedia,,,2026-09-04 15:18:51,105,2026-09-06 01:20:12,35.8,480,72,No,1,L2,Colour mix-up at the packing station,"Correct colour shipped and the wrong bag left with the customer. A Rp 25,000 voucher was added.",Replacement + voucher,25000,4,wrong-item;fulfilment,
LC-T-100025,2026-09-04 18:58:15,Email,Consumer,C001727,Charged twice / payment pending,I was charged twice for order #LT10607 but only received one confirmation.,Payment issue,High,Closed,Finance,Maya,#LT10607,Website (Shopify),,,2026-09-04 22:04:15,186,2026-09-06 10:21:21,39.4,240,48,No,0,L2,Gateway created a duplicate authorisation that was not auto-reversed,"Duplicate charge reversed with the gateway. Duplicate charge of Rp 281,000 reversed.",Refund (duplicate),281000,,payment;duplicate-charge,
LC-T-100033,2026-09-07 14:26:00,WhatsApp,Consumer,C000618,Stitching coming loose,"Threads are fraying at the seam after normal use. Order #LT10162, bought 5 weeks ago.",Product quality,Normal,Closed,Quality,Hadi,#LT10162,Website (Shopify),,,2026-09-07 21:21:00,415,2026-09-10 09:20:15,66.9,480,72,No,0,L1,Handle stitching defect traced to one production batch,"Replacement issued and batch flagged to QA for inspection. A Rp 25,000 voucher was added.",Replacement + voucher,25000,3,quality;stitching,
LC-T-100004,2026-09-09 14:55:48,WhatsApp,Consumer,C001838,Return and refund request,I would like to return order #LT10672 and get a refund. The bag is not what I expected.,Refund / return,Low,Solved,Customer Care,Rani,#LT10672,Website (Shopify),,,2026-09-09 21:44:48,409,2026-09-11 13:05:56,46.2,1440,120,No,1,L1,Return approved after customer evidence,"Return approved and refund processed. Refund of Rp 267,000 issued.",Refund,267000,,refund;return,
LC-T-100017,2026-09-10 18:59:27,WhatsApp,Consumer,C001722,Parcel arrived damaged,The parcel for #LT10606 arrived with the outer bag torn and the tote is dirty. Photos attached.,Damaged packaging,Normal,Closed,Logistics,Dian,#LT10606,Website (Shopify),,,2026-09-11 00:28:27,329,2026-09-13 01:05:29,54.1,480,72,No,0,L1,Thin mailer bag tore in transit,"Replacement bag shipped in a reinforced box. A Rp 25,000 voucher was added.",Replacement + voucher,25000,5,packaging;damage,
LC-T-100012,2026-09-15 16:24:22,Email,B2B customer,PT Cahaya Plastindo,Certificate of analysis missing,The certificate of analysis for lot RP-2608-023 was not included in the shipment. We cannot release the material without it.,Documentation (CoA),Normal,Solved,Quality,Hadi,,,,PT Cahaya Plastindo,2026-09-15 17:38:22,74,2026-09-18 03:00:00,58.6,480,72,No,0,L1,Certificate of analysis backlog at the lab,Certificate issued and a same-day CoA process agreed.,None,0,4,b2b;documentation,
LC-T-100037,2026-09-18 13:10:55,Phone,Consumer,C002124,Gift set arrived without story card,The gift set for order STR-20260918-0004 arrived without the story card that was advertised.,Missing item,Normal,Closed,Customer Care,Sari,STR-20260918-0004,Bandung store,,,2026-09-18 16:21:55,191,2026-09-19 16:39:14,27.5,480,72,No,0,L1,Card insert missed at the gift-set packing step,Card posted separately with a personal note.,None,0,5,gift-set;missing-item,LC-C-200016
LC-T-100007,2026-09-20 13:45:50,Instagram DM,Consumer,C002035,Order not delivered after 8 days,Still waiting for order IG-20260915-0002 to Banjarmasin. Delivery was promised within 5 days and it is now day 8.,Delivery delay,Normal,Solved,Logistics,Dian,IG-20260915-0002,Instagram (DM/WhatsApp),,,2026-09-20 14:55:50,70,2026-09-23 06:13:41,64.5,480,72,No,1,L1,Courier hub congestion on the Instagram (DM/WhatsApp) route,"Courier chased and parcel expedited. A Rp 20,000 voucher was offered.",Shipping refund / voucher,20000,,delivery;delay,
LC-T-100008,2026-09-23 09:45:18,Phone,Picker,PKR-03-4518,Payment for delivery not received,I delivered 127 kg to the hub on Friday but the payment has not reached my account after two days.,Picker payment delay,High,Closed,Finance,Maya,,"Hub 3, Tasikmalaya",Tasikmalaya,,2026-09-23 10:15:18,30,2026-09-23 23:26:50,13.7,240,48,No,1,L1,Bank transfer batch missed the cut-off before the weekend,"Payment released manually and the cut-off time communicated to hubs. Payment of Rp 218,400 released.",Payment released,218400,3,picker;payment,LC-C-200005
LC-T-100011,2026-09-24 14:17:31,WhatsApp,Picker,PKR-07-2638,Hub scale reading seems wrong,The hub scale showed 131 kg but I weighed my sacks at home and they were heavier. Please check the scale.,Scale / weight dispute,High,Closed,Hub Operations,Wati,,"Hub 7, Garut",Garut,,2026-09-24 16:40:31,143,2026-09-28 07:04:39,88.8,240,48,Yes,0,L1,Hub scale drifted out of calibration,"Scale recalibrated and the lot re-weighed; the difference was paid. Rp 102,000 was paid for the weight difference.",Weight difference paid,102000,3,picker;scale,
LC-T-100023,2026-09-27 17:51:23,Marketplace chat,Consumer,C000410,Stitching coming loose,"Threads are fraying at the seam after normal use. Order 26082382396260B, bought 4 weeks ago.",Product quality,High,Escalated,Quality,Lina,26082382396260B,Shopee,,,2026-09-27 19:16:23,85,,,240,48,No,0,L2,Under investigation,,Pending,0,,quality;stitching,
