ticket_id,message_time_wib,author_type,author,message
LC-T-100001,2026-06-25 13:23:06,requester,Picker,I registered three weeks ago but still do not have my picker ID card.
LC-T-100001,2026-06-25 15:30:06,agent,Agent Wati,"Hello, thank you for calling the picker hotline. I've logged your case and am checking with the hub."
LC-T-100001,2026-06-26 19:33:37,requester,Picker,Any update on this?
LC-T-100001,2026-06-27 22:11:15,agent,Agent Wati,Resolution: Temporary digital ID issued while the card is printed. Please let us know if you need anything else.
LC-T-100002,2026-08-24 12:11:03,requester,Customer,It has been 8 days since I ordered the Indigo Loop Tote (#LT10311). The courier status is stuck at the sorting hub.
LC-T-100002,2026-08-24 17:13:03,agent,Agent Yusuf,"Hi, thanks for contacting LoopCycle and I'm sorry about this. I'm checking #LT10311 now."
LC-T-100002,2026-08-25 14:30:49,requester,Customer,I still have not heard back. Please advise.
LC-T-100002,2026-08-27 19:56:06,agent,Agent Yusuf,"Resolution: Courier chased and parcel expedited. A Rp 50,000 voucher was offered. Please let us know if you need anything else."
LC-T-100003,2026-09-04 09:15:19,requester,Customer,The website crashed three times during the batik drop and I could not complete payment.
LC-T-100003,2026-09-04 12:41:19,agent,Agent Arif,"Hi, thanks for contacting LoopCycle and I'm sorry about this. I'm checking your case now."
LC-T-100003,2026-09-05 23:19:17,internal_note,Internal note (Web/IT),[Web/IT] Root cause suspected: Website traffic spike during the batik drop exceeded capacity. Escalated to Web/IT lead.
LC-T-100003,2026-09-07 04:34:00,agent,Agent Arif,"Resolution: Order confirmed manually and apology voucher issued. A Rp 30,000 voucher was issued. Please let us know if you need anything else."
LC-T-100004,2026-09-09 14:55:48,requester,Customer,I would like to return order #LT10672 and get a refund. The bag is not what I expected.
LC-T-100004,2026-09-09 21:44:48,agent,Agent Rani,Thank you for reaching out. I've located your order and am looking into it right away.
LC-T-100004,2026-09-10 13:16:31,internal_note,Internal note (Customer Care),[Customer Care] Checked records; contacting courier/vendor.
LC-T-100004,2026-09-10 21:07:04,requester,Customer,"It has been a day already, can someone follow up?"
LC-T-100004,2026-09-11 13:05:56,agent,Agent Rani,"Resolution: Return approved and refund processed. Refund of Rp 267,000 issued. Please let us know if you need anything else."
LC-T-100005,2026-07-04 09:19:25,requester,Picker,My bottles were downgraded today without anyone showing me why. Last week the same quality got a better rate.
LC-T-100005,2026-07-04 09:50:25,agent,Agent Wati,Thanks for letting us know. Your case is with our hub team now.
LC-T-100005,2026-07-06 15:30:02,agent,Agent Wati,Resolution: Sample re-graded in front of the picker and the rate corrected. Please let us know if you need anything else.
LC-T-100006,2026-06-11 06:44:09,requester,Picker,The hub says my e-wallet account does not match my registered name so I cannot get paid.
LC-T-100006,2026-06-11 09:43:09,agent,Agent Reza,Thanks for letting us know. Your case is with our hub team now.
LC-T-100006,2026-06-12 02:41:20,internal_note,Internal note (Finance),[Finance] Checked records; contacting courier/vendor.
LC-T-100006,2026-06-12 15:28:39,requester,Picker,Any update on this?
LC-T-100006,2026-06-12 16:18:24,agent,Agent Reza,Resolution: Account details corrected and test payment sent. Please let us know if you need anything else.
LC-T-100007,2026-09-20 13:45:50,requester,Customer,Still waiting for order IG-20260915-0002 to Banjarmasin. Delivery was promised within 5 days and it is now day 8.
LC-T-100007,2026-09-20 14:55:50,agent,Agent Dian,Thank you for reaching out. I've located your order and am looking into it right away.
LC-T-100007,2026-09-20 22:49:12,internal_note,Internal note (Logistics),[Logistics] Checked records; contacting courier/vendor.
LC-T-100007,2026-09-23 06:13:41,agent,Agent Dian,"Resolution: Courier chased and parcel expedited. A Rp 20,000 voucher was offered. Please let us know if you need anything else."
LC-T-100008,2026-09-23 09:45:18,requester,Picker,I delivered 127 kg to the hub on Friday but the payment has not reached my account after two days.
LC-T-100008,2026-09-23 10:15:18,agent,Agent Maya,"Hello, thank you for calling the picker hotline. I've logged your case and am checking with the hub."
LC-T-100008,2026-09-23 14:33:54,internal_note,Internal note (Finance),[Finance] Root cause suspected: Bank transfer batch missed the cut-off before the weekend. Escalated to Finance lead.
LC-T-100008,2026-09-23 23:26:50,agent,Agent Maya,"Resolution: Payment released manually and the cut-off time communicated to hubs. Payment of Rp 218,400 released. Please let us know if you need anything else."
LC-T-100009,2026-08-17 16:32:16,requester,Customer,We ordered 80 totes for an event (order #LT10280) but only 76 arrived. We need the rest before the event.
LC-T-100009,2026-08-17 17:36:16,agent,Agent Melati,Thank you for reaching out. I've located your order and am looking into it right away.
LC-T-100009,2026-08-18 06:54:56,internal_note,Internal note (Customer Care),[Customer Care] Root cause suspected: Count error at the packing station for a 80-unit order. Escalated to Customer Care lead.
LC-T-100009,2026-08-19 17:15:51,agent,Agent Melati,Resolution: Missing bags couriered with express shipping. Please let us know if you need anything else.
LC-T-100010,2026-07-23 15:46:27,requester,Customer,It has been 8 days since I ordered the Sea-green Loop Tote (26071720544158C). The courier status is stuck at the sorting hub.
LC-T-100010,2026-07-23 16:30:27,agent,Agent Dian,"Hi, thanks for contacting LoopCycle and I'm sorry about this. I'm checking 26071720544158C now."
LC-T-100010,2026-07-24 06:19:54,requester,Customer,Any update on this?
LC-T-100010,2026-07-24 23:16:18,internal_note,Internal note (Logistics),[Logistics] Checked records; contacting courier/vendor.
LC-T-100010,2026-07-27 10:27:06,agent,Agent Dian,"Resolution: Courier chased and parcel expedited. A Rp 30,000 voucher was offered. Please let us know if you need anything else."
LC-T-100011,2026-09-24 14:17:31,requester,Picker,The hub scale showed 131 kg but I weighed my sacks at home and they were heavier. Please check the scale.
LC-T-100011,2026-09-24 16:40:31,agent,Agent Wati,Thanks for letting us know. Your case is with our hub team now.
LC-T-100011,2026-09-28 07:04:39,agent,Agent Wati,"Resolution: Scale recalibrated and the lot re-weighed; the difference was paid. Rp 102,000 was paid for the weight difference. Please let us know if you need anything else."
LC-T-100012,2026-09-15 16:24:22,requester,B2B contact,The certificate of analysis for lot RP-2608-023 was not included in the shipment. We cannot release the material without it.
LC-T-100012,2026-09-15 17:38:22,agent,Agent Hadi,Thank you for flagging this. We've opened a priority case and our quality team will contact you shortly.
LC-T-100012,2026-09-18 03:00:00,agent,Agent Hadi,Resolution: Certificate issued and a same-day CoA process agreed. Please let us know if you need anything else.
LC-T-100013,2026-09-01 13:31:30,requester,B2B contact,Pellet colour differs noticeably between lots RP-2608-024 and the previous one. Our brand colour tolerance is tight.
LC-T-100013,2026-09-01 21:39:30,agent,Agent Hadi,We understand the urgency and are reviewing the lot records now.
LC-T-100013,2026-09-02 13:16:08,requester,B2B contact,I still have not heard back. Please advise.
LC-T-100013,2026-09-03 01:35:06,internal_note,Internal note (Quality),[Quality] Checked records; contacting courier/vendor.
LC-T-100014,2026-08-19 11:39:23,requester,B2B contact,Contamination found in lot RP-2608-036 during incoming inspection. Please advise on a replacement.
LC-T-100014,2026-08-19 12:02:23,agent,Agent Hadi,Thank you for flagging this. We've opened a priority case and our quality team will contact you shortly.
LC-T-100014,2026-08-22 22:21:36,agent,Agent Hadi,"Resolution: Lot recalled, replaced at no charge and sorting checks added at the hub. A credit note of Rp 18,500,000 was issued. Please let us know if you need anything else."
LC-T-100015,2026-07-30 13:50:45,requester,Customer,I was charged twice for order #LT10166 but only received one confirmation.
LC-T-100015,2026-07-30 14:25:45,agent,Agent Reza,"Hi, thanks for contacting LoopCycle and I'm sorry about this. I'm checking #LT10166 now."
LC-T-100015,2026-07-30 18:27:24,internal_note,Internal note (Finance),[Finance] Root cause suspected: Gateway created a duplicate authorisation that was not auto-reversed. Escalated to Finance lead.
LC-T-100015,2026-07-31 14:00:16,requester,Customer,Any update on this?
LC-T-100015,2026-08-01 05:33:09,agent,Agent Reza,"Resolution: Duplicate charge reversed with the gateway. Duplicate charge of Rp 221,000 reversed. Please let us know if you need anything else."
LC-T-100016,2026-08-14 11:49:27,requester,Customer,I sent my bank transfer proof on Instagram DM two days ago for order IG-20260812-0001 and nobody has replied.
LC-T-100016,2026-08-14 17:06:09,internal_note,Internal note (Customer Care),[Customer Care] Checked records; contacting courier/vendor.
LC-T-100016,2026-08-14 18:32:27,agent,Agent Sari,"Hi, thanks for contacting LoopCycle and I'm sorry about this. I'm checking IG-20260812-0001 now."
LC-T-100016,2026-08-15 02:34:00,agent,Agent Sari,Resolution: Payment proof matched and order shipped. Please let us know if you need anything else.
LC-T-100017,2026-09-10 18:59:27,requester,Customer,The parcel for #LT10606 arrived with the outer bag torn and the tote is dirty. Photos attached.
LC-T-100017,2026-09-11 00:28:27,agent,Agent Dian,Thank you for reaching out. I've located your order and am looking into it right away.
LC-T-100017,2026-09-13 01:05:29,agent,Agent Dian,"Resolution: Replacement bag shipped in a reinforced box. A Rp 25,000 voucher was added. Please let us know if you need anything else."
LC-T-100017,2026-09-13 16:17:51,requester,Customer,Thank you for sorting this out.
LC-T-100018,2026-08-17 12:10:55,requester,Customer,My order #LT10247 from Website (Shopify) has not arrived after 8 days and tracking has not moved. Please help.
LC-T-100018,2026-08-17 14:35:55,agent,Agent Yusuf,"Hi, thanks for contacting LoopCycle and I'm sorry about this. I'm checking #LT10247 now."
LC-T-100018,2026-08-19 11:34:12,internal_note,Internal note (Logistics),[Logistics] Checked records; contacting courier/vendor.
LC-T-100018,2026-08-21 11:56:47,agent,Agent Yusuf,"Resolution: Courier chased and parcel expedited. A Rp 30,000 voucher was offered. Please let us know if you need anything else."
LC-T-100019,2026-08-08 17:16:28,requester,Customer,I would like to return order 26080135766877D and get a refund. The bag is not what I expected.
LC-T-100019,2026-08-08 18:24:28,agent,Agent Teguh,Thank you for reaching out. I've located your order and am looking into it right away.
LC-T-100019,2026-08-08 18:46:54,internal_note,Internal note (Customer Care),[Customer Care] Root cause suspected: Return approved after customer evidence. Escalated to Customer Care lead.
LC-T-100019,2026-08-09 18:56:46,agent,Agent Teguh,"Resolution: Return approved and refund processed. Refund of Rp 768,000 issued. Please let us know if you need anything else."
LC-T-100020,2026-09-04 13:33:51,requester,Customer,I ordered the Sand tote but received a different colour (order INV/20260830/MPL/433681582).
LC-T-100020,2026-09-04 15:18:51,agent,Agent Melati,Thank you for reaching out. I've located your order and am looking into it right away.
LC-T-100020,2026-09-04 21:41:24,internal_note,Internal note (Customer Care),[Customer Care] Checked records; contacting courier/vendor.
LC-T-100020,2026-09-05 12:03:39,requester,Customer,I still have not heard back. Please advise.
LC-T-100020,2026-09-06 01:20:12,agent,Agent Melati,"Resolution: Correct colour shipped and the wrong bag left with the customer. A Rp 25,000 voucher was added. Please let us know if you need anything else."
LC-T-100021,2026-08-14 16:51:21,requester,Customer,Parcel arrived wet and the mailer was torn. I would like a replacement for order 26080772369730D.
LC-T-100021,2026-08-14 17:59:21,agent,Agent Yusuf,"Hi, thanks for contacting LoopCycle and I'm sorry about this. I'm checking 26080772369730D now."
LC-T-100021,2026-08-16 06:49:14,agent,Agent Yusuf,"Resolution: Replacement bag shipped in a reinforced box. A Rp 25,000 voucher was added. Please let us know if you need anything else."
LC-T-100021,2026-08-16 11:19:37,requester,Customer,Thank you for sorting this out.
LC-T-100022,2026-08-13 10:10:35,requester,Customer,My order #LT10270 was cancelled without any message from the seller. I had already paid.
LC-T-100022,2026-08-14 14:15:25,agent,Agent Rani,Resolution: Order reinstated with priority shipping. Please let us know if you need anything else.
LC-T-100022,2026-08-18 07:37:35,agent,Agent Rani,Thank you for reaching out. I've located your order and am looking into it right away.
LC-T-100022,2026-08-18 21:07:43,requester,Customer,Any update on this?
LC-T-100023,2026-09-27 17:51:23,requester,Customer,"Threads are fraying at the seam after normal use. Order 26082382396260B, bought 4 weeks ago."
LC-T-100023,2026-09-27 19:16:23,agent,Agent Lina,Thank you for reaching out. I've located your order and am looking into it right away.
LC-T-100023,2026-09-28 01:05:10,internal_note,Internal note (Quality),[Quality] Root cause suspected: Handle stitching defect traced to one production batch. Escalated to Quality lead.
LC-T-100024,2026-08-10 08:19:26,requester,Picker,Payment for my last delivery is still pending. I need it to pay school fees.
LC-T-100024,2026-08-10 10:11:26,agent,Agent Maya,Thanks for letting us know. Your case is with our hub team now.
LC-T-100024,2026-08-10 23:26:41,internal_note,Internal note (Finance),[Finance] Checked records; contacting courier/vendor.
LC-T-100024,2026-08-11 06:56:51,requester,Picker,I still have not heard back. Please advise.
LC-T-100024,2026-08-11 10:18:59,agent,Agent Maya,"Resolution: Payment released manually and the cut-off time communicated to hubs. Payment of Rp 168,000 released. Please let us know if you need anything else."
LC-T-100024,2026-08-11 21:56:27,requester,Picker,Thank you for sorting this out.
LC-T-100025,2026-09-04 18:58:15,requester,Customer,I was charged twice for order #LT10607 but only received one confirmation.
LC-T-100025,2026-09-04 22:04:15,agent,Agent Maya,Thank you for reaching out. I've located your order and am looking into it right away.
LC-T-100025,2026-09-05 17:23:18,requester,Customer,I still have not heard back. Please advise.
LC-T-100025,2026-09-06 10:21:21,agent,Agent Maya,"Resolution: Duplicate charge reversed with the gateway. Duplicate charge of Rp 281,000 reversed. Please let us know if you need anything else."
LC-T-100026,2026-09-04 10:27:35,requester,Customer,I paid for my batik tote (IG-20260904-0103) but never received an order confirmation email.
LC-T-100026,2026-09-04 14:52:35,agent,Agent Arif,Thank you for reaching out. I've located your order and am looking into it right away.
LC-T-100026,2026-09-04 15:56:08,internal_note,Internal note (Web/IT),[Web/IT] Checked records; contacting courier/vendor.
LC-T-100026,2026-09-05 01:04:09,agent,Agent Arif,"Resolution: Order confirmed manually and apology voucher issued. A Rp 30,000 voucher was issued. Please let us know if you need anything else."
LC-T-100027,2026-08-27 14:15:18,requester,Customer,It has been 8 days since I ordered the Indigo Loop Tote (BLI-20260821-250724). The courier status is stuck at the sorting hub.
LC-T-100027,2026-08-28 06:17:18,agent,Agent Yusuf,"Hi, thanks for contacting LoopCycle and I'm sorry about this. I'm checking BLI-20260821-250724 now."
LC-T-100027,2026-08-28 08:35:34,internal_note,Internal note (Logistics),[Logistics] Checked records; contacting courier/vendor.
LC-T-100027,2026-08-28 19:07:49,requester,Customer,I still have not heard back. Please advise.
LC-T-100028,2026-07-11 16:37:54,requester,Customer,My order #LT10094 was cancelled without any message from the seller. I had already paid.
LC-T-100028,2026-07-11 19:00:54,agent,Agent Teguh,Thank you for reaching out. I've located your order and am looking into it right away.
LC-T-100028,2026-07-12 18:44:40,requester,Customer,I still have not heard back. Please advise.
LC-T-100029,2026-06-28 09:34:50,requester,Customer,The stitching on one handle of my Sea-green tote has come loose after 3 weeks (order BLI-20260603-653432).
LC-T-100029,2026-06-28 13:04:50,agent,Agent Hadi,Thank you for reaching out. I've located your order and am looking into it right away.
LC-T-100029,2026-06-28 17:27:03,internal_note,Internal note (Quality),[Quality] Checked records; contacting courier/vendor.
LC-T-100029,2026-07-03 06:06:03,agent,Agent Hadi,"Resolution: Replacement issued and batch flagged to QA for inspection. A Rp 25,000 voucher was added. Please let us know if you need anything else."
LC-T-100030,2026-07-12 13:42:22,requester,Customer,The parcel for 26070820394028D arrived with the outer bag torn and the tote is dirty. Photos attached.
LC-T-100030,2026-07-12 17:21:22,agent,Agent Dian,Thank you for reaching out. I've located your order and am looking into it right away.
LC-T-100030,2026-07-13 16:31:44,requester,Customer,Any update on this?
LC-T-100030,2026-07-14 15:06:34,agent,Agent Dian,"Resolution: Replacement bag shipped in a reinforced box. A Rp 25,000 voucher was added. Please let us know if you need anything else."
LC-T-100031,2026-06-19 13:13:34,requester,Customer,Parcel arrived wet and the mailer was torn. I would like a replacement for order 26061441028577B.
LC-T-100031,2026-06-19 15:07:34,agent,Agent Dian,Thank you for reaching out. I've located your order and am looking into it right away.
LC-T-100031,2026-06-20 18:34:49,requester,Customer,Any update on this?
LC-T-100031,2026-06-21 15:59:48,agent,Agent Dian,"Resolution: Replacement bag shipped in a reinforced box. A Rp 25,000 voucher was added. Please let us know if you need anything else."
LC-T-100032,2026-08-30 16:00:10,requester,Customer,Customs charged me extra import fees for order 113-3264477-1144406 and the parcel took 18 days. Nobody warned me.
LC-T-100032,2026-08-30 21:50:10,agent,Agent Dian,Thank you for reaching out. I've located your order and am looking into it right away.
LC-T-100032,2026-08-31 20:41:08,requester,Customer,Any update on this?
LC-T-100032,2026-09-01 00:17:45,internal_note,Internal note (Logistics),[Logistics] Checked records; contacting courier/vendor.
LC-T-100032,2026-09-04 12:23:07,agent,Agent Dian,Resolution: Explained duty rules and shared the customs paperwork. Please let us know if you need anything else.
LC-T-100033,2026-09-07 14:26:00,requester,Customer,"Threads are fraying at the seam after normal use. Order #LT10162, bought 5 weeks ago."
LC-T-100033,2026-09-07 21:21:00,agent,Agent Hadi,Thank you for reaching out. I've located your order and am looking into it right away.
LC-T-100033,2026-09-08 16:43:44,requester,Customer,I still have not heard back. Please advise.
LC-T-100033,2026-09-08 19:43:29,internal_note,Internal note (Quality),[Quality] Checked records; contacting courier/vendor.
LC-T-100033,2026-09-10 09:20:15,agent,Agent Hadi,"Resolution: Replacement issued and batch flagged to QA for inspection. A Rp 25,000 voucher was added. Please let us know if you need anything else."
LC-T-100034,2026-06-21 08:49:29,requester,Customer,The QR tag inside my tote (order 26061976114795C) will not scan. I want to see my hub.
LC-T-100034,2026-06-21 10:29:29,agent,Agent Teguh,Thank you for reaching out. I've located your order and am looking into it right away.
LC-T-100034,2026-06-21 21:33:12,requester,Customer,Any update on this?
LC-T-100034,2026-06-21 23:30:26,internal_note,Internal note (Customer Care),[Customer Care] Checked records; contacting courier/vendor.
LC-T-100034,2026-06-23 00:42:26,agent,Agent Teguh,Resolution: Direct link to the traceability page sent and QR print contrast fixed for new batches. Please let us know if you need anything else.
LC-T-100035,2026-08-13 14:48:59,requester,Customer,"The wrong variation arrived for order IG-20260811-0002. I need the Sea-green one, not this."
LC-T-100035,2026-08-13 18:20:59,agent,Agent Sari,"Hi, thanks for contacting LoopCycle and I'm sorry about this. I'm checking IG-20260811-0002 now."
LC-T-100035,2026-08-14 08:16:08,internal_note,Internal note (Customer Care),[Customer Care] Checked records; contacting courier/vendor.
LC-T-100035,2026-08-15 11:17:55,agent,Agent Sari,"Resolution: Correct colour shipped and the wrong bag left with the customer. A Rp 25,000 voucher was added. Please let us know if you need anything else."
LC-T-100035,2026-08-15 23:24:08,requester,Customer,"Great, thank you for the quick fix."
LC-T-100036,2026-06-03 15:13:49,requester,B2B contact,Our 20-tonne order was due on 01 Jun and has not been dispatched. Our line will stop on Monday without it.
LC-T-100036,2026-06-03 21:20:49,agent,Agent Hendra,We understand the urgency and are reviewing the lot records now.
LC-T-100036,2026-06-03 23:00:13,internal_note,Internal note (B2B Account Management),[B2B Account Management] Checked records; contacting courier/vendor.
LC-T-100036,2026-06-04 14:46:10,requester,B2B contact,I still have not heard back. Please advise.
LC-T-100036,2026-06-06 21:33:15,agent,Agent Hendra,"Resolution: Delivery rescheduled and a price credit applied. A price credit of Rp 4,200,000 was applied. Please let us know if you need anything else."
LC-T-100037,2026-09-18 13:10:55,requester,Customer,The gift set for order STR-20260918-0004 arrived without the story card that was advertised.
LC-T-100037,2026-09-18 16:21:55,agent,Agent Sari,"Hi, thanks for contacting LoopCycle and I'm sorry about this. I'm checking STR-20260918-0004 now."
LC-T-100037,2026-09-18 17:01:24,internal_note,Internal note (Customer Care),[Customer Care] Checked records; contacting courier/vendor.
LC-T-100037,2026-09-19 16:39:14,agent,Agent Sari,Resolution: Card posted separately with a personal note. Please let us know if you need anything else.
LC-T-100037,2026-09-19 22:16:48,requester,Customer,"Thanks, much appreciated!"
