call_id,call_start_wib,direction,queue,ivr_path,caller_type,caller_number_masked,wait_time_sec,talk_time_sec,hold_time_sec,agent,transfers,disposition,ticket_id,caller_sentiment,call_summary,qa_score,callback_required
LC-C-200015,2026-06-03 15:05:14,Inbound,B2B Desk,2>1,B2B customer,+62-8**-****-1950,64,326,0,Hendra,2,Ticket created,LC-T-100036,Frustrated,Caller reported: 20 t order not dispatched. Ticket LC-T-100036 created; agent promised an update within SLA.,80,No
LC-C-200013,2026-06-19 13:00:55,Inbound,Customer Care,1>1,Consumer,+62-8**-****-6638,137,543,60,Dian,2,Ticket created,LC-T-100031,Frustrated,Caller reported: parcel arrived damaged. Ticket LC-T-100031 created; agent promised an update within SLA.,75,No
LC-C-200014,2026-06-21 05:44:16,Inbound,Customer Care,1>3,Consumer,+62-8**-****-8011,278,154,240,Yusuf,2,Callback scheduled,LC-T-100031,Angry,Repeat contact asking for an update on LC-T-100031. Agent confirmed Logistics is working on it.,86,Yes
LC-C-200021,2026-06-21 09:42:49,Inbound,Customer Care,1>2,Corporate buyer,+62-8**-****-6936,161,402,30,Rani,0,Callback scheduled,,Neutral,Asked for bulk pricing on 100 totes for a company event; passed to sales.,76,Yes
LC-C-200001,2026-06-25 13:12:13,Inbound,Picker Hotline,1>1,Picker,+62-8**-****-1362,3,562,240,Wati,0,Ticket created,LC-T-100001,Neutral,Caller reported: still no picker id card. Ticket LC-T-100001 created; agent promised an update within SLA.,71,No
LC-C-200023,2026-06-27 11:20:58,Inbound,Picker Hotline,3>1,Picker,+62-8**-****-8605,76,322,0,Tono,1,Resolved on call,,Neutral,Asked the payment cut-off time; agent explained the same-day rule and the 15:00 bank cut-off.,64,No
LC-C-200002,2026-06-28 04:13:31,Inbound,Picker Hotline,1>2,Picker,+62-8**-****-9757,60,374,30,Wati,0,Callback scheduled,LC-T-100001,Angry,Repeat contact asking for an update on LC-T-100001. Agent confirmed Hub Operations is working on it.,68,Yes
LC-C-200003,2026-07-04 09:13:25,Inbound,Picker Hotline,1>2,Picker,+62-8**-****-8552,32,252,0,Wati,1,Ticket created,LC-T-100005,Neutral,Caller reported: bottles downgraded without explanation. Ticket LC-T-100005 created; escalated to Hub Operations.,68,No
LC-C-200004,2026-07-07 07:06:19,Inbound,Picker Hotline,1>3,Picker,+62-8**-****-4213,121,257,60,Wati,0,Callback scheduled,LC-T-100005,Angry,Repeat contact asking for an update on LC-T-100005. Agent confirmed Hub Operations is working on it.,64,Yes
LC-C-200012,2026-07-12 13:26:44,Inbound,Customer Care,1>1,Consumer,+62-8**-****-5073,69,614,60,Dian,0,Ticket created,LC-T-100030,Angry,Caller reported: parcel arrived damaged. Ticket LC-T-100030 created; agent promised an update within SLA.,74,No
LC-C-200024,2026-07-18 16:30:25,Inbound,Picker Hotline,2>1,Picker,+62-8**-****-8917,583,0,0,,0,Abandoned,,Neutral,Caller disconnected before reaching an agent.,,No
LC-C-200006,2026-07-23 15:37:11,Inbound,Customer Care,3>1,Consumer,+62-8**-****-3396,18,454,240,Dian,1,Ticket created,LC-T-100010,Frustrated,Caller reported: order not delivered after 8 days. Ticket LC-T-100010 created; agent promised an update within SLA.,70,No
LC-C-200025,2026-07-28 12:47:12,Inbound,B2B Desk,1>1,B2B customer,+62-8**-****-4956,31,229,60,Bagas,2,Callback scheduled,,Neutral,Asked for sample pellets and a spec sheet; forwarded to account manager.,73,Yes
LC-C-200017,2026-07-29 11:35:38,Inbound,Customer Care,1>2,Consumer,+62-8**-****-7183,86,226,30,Sari,0,Resolved on call,,Neutral,Asked where to buy the Loop Tote in Jakarta; agent shared marketplace and store links.,97,No
LC-C-200007,2026-07-30 13:19:38,Inbound,Customer Care,3>1,Consumer,+62-8**-****-9882,427,1263,120,Reza,2,Ticket created,LC-T-100015,Neutral,Caller reported: charged twice / payment pending. Ticket LC-T-100015 created; escalated to Finance.,69,No
LC-C-200020,2026-08-04 15:23:49,Inbound,Customer Care,1>1,Consumer,+62-8**-****-6901,442,0,0,,0,Abandoned,,Frustrated,Caller hung up after a long wait; no ticket created.,,No
LC-C-200022,2026-08-08 13:33:07,Inbound,Picker Hotline,2>1,Picker,+62-8**-****-3972,95,190,60,Wati,2,Resolved on call,,Neutral,Asked how to register as a picker at the nearest hub; agent explained documents needed.,68,No
LC-C-200010,2026-08-10 08:13:25,Inbound,Picker Hotline,1>2,Picker,+62-8**-****-5928,19,199,120,Maya,2,Ticket created,LC-T-100024,Angry,Caller reported: payment for delivery not received. Ticket LC-T-100024 created; agent promised an update within SLA.,89,No
LC-C-200008,2026-08-17 12:00:36,Inbound,Customer Care,1>2,Consumer,+62-8**-****-1653,6,550,120,Yusuf,2,Ticket created,LC-T-100018,Angry,Caller reported: order not delivered after 8 days. Ticket LC-T-100018 created; agent promised an update within SLA.,86,No
LC-C-200009,2026-08-20 05:37:00,Inbound,Customer Care,2>1,Consumer,+62-8**-****-9745,8,250,60,Yusuf,0,Callback scheduled,LC-T-100018,Angry,Repeat contact asking for an update on LC-T-100018. Agent confirmed Logistics is working on it.,82,Yes
LC-C-200011,2026-08-27 14:07:09,Inbound,Customer Care,1>1,Consumer,+62-8**-****-6963,56,192,0,Yusuf,0,Ticket created,LC-T-100027,Frustrated,Caller reported: order not delivered after 8 days. Ticket LC-T-100027 created; agent promised an update within SLA.,64,No
LC-C-200018,2026-09-06 16:40:37,Inbound,Customer Care,2>1,Consumer,+62-8**-****-4847,77,128,30,Bagas,0,Resolved on call,,Neutral,Asked about the batik drop time and stock; agent confirmed the Friday 10:00 WIB opening.,87,No
LC-C-200026,2026-09-18 09:37:21,Inbound,Customer Care,1>2,Consumer,+62-8**-****-2526,17,122,0,Bagas,2,Resolved on call,,Satisfied,Upset about a late parcel but the courier delivered during the call; no ticket needed.,81,No
LC-C-200016,2026-09-18 13:00:08,Inbound,Customer Care,1>2,Consumer,+62-8**-****-1798,31,386,30,Sari,0,Ticket created,LC-T-100037,Frustrated,Caller reported: gift set arrived without story card. Ticket LC-T-100037 created; agent promised an update within SLA.,94,No
LC-C-200005,2026-09-23 09:32:22,Inbound,Picker Hotline,3>1,Picker,+62-8**-****-9559,6,478,0,Maya,0,Ticket created,LC-T-100008,Frustrated,Caller reported: payment for delivery not received. Ticket LC-T-100008 created; escalated to Finance.,69,No
LC-C-200019,2026-09-24 14:21:31,Inbound,Customer Care,1>1,Consumer,+62-8**-****-2887,121,237,0,Rani,2,Resolved on call,,Satisfied,Wanted to change the delivery address after ordering; agent updated it before dispatch.,87,No
